sample_id,word_index,word,supported,old_zero_filled_F0_hz,new_conditional_F0_hz,voiced_fraction,pitch_valid,start_median_s,end_median_s
-3g5yACwYnA$_$13,0,they've,True,107.63710804666545,107.63776439633139,0.999993902236175,True,1.46246875,1.6024687499999999
-3g5yACwYnA$_$13,1,been,True,105.09631921292775,105.09631921292775,1.0,True,1.6024687499999999,1.70246875
-3g5yACwYnA$_$13,2,able,True,103.08092138676359,103.0809213867636,0.9999999999999999,True,1.72246875,1.92246875
-3g5yACwYnA$_$13,3,to,True,9.501206071886592,101.74747946932641,0.09338025984959068,True,1.94246875,2.02246875
-3g5yACwYnA$_$13,4,find,True,0.0,0.0,0.0,False,2.1624687500000004,2.4024687499999997
-3g5yACwYnA$_$13,5,solutions,True,71.4767676322796,103.28262221830458,0.6920502800674624,True,2.4424687499999997,2.96246875
-3g5yACwYnA$_$13,6,or,False,0.0,0.0,0.0,False,3.0024687500000002,3.0824687500000003
-3g5yACwYnA$_$13,7,at,True,0.0,0.0,0.0,False,3.1224687500000003,3.22246875
-3g5yACwYnA$_$13,8,least,True,0.0,0.0,0.0,False,3.26246875,3.4024687499999997
-3g5yACwYnA$_$13,9,bring,True,92.7138065769267,103.69279161418059,0.8941200746325316,True,3.46246875,3.72246875
-3g5yACwYnA$_$13,10,some,True,62.03761384843212,99.83641385014646,0.6213926507972333,True,3.80246875,3.98246875
-3g5yACwYnA$_$13,11,answers,True,39.31515970973695,102.44827705953597,0.38375618251627264,True,4.042468749999999,4.3224687500000005
-3g5yACwYnA$_$13,12,to,True,0.0,0.0,0.0,False,4.36246875,4.42246875
-3g5yACwYnA$_$13,13,the,True,0.0,0.0,0.0,False,4.46246875,4.542468749999999
-3g5yACwYnA$_$13,14,table,True,0.0,0.0,0.0,False,4.58246875,4.88246875
-3g5yACwYnA$_$3,0,we're,True,59.63721522007297,85.26342242254745,0.6994466504584295,True,0.60246875,0.98246875
-3g5yACwYnA$_$3,1,a,True,113.82479987993415,113.83927180078301,0.9998728740915157,True,1.22246875,1.24246875
-3g5yACwYnA$_$3,2,huge,True,87.86232787499799,118.09405887545209,0.7440029474104366,True,1.3624687500000001,1.80246875
-3g5yACwYnA$_$3,3,user,True,104.51642907939082,113.9698682870051,0.9170531707222112,True,2.6224687500000003,2.8624687499999997
-3g5yACwYnA$_$3,4,of,True,106.05672411579592,106.05672411579593,0.9999999999999999,True,2.96246875,3.02246875
-3g5yACwYnA$_$3,5,adhesives,True,63.49200262407815,114.60975666521941,0.5539842721204036,True,3.06246875,3.5824687500000003
-3g5yACwYnA$_$3,6,for,True,89.26595245252365,100.40627190027274,0.8890475740518076,True,4.2024687499999995,4.38246875
-3g5yACwYnA$_$3,7,our,True,105.81676903130375,107.30813761240077,0.9861019992119902,True,4.542468749999999,4.64246875
-3g5yACwYnA$_$3,8,operation,True,89.97296489123391,108.8510741264047,0.8265693803512831,True,4.72246875,5.18246875
-3g5yACwYnA$_$3,9,called,True,0.0,0.0,0.0,False,5.64246875,5.8224687500000005
-3g5yACwYnA$_$3,10,flocking,True,0.0,0.0,0.0,False,5.84246875,6.28246875
-3g5yACwYnA$_$3,11,and,True,23.654035335468205,51.27121163371998,0.46135120629588267,True,6.50246875,6.76246875
-3g5yACwYnA$_$3,12,we,True,114.04601419192517,114.05265136131301,0.9999418060929877,True,7.02246875,7.08246875
-3g5yACwYnA$_$3,13,don't,True,107.5883125253603,107.5883125253603,1.0,True,7.1224687499999995,7.26246875
-3g5yACwYnA$_$3,14,have,True,106.89343632665948,106.89343632665948,1.0,True,7.26246875,7.38246875
-3g5yACwYnA$_$3,15,the,True,103.79636625313196,103.79636625313196,1.0000000000000002,True,7.38246875,7.44246875
-3g5yACwYnA$_$3,16,technical,True,72.58494635004038,109.19690188280332,0.6647161695845815,True,7.48246875,7.92246875
-3g5yACwYnA$_$3,17,inside,False,0.0,0.0,0.0,False,8.36246875,8.68246875
-3g5yACwYnA$_$3,18,compounding,True,50.371235258330465,106.78664114221293,0.4716997811669032,True,9.382468750000001,10.00246875
-3g5yACwYnA$_$3,19,or,True,117.60965246787795,117.60965246787795,1.0,True,10.16246875,10.26246875
-3g5yACwYnA$_$3,20,the,True,10.27143867408391,109.05282124315494,0.09418773908821393,True,10.30246875,10.382468750000001
-3g5yACwYnA$_$3,21,technical,True,0.0,0.0,0.0,False,10.42246875,10.78246875
-3g5yACwYnA$_$3,22,expertise,True,0.0,0.0,0.0,False,10.82246875,11.28246875
-3g5yACwYnA$_$3,23,to,True,55.3445289007797,102.33738708496094,0.5408045923122156,True,11.30246875,11.36246875
-3g5yACwYnA$_$3,24,do,True,107.4436876024604,107.44368760246039,1.0000000000000002,True,11.40246875,11.46246875
-3g5yACwYnA$_$3,25,these,True,64.52895994163752,108.03305150340935,0.5973075743361844,True,11.54246875,11.72246875
-3g5yACwYnA$_$3,26,types,True,0.0,0.0,0.0,False,11.74246875,11.96246875
-3g5yACwYnA$_$3,27,of,True,0.0,0.0,0.0,False,11.98246875,12.06246875
-3g5yACwYnA$_$3,28,things,True,90.63260628550076,115.7862973252301,0.7827576179495958,True,12.08246875,12.36246875
-3g5yACwYnA$_$2,0,key,False,81.89789353853082,147.77980955349432,0.5541886526040276,False,2.92246875,3.02246875
-3g5yACwYnA$_$2,1,polymer,False,127.01816884758223,127.01816884758223,1.0,False,3.06246875,3.34246875
-3g5yACwYnA$_$2,2,brings,True,93.62427419798995,109.85206537840638,0.852275957447712,True,3.38246875,3.60246875
-3g5yACwYnA$_$2,3,a,True,0.0,0.0,0.0,False,3.64246875,3.6624687500000004
-3g5yACwYnA$_$2,4,technical,True,0.0,0.0,0.0,False,3.72246875,4.18246875
-3g5yACwYnA$_$2,5,aspect,True,0.0,0.0,0.0,False,4.34246875,4.68246875
-3g5yACwYnA$_$2,6,to,True,65.11780523410259,115.92008896922883,0.5617473710824032,True,4.72246875,4.8224687500000005
-3g5yACwYnA$_$2,7,our,False,77.94099095850343,118.10371406525185,0.6599368324305308,False,5.84246875,5.94246875
-3g5yACwYnA$_$2,8,operation,True,113.71448198631442,119.32779338312493,0.952958893836343,True,6.00246875,6.42246875
-3g5yACwYnA$_$2,9,that,True,84.75975057639519,110.34063113401042,0.7681644531600798,True,6.50246875,6.64246875
-3g5yACwYnA$_$2,10,we,True,111.15641013446469,111.15848433862396,0.9999813401183759,True,6.68246875,6.7424687500000005
-3g5yACwYnA$_$2,11,don't,True,100.12777102278775,111.10502104070704,0.9011993345116474,True,6.80246875,7.00246875
-3g5yACwYnA$_$2,12,have,True,108.47459278788334,108.47459278788334,1.0,True,7.042468749999999,7.2024687499999995
-3g5yACwYnA$_$2,13,internally,True,91.40971614603357,112.70242495903166,0.8110714226358645,True,7.2424687500000005,7.66246875
-3g5yACwYnA$_$9,0,we,True,117.48319071004062,117.4843721383845,0.9999899439532053,True,0.8024687500000001,0.88246875
-3g5yACwYnA$_$9,1,have,True,103.61997664193582,103.61997664193582,1.0,True,0.94246875,1.06246875
-3g5yACwYnA$_$9,2,many,True,107.19200308197817,107.19200308197817,1.0,True,1.1024687499999999,1.28246875
-3g5yACwYnA$_$9,3,new,True,115.97831713358906,115.97831713358903,1.0000000000000002,True,1.68246875,1.82246875
-3g5yACwYnA$_$9,4,opportunities,True,102.22369503487647,121.65890800952091,0.8402483361668555,True,1.90246875,2.48246875
-3g5yACwYnA$_$9,5,through,True,101.05379577472264,112.21760256993564,0.9005164382454567,True,2.5024687500000002,2.7824687499999996
-3g5yACwYnA$_$9,6,the,True,46.11681298501087,113.61313670491789,0.40591092124133427,True,3.34246875,3.42246875
-3g5yACwYnA$_$9,7,way,True,109.04524501228084,109.04524501228084,1.0,True,3.46246875,3.60246875
-3g5yACwYnA$_$9,8,things,True,113.1933472557046,113.1933472557046,1.0,True,3.68246875,3.88246875
-3g5yACwYnA$_$9,9,have,True,104.61095946027436,104.61095946027437,0.9999999999999999,True,3.88246875,4.00246875
-3g5yACwYnA$_$9,10,changed,True,69.42641218191574,111.06374718897372,0.6251041761069656,True,4.00246875,4.30246875
-3g5yACwYnA$_$9,11,through,True,106.16782022948809,111.9200309931078,0.9486042783174895,True,4.30246875,4.44246875
-3g5yACwYnA$_$9,12,the,True,107.78238035682725,107.78238035682725,1.0,True,4.46246875,4.542468749999999
-3g5yACwYnA$_$9,13,years,True,99.40679683290685,109.93880469458864,0.9042011790928612,True,4.58246875,4.92246875
-3g5yACwYnA$_$9,14,looking,True,99.88890681016666,109.8409487660743,0.909395884979997,True,5.64246875,5.86246875
-3g5yACwYnA$_$9,15,for,True,55.815810919985346,106.7971347907013,0.5226339735553014,True,5.902468750000001,6.00246875
-3g5yACwYnA$_$9,16,new,True,107.89634682843086,107.89634682843085,1.0000000000000002,True,6.06246875,6.16246875
-3g5yACwYnA$_$9,17,niche,True,65.14645959229834,107.22712677748763,0.6075557701689333,True,6.2424687500000005,6.542468749999999
-3g5yACwYnA$_$9,18,high,True,62.47432713145199,103.65880342293353,0.6026919573492794,True,6.64246875,6.86246875
-3g5yACwYnA$_$9,19,end,True,105.04968883958556,105.04968883958553,1.0000000000000002,True,6.902468750000001,7.02246875
-3g5yACwYnA$_$9,20,value,True,104.24888952746043,104.24888952746043,1.0,True,7.06246875,7.38246875
-3g5yACwYnA$_$9,21,added,False,28.386484875465012,104.57197821656258,0.27145402965102394,False,7.42246875,7.60246875
-3g5yACwYnA$_$9,22,products,True,0.0,0.0,0.0,False,7.6224687499999995,8.12246875
-3nNcZdcdvU$_$5,0,noncompliance,True,248.80922938654277,292.6595601759626,0.8501660743183831,True,0.56246875,1.58246875
-3nNcZdcdvU$_$5,1,can,True,213.43623580609983,267.6224923414522,0.7975272703677776,True,1.66246875,1.90246875
-3nNcZdcdvU$_$5,2,result,False,210.24327576237496,218.64694965586096,0.9615650988650289,False,1.98246875,2.5024687500000002
-3nNcZdcdvU$_$5,3,in,False,174.4321923804855,174.4321923804855,1.0,False,2.6624687500000004,2.7424687499999996
-3nNcZdcdvU$_$5,4,legal,True,217.37436869854284,235.47910197648957,0.923115329020771,True,2.8224687499999996,3.0824687500000003
-3nNcZdcdvU$_$5,5,liability,True,180.03844918091548,180.03844918091548,1.0,True,3.14246875,3.7824687499999996
-3nNcZdcdvU$_$5,6,to,True,101.0953254056652,231.19410671299184,0.43727466431991113,True,3.98246875,4.10246875
-3nNcZdcdvU$_$5,7,you,True,167.33087146024533,167.33087146024533,1.0,True,4.28246875,4.46246875
-3nNcZdcdvU$_$5,8,and,True,288.0352750144324,288.0352750144324,1.0,True,5.00246875,5.18246875
-3nNcZdcdvU$_$5,9,to,True,134.08511799784554,268.1182889242138,0.5000968734204699,True,5.2424687500000005,5.3224687500000005
-3nNcZdcdvU$_$5,10,the,True,220.1311792999325,220.13117929993254,0.9999999999999998,True,5.38246875,5.46246875
-3nNcZdcdvU$_$5,11,school,True,143.01038646568637,190.6767583051091,0.750014777557997,True,5.52246875,5.76246875
-3nNcZdcdvU$_$5,12,district,True,134.1299566157846,172.27651278066585,0.7785736688700705,True,5.80246875,6.16246875
-3nNcZdcdvU$_$5,13,in,True,168.42751953631753,168.42751953631753,1.0,True,6.18246875,6.2424687500000005
-3nNcZdcdvU$_$5,14,which,True,132.74425692104484,161.9413449775588,0.8197057826056714,True,6.26246875,6.44246875
-3nNcZdcdvU$_$5,15,you,True,147.00618845072515,158.99721782102085,0.9245834013033252,True,6.48246875,6.58246875
-3nNcZdcdvU$_$5,16,are,True,141.8504651405433,141.85046514054326,1.0000000000000002,True,6.66246875,6.76246875
-3nNcZdcdvU$_$5,17,employed,True,48.49956401351841,93.32765913802416,0.5196697791572317,True,6.78246875,7.28246875
-HwX2H8Z4hY$_$2,0,look,False,0.021363248036775032,64.14313644016121,0.00033305586883336605,False,2.7024687500000004,2.84246875
-HwX2H8Z4hY$_$2,1,at,True,0.0,0.0,0.0,False,2.8624687499999997,2.92246875
-HwX2H8Z4hY$_$2,2,the,True,0.0,0.0,0.0,False,2.9424687499999997,3.0024687500000002
-HwX2H8Z4hY$_$2,3,record,True,40.86444427596752,68.17974249578518,0.5993634293719096,True,3.06246875,3.38246875
-HwX2H8Z4hY$_$5,0,president,True,202.91422213188628,243.4981753260737,0.8333295387538712,True,0.76246875,1.24246875
-HwX2H8Z4hY$_$5,1,ronald,True,148.96011065684291,148.97310970289104,0.9999127423326664,True,1.32246875,1.6024687499999999
-HwX2H8Z4hY$_$5,2,reagan,True,130.29461990326683,130.2946199032668,1.0000000000000002,True,1.70246875,2.06246875
-HwX2H8Z4hY$_$5,3,blamed,True,112.74817162273061,126.0158417778085,0.8947142679213975,True,2.18246875,2.56246875
-HwX2H8Z4hY$_$5,4,the,True,0.0,0.0,0.0,False,2.6224687500000003,2.72246875
-HwX2H8Z4hY$_$5,5,professional,True,92.2251082954475,145.67708915459338,0.6330790162726115,True,2.76246875,3.38246875
-HwX2H8Z4hY$_$5,6,bureaucracy,True,91.47309311471135,143.74154777061887,0.6363719782723022,True,3.4424687499999997,4.10246875
-HwX2H8Z4hY$_$5,7,of,True,153.0912816166878,153.0912816166878,1.0,True,4.28246875,4.36246875
-HwX2H8Z4hY$_$5,8,education,True,79.67631609677719,140.56081612074615,0.5668458557350203,True,4.42246875,5.02246875
-HwX2H8Z4hY$_$6,0,and,True,124.23321052751596,124.23321052751594,1.0000000000000002,True,0.56246875,0.64246875
-HwX2H8Z4hY$_$6,1,in,True,114.32202007010298,114.32202007010295,1.0000000000000002,True,0.6624687499999999,0.74246875
-HwX2H8Z4hY$_$6,2,part,True,0.005746321801662413,83.12378692626955,6.912969216331995e-05,False,0.8024687500000001,1.16246875
-HwX2H8Z4hY$_$6,3,al,True,130.75981238101744,138.1952604664733,0.9461960702533665,True,1.48246875,1.62246875
-HwX2H8Z4hY$_$6,4,shanker,False,121.52166628218174,156.82650931253053,0.7748796221690314,False,1.72246875,2.1224687500000003
-HwX2H8Z4hY$_$6,5,did,True,110.30362689864461,115.75193134022699,0.9529312005553644,True,2.26246875,2.42246875
-HwX2H8Z4hY$_$6,6,too,True,48.2015583728548,94.70861750967552,0.5089458556179481,True,2.5024687500000002,2.7424687499999996
-HwX2H8Z4hY$_$9,0,it,True,0.0,0.0,0.0,False,0.54246875,0.62246875
-HwX2H8Z4hY$_$9,1,is,True,0.0,0.0,0.0,False,0.6624687499999999,0.74246875
-HwX2H8Z4hY$_$9,2,a,True,0.0,0.0,0.0,False,0.8024687500000001,0.82246875
-HwX2H8Z4hY$_$9,3,word,True,165.36852495778498,165.4061060188305,0.9997727952011563,True,0.90246875,1.20246875
-HwX2H8Z4hY$_$9,4,which,False,118.30815532256489,178.41955241633556,0.6630896318274416,False,3.0024687500000002,3.1624687500000004
-HwX2H8Z4hY$_$9,5,the,False,0.0,0.0,0.0,False,3.2024687500000004,3.2824687499999996
-HwX2H8Z4hY$_$9,6,administrator,False,109.56733180790454,164.69787938562573,0.6652625535715744,False,3.3224687499999996,3.9424687499999997
-HwX2H8Z4hY$_$9,7,uses,True,72.90168083282676,162.77896880986395,0.44785687835374166,True,4.02246875,4.26246875
-HwX2H8Z4hY$_$9,8,when,True,131.3642300864485,140.1271144194506,0.9374647485655656,True,4.30246875,4.42246875
-HwX2H8Z4hY$_$9,9,he,True,137.39537048339847,137.39537048339844,1.0000000000000002,True,4.44246875,4.48246875
-HwX2H8Z4hY$_$9,10,turns,True,89.92251275806181,168.714127772134,0.5329874501056102,True,4.542468749999999,4.84246875
-HwX2H8Z4hY$_$9,11,around,True,144.06996448125605,144.0890083713411,0.9998678324578654,True,4.86246875,5.1224687499999995
-HwX2H8Z4hY$_$9,12,anything,True,75.54567434924033,160.62015007392947,0.4703374658439089,True,5.16246875,5.50246875
-HwX2H8Z4hY$_$9,13,which,True,94.2680354079311,150.8487691184082,0.6249174982258936,True,5.50246875,5.64246875
-HwX2H8Z4hY$_$9,14,he,True,105.58023167364563,149.1695050093324,0.7077869680337163,True,5.68246875,5.72246875
-HwX2H8Z4hY$_$9,15,doesn't,True,147.39730352123252,163.4107974236686,0.9020046768334498,True,5.76246875,6.02246875
-HwX2H8Z4hY$_$9,16,like,True,110.64747022129279,149.98612228184572,0.7377180537634683,True,6.042468749999999,6.2424687500000005
-HwX2H8Z4hY$_$9,17,that,False,0.0,0.0,0.0,False,6.2424687500000005,6.3224687500000005
-HwX2H8Z4hY$_$9,18,the,False,0.0,0.0,0.0,False,6.34246875,6.402468750000001
-HwX2H8Z4hY$_$9,19,teacher,True,22.716119225691,137.64427014758851,0.16503497894488256,True,6.42246875,6.7424687500000005
-HwX2H8Z4hY$_$9,20,is,True,101.43117075266927,128.06535241105152,0.7920266398604481,True,6.78246875,6.84246875
-HwX2H8Z4hY$_$9,21,doing,True,136.7163957222649,141.0718200108078,0.9691261919764753,True,6.88246875,7.1224687499999995
-NFrJFQijFE$_$1,0,structural,False,0.0,0.0,0.0,False,0.48246875,1.00246875
-NFrJFQijFE$_$1,1,mounts,False,0.0,0.0,0.0,False,1.00246875,1.28246875
-NFrJFQijFE$_$1,2,inside,False,0.0,0.0,0.0,False,1.30246875,1.66246875
-NFrJFQijFE$_$1,3,have,False,0.0,0.0,0.0,False,1.66246875,1.92246875
-NFrJFQijFE$_$1,4,to,False,0.045502214192518695,287.78671264648443,0.00015811089321699631,False,2.02246875,2.14246875
-NFrJFQijFE$_$1,5,be,False,0.5138723575622259,288.3085555261115,0.0017823694361913782,False,2.18246875,2.26246875
-NFrJFQijFE$_$1,6,properly,False,32.15345720662804,287.75829751212564,0.1117377239322635,False,2.3624687499999997,2.8624687499999997
-NFrJFQijFE$_$1,7,stress,False,225.42073906627544,287.1114817573496,0.7851331395265769,False,2.9424687499999997,3.30246875
-NFrJFQijFE$_$1,8,analyzed,False,241.040100372967,284.4132103641223,0.8474996645351792,False,3.3624687499999997,3.7824687499999996
-NFrJFQijFE$_$1,9,so,False,116.97868888234387,281.43493214611937,0.41565092147697297,False,3.80246875,4.00246875
-NFrJFQijFE$_$1,10,we,False,23.426266003823137,281.93572035211696,0.08309080514723519,False,4.02246875,4.1224687499999995
-NFrJFQijFE$_$1,11,make,False,3.2087930977634542,282.05897619491026,0.011376319736572016,False,4.16246875,4.402468750000001
-NFrJFQijFE$_$1,12,sure,False,0.03222210874366984,281.79985937914927,0.0001143439489808844,False,4.46246875,4.7424687500000005
-NFrJFQijFE$_$1,13,all,False,0.0,0.0,0.0,False,4.76246875,4.902468750000001
-NFrJFQijFE$_$1,14,that,False,0.0,0.0,0.0,False,4.92246875,5.08246875
-NFrJFQijFE$_$1,15,happens,False,0.0,0.0,0.0,False,5.10246875,5.56246875
-NFrJFQijFE$_$2,0,so,False,75.5328115236085,119.48858321689556,0.6321341293879217,False,3.0024687500000002,3.5424687500000003
-NFrJFQijFE$_$2,1,we,False,109.3672597018545,146.22857094076574,0.7479199105772358,False,3.6224687500000003,3.6624687500000004
-NFrJFQijFE$_$2,2,coordinate,False,104.93920926748855,278.4955720953641,0.37680746044879543,False,3.68246875,4.16246875
-NFrJFQijFE$_$2,3,with,False,128.67461725319654,226.1704633222266,0.5689275927682607,False,4.2024687499999995,4.3224687500000005
-NFrJFQijFE$_$2,4,all,False,7.593644038921537,186.40463262781466,0.04073742123181782,False,4.34246875,4.44246875
-NFrJFQijFE$_$2,5,the,False,105.7617202409882,196.81152540406868,0.537375644154231,False,4.46246875,4.56246875
-NFrJFQijFE$_$2,6,proper,False,166.40888363037442,177.13747871181113,0.9394335114202946,False,4.56246875,4.96246875
-NFrJFQijFE$_$2,7,technical,False,5.8117649358377825,175.43695619634232,0.033127369864610956,False,4.96246875,5.34246875
-NFrJFQijFE$_$2,8,fields,False,13.44678769657403,122.67573279789288,0.10961245056287934,False,5.36246875,5.56246875
-NFrJFQijFE$_$2,9,to,False,123.35411999150938,123.36603489012126,0.9999034183223731,False,5.56246875,5.6224687499999995
-NFrJFQijFE$_$2,10,get,False,124.94005523485015,124.94005523485015,1.0,False,5.64246875,5.7024687499999995
-NFrJFQijFE$_$2,11,ready,False,124.85585777905163,124.85585777905163,1.0,False,5.7424687500000005,5.94246875
-NFrJFQijFE$_$2,12,for,False,126.33117622692146,126.33117622692146,1.0,False,5.96246875,6.02246875
-NFrJFQijFE$_$2,13,the,False,112.8529900590399,160.40015082571412,0.7035715956505708,False,6.02246875,6.10246875
-NFrJFQijFE$_$2,14,instrument,False,143.15867634630894,187.83772771023013,0.7621401626363059,False,6.10246875,6.34246875
-NFrJFQijFE$_$2,15,to,False,211.28224489986846,211.28224489986846,1.0,False,6.36246875,6.402468750000001
-NFrJFQijFE$_$2,16,arrive,False,108.73540860284565,235.78005812311437,0.46117305029278016,False,6.44246875,6.60246875
-NFrJFQijFE$_$2,17,here,False,0.08438670212166403,243.40069580078125,0.0003466986889418464,False,6.60246875,6.6983125
-THoVjtIkeU$_$12,0,what,False,195.56842321431608,195.56842321431608,0.9999999999999999,False,1.64246875,1.76246875
-THoVjtIkeU$_$12,1,ever,False,200.68591910729225,200.68591910729225,1.0,False,1.80246875,1.94246875
-THoVjtIkeU$_$12,2,we,True,204.9459002152755,204.94590021527551,0.9999999999999999,True,2.0024687500000002,2.06246875
-THoVjtIkeU$_$12,3,turn,True,137.11451110762476,175.63353502783744,0.7806852551586603,True,2.1224687500000003,2.30246875
-THoVjtIkeU$_$12,4,our,True,160.49886475762244,160.49886475762244,1.0,True,2.34246875,2.4424687499999997
-THoVjtIkeU$_$12,5,attention,True,144.9462596009109,170.42990725512402,0.85047432070672,True,2.4424687499999997,2.84246875
-THoVjtIkeU$_$12,6,to,True,150.92080742687537,249.9032481270733,0.6039169500915555,True,2.92246875,3.0424687500000003
-THoVjtIkeU$_$12,7,is,True,0.0,0.0,0.0,False,3.22246875,3.30246875
-THoVjtIkeU$_$12,8,what,True,0.0,0.0,0.0,False,3.34246875,3.48246875
-THoVjtIkeU$_$12,9,grows,True,0.0,0.0,0.0,False,3.52246875,3.9024687499999997
-THoVjtIkeU$_$12,10,and,True,0.0,0.0,0.0,False,4.36246875,4.46246875
-THoVjtIkeU$_$12,11,so,True,0.0,0.0,0.0,False,4.542468749999999,4.6224687499999995
-THoVjtIkeU$_$12,12,if,True,0.0,0.0,0.0,False,4.72246875,4.80246875
-THoVjtIkeU$_$12,13,we,True,205.63333927490342,205.63333927490342,1.0,True,4.88246875,4.96246875
-THoVjtIkeU$_$12,14,believe,True,131.8967884846186,166.39806988582603,0.7926581634938408,True,5.042468749999999,5.58246875
-THoVjtIkeU$_$12,15,that,True,0.0,0.0,0.0,False,5.64246875,5.76246875
-THoVjtIkeU$_$12,16,anything,True,171.40628076841924,171.40628076841918,1.0000000000000002,True,5.8224687500000005,6.14246875
-THoVjtIkeU$_$12,17,is,True,116.25982800206177,146.75796752172795,0.7921875041288586,True,6.16246875,6.22246875
-THoVjtIkeU$_$12,18,possible,True,0.0,0.0,0.0,False,6.28246875,6.72246875
-THoVjtIkeU$_$12,19,if,True,0.0,0.0,0.0,False,6.7424687500000005,6.8224687500000005
-THoVjtIkeU$_$12,20,we,True,185.10061514758286,185.1006151475829,0.9999999999999999,True,6.902468750000001,7.02246875
-THoVjtIkeU$_$12,21,believe,True,168.2119805313615,173.53538363851197,0.9693238174513185,True,7.542468749999999,8.16246875
-THoVjtIkeU$_$12,22,that,True,101.50484982105779,156.5981777891823,0.648186659985961,True,8.54246875,8.86246875
-THoVjtIkeU$_$12,23,social,True,150.0444776296043,183.65152789710186,0.8170064216055569,True,9.46246875,9.72246875
-THoVjtIkeU$_$12,24,justice,True,96.9493969557198,161.96785802203306,0.5985718286311562,True,9.76246875,10.142468749999999
-THoVjtIkeU$_$12,25,can,True,153.1409834224324,180.59769566249796,0.8479675383490118,True,10.16246875,10.34246875
-THoVjtIkeU$_$12,26,be,True,165.23841030413448,165.2384103041345,0.9999999999999998,True,10.40246875,10.46246875
-THoVjtIkeU$_$12,27,achieved,True,23.340295755373553,152.07748102549434,0.15347634375572525,True,10.52246875,10.96246875
-THoVjtIkeU$_$12,28,and,True,180.52550985952286,181.44267269834756,0.9949451646341789,True,11.00246875,11.06246875
-THoVjtIkeU$_$12,29,if,True,166.72961710102132,166.72961710102135,0.9999999999999999,True,11.08246875,11.142468749999999
-THoVjtIkeU$_$12,30,we,True,180.37488821653298,180.38119151666916,0.9999650556685917,True,11.18246875,11.24246875
-THoVjtIkeU$_$12,31,believe,True,171.62855412174895,175.03216900532757,0.9805543466499861,True,11.30246875,11.82246875
-THoVjtIkeU$_$12,32,in,True,165.17532501362837,165.17532501362837,1.0,True,11.92246875,12.02246875
-THoVjtIkeU$_$12,33,youth,True,140.39261502540327,180.32564463700297,0.7785504680047854,True,12.10246875,12.42246875
-THoVjtIkeU$_$12,34,they,True,167.82644695262837,167.82644695262837,1.0,True,13.10246875,13.22246875
-THoVjtIkeU$_$12,35,will,True,161.31437365462438,161.31437365462438,0.9999999999999999,True,13.22246875,13.34246875
-THoVjtIkeU$_$12,36,believe,True,142.89377948618505,150.7792083322081,0.9477021471776846,True,13.34246875,13.58246875
-THoVjtIkeU$_$12,37,in,True,0.0,0.0,0.0,False,13.60246875,13.642468749999999
-THoVjtIkeU$_$12,38,themselves,True,0.0,0.0,0.0,False,13.66246875,14.20246875
-THoVjtIkeU$_$2,0,i,True,0.0,0.0,0.0,False,0.08246875000000001,0.10246875
-THoVjtIkeU$_$2,1,think,True,272.33398705223664,321.98449753677613,0.8457984441351293,True,0.16246875,0.42246875
-THoVjtIkeU$_$2,2,social,True,210.42237803233596,235.37104994365728,0.89400280146053,True,1.18246875,1.44246875
-THoVjtIkeU$_$2,3,justice,True,189.60392603667552,189.60392603667552,1.0,True,1.48246875,1.80246875
-THoVjtIkeU$_$2,4,is,True,164.6819459441857,164.6819459441857,1.0,True,1.84246875,1.90246875
-THoVjtIkeU$_$2,5,extremely,True,147.03503658599976,196.03738542490922,0.7500356948104704,True,1.94246875,2.34246875
-THoVjtIkeU$_$2,6,important,True,77.48109305814079,149.33655399246712,0.5188354156213428,True,2.4024687499999997,2.80246875
-THoVjtIkeU$_$2,7,for,True,129.88230493212282,161.9621160996445,0.8019301553964318,True,2.8624687499999997,3.0024687500000002
-THoVjtIkeU$_$2,8,young,True,147.5395697218999,147.53956972189994,0.9999999999999999,True,3.0824687500000003,3.26246875
-THoVjtIkeU$_$2,9,people,True,81.95953283879031,120.72913414819745,0.6788712055052373,True,3.30246875,3.64246875
-THoVjtIkeU$_$6,0,you,False,165.67033150358608,165.92524220096658,0.998463701520039,False,0.50246875,0.58246875
-THoVjtIkeU$_$6,1,know,False,161.40277487673512,161.4027748767351,1.0000000000000002,False,0.58246875,0.70246875
-THoVjtIkeU$_$6,2,that,False,51.643550755539856,153.88181448144138,0.3356052885753321,False,0.70246875,0.78246875
-THoVjtIkeU$_$6,3,i,False,0.0,0.0,0.0,False,0.82246875,0.84246875
-THoVjtIkeU$_$6,4,think,False,123.46558105630349,164.81964237717904,0.749095067041588,False,0.88246875,1.12246875
-THoVjtIkeU$_$6,5,listening,True,180.2465545787522,209.11822462131892,0.8619361363896002,True,1.46246875,1.90246875
-THoVjtIkeU$_$6,6,to,True,113.39633061536922,170.0773375334842,0.6667339238718043,True,1.92246875,1.98246875
-THoVjtIkeU$_$6,7,young,True,151.47152694597332,151.47152694597332,1.0,True,2.06246875,2.2424687499999996
-THoVjtIkeU$_$6,8,people,True,74.68271206314627,142.20386476435536,0.5251806073407518,True,2.2824687499999996,2.60246875
-THoVjtIkeU$_$6,9,taking,True,166.82072427960472,192.35413605757512,0.8672583168665123,True,2.68246875,3.0424687500000003
-THoVjtIkeU$_$6,10,in,True,170.14816390738272,170.14816390738272,1.0,True,3.06246875,3.14246875
-THoVjtIkeU$_$6,11,what,True,131.49404820774092,165.03079857275446,0.7967848992124418,True,3.2024687500000004,3.3624687499999997
-THoVjtIkeU$_$6,12,they,True,159.1211059828196,169.78852519783166,0.9371723194922464,True,3.4024687499999997,3.52246875
-THoVjtIkeU$_$6,13,have,True,47.09568374273021,147.62255634698576,0.3190276940607379,True,3.5824687500000003,3.7424687499999996
-THoVjtIkeU$_$6,14,to,True,143.03271509545849,157.9225007839169,0.9057146029568524,True,3.76246875,3.84246875
-THoVjtIkeU$_$6,15,say,True,32.181240607647176,192.13498967101535,0.16749286875206726,True,3.92246875,4.1224687499999995
-THoVjtIkeU$_$6,16,because,True,138.63767559044038,170.6001380629437,0.8126469132122823,True,4.2024687499999995,4.48246875
-THoVjtIkeU$_$6,17,what,True,178.64020207117673,246.87821409923737,0.7235964612064512,True,4.86246875,4.98246875
-THoVjtIkeU$_$6,18,we,False,150.175614875773,227.7877689796041,0.6592786590276477,False,5.00246875,5.08246875
-THoVjtIkeU$_$6,19,have,False,163.4166057536409,201.8789859552885,0.809478039432167,False,5.08246875,5.16246875
-THoVjtIkeU$_$6,20,seen,True,158.91163115991557,208.20948590061892,0.763229544862169,True,5.2424687500000005,5.44246875
-THoVjtIkeU$_$6,21,all,True,177.20280396088825,177.20280396088825,1.0,True,5.56246875,5.66246875
-THoVjtIkeU$_$6,22,around,True,163.48343835098828,163.48343835098825,1.0000000000000002,True,5.7024687499999995,5.94246875
-THoVjtIkeU$_$6,23,the,True,153.84551832543787,153.84551832543787,1.0,True,5.94246875,6.02246875
-THoVjtIkeU$_$6,24,world,True,158.62937291338048,158.63504177415655,0.9999642647632411,True,6.06246875,6.38246875
-THoVjtIkeU$_$6,25,is,True,0.0,0.0,0.0,False,6.48246875,6.56246875
-THoVjtIkeU$_$6,26,the,True,0.0,0.0,0.0,False,6.58246875,6.66246875
-THoVjtIkeU$_$6,27,power,True,126.1683143388322,166.7042488701671,0.7568392239186107,True,6.7024687499999995,7.06246875
-THoVjtIkeU$_$6,28,of,True,150.62984917457285,150.62984917457288,0.9999999999999999,True,7.10246875,7.16246875
-THoVjtIkeU$_$6,29,youth,True,156.67502296940015,203.4926685120824,0.7699295710012155,True,7.2424687500000005,7.542468749999999
-UuX1xuaiiE$_$1,0,and,True,0.0,0.0,0.0,False,0.46246875,0.58246875
-UuX1xuaiiE$_$1,1,all,True,178.9757863015438,190.95526195834424,0.9372655378336016,True,0.6624687499999999,0.78246875
-UuX1xuaiiE$_$1,2,of,True,196.1083934101816,196.1083934101816,1.0,True,0.82246875,0.90246875
-UuX1xuaiiE$_$1,3,them,True,186.91930237762745,186.91930237762745,1.0,True,0.92246875,1.06246875
-UuX1xuaiiE$_$1,4,are,True,141.46396913657824,183.57206008713592,0.7706181924930717,True,1.18246875,1.30246875
-UuX1xuaiiE$_$1,5,really,True,192.64448962888133,192.64448962888133,1.0,True,1.38246875,1.6024687499999999
-UuX1xuaiiE$_$1,6,being,True,164.65731969756018,182.89083748404886,0.900303820370012,True,1.66246875,1.8624687500000001
-UuX1xuaiiE$_$1,7,able,True,202.32767242749503,202.33281840402398,0.999974566772857,True,2.5424687500000003,2.7424687499999996
-UuX1xuaiiE$_$1,8,to,True,104.99766127476867,193.9735263540965,0.5412989249012086,True,2.7824687499999996,2.84246875
-UuX1xuaiiE$_$1,9,explore,True,119.98473473516316,194.13920577843024,0.6180345399790135,True,2.9024687499999997,3.5824687500000003
-UuX1xuaiiE$_$1,10,these,True,99.1953813051609,181.86573537190756,0.5454319424289058,True,4.042468749999999,4.26246875
-UuX1xuaiiE$_$1,11,different,True,0.0,0.0,0.0,False,4.52246875,4.80246875
-UuX1xuaiiE$_$1,12,areas,True,185.28335466483054,185.2833546648305,1.0000000000000002,True,4.86246875,5.2024687499999995
-UuX1xuaiiE$_$1,13,in,True,227.72064940184944,227.72064940184944,1.0,True,5.8224687500000005,5.902468750000001
-UuX1xuaiiE$_$1,14,depth,True,0.0,0.0,0.0,False,6.042468749999999,6.402468750000001
-UuX1xuaiiE$_$1,15,in,True,176.50381844978193,194.86155802009077,0.9057908611794221,True,6.542468749999999,6.6224687499999995
-UuX1xuaiiE$_$1,16,a,True,185.26980526820094,185.26980526820094,1.0,True,6.66246875,6.68246875
-UuX1xuaiiE$_$1,17,way,True,180.694158075859,180.694158075859,1.0,True,6.7424687500000005,6.92246875
-UuX1xuaiiE$_$1,18,that,True,139.0966074923408,173.15270809949516,0.8033175398701509,True,7.02246875,7.16246875
-UuX1xuaiiE$_$1,19,really,True,170.30593959952247,197.5033714018542,0.8622938352429745,True,7.30246875,7.50246875
-UuX1xuaiiE$_$1,20,wasn't,True,157.45006392383885,185.22582982602992,0.8500437766791006,True,7.542468749999999,7.80246875
-UuX1xuaiiE$_$1,21,available,True,130.44656080581262,180.16758623300996,0.7240290194991381,True,7.8224687500000005,8.30246875
-UuX1xuaiiE$_$1,22,before,True,0.0,0.0,0.0,False,8.34246875,8.68246875
-UuX1xuaiiE$_$1,23,the,True,0.0,0.0,0.0,False,8.70246875,8.78246875
-UuX1xuaiiE$_$1,24,center,True,0.0,0.0,0.0,False,8.84246875,9.16246875
-UuX1xuaiiE$_$1,25,was,True,0.0,0.0,0.0,False,9.22246875,9.36246875
-UuX1xuaiiE$_$1,26,here,True,0.12019537933460811,186.80164733511117,0.0006434385405551839,False,9.44246875,9.70246875
-UuX1xuaiiE$_$0,0,it's,False,0.0,0.0,0.0,False,0.04246875,0.14246874999999998
-UuX1xuaiiE$_$0,1,amazing,True,189.7425742730846,192.67328230443042,0.9847892349354634,True,0.26246875000000003,0.76246875
-UuX1xuaiiE$_$0,2,to,True,0.0,0.0,0.0,False,0.88246875,0.94246875
-UuX1xuaiiE$_$0,3,see,True,101.1155939072071,196.87356480248562,0.513606760809415,True,1.06246875,1.24246875
-UuX1xuaiiE$_$0,4,their,True,179.9831518616883,179.9831518616883,1.0,True,1.30246875,1.46246875
-UuX1xuaiiE$_$0,5,enthusiasm,True,142.14982059484532,183.73400240252496,0.77367182304897,True,1.52246875,2.26246875
-UuX1xuaiiE$_$0,6,and,True,21.593334812514808,169.17406168606004,0.1276397492458745,True,2.3224687499999996,2.38246875
-UuX1xuaiiE$_$0,7,their,True,0.0,0.0,0.0,False,2.38246875,2.5024687500000002
-UuX1xuaiiE$_$0,8,passion,True,0.0004361275946249362,55.158939361572266,7.906743669708313e-06,False,2.56246875,3.0424687500000003
-UuX1xuaiiE$_$3,0,my,False,87.94488532538027,196.46240832693093,0.4476423050817547,False,0.54246875,0.6624687499999999
-UuX1xuaiiE$_$3,1,goal,True,199.0160924078937,199.0160924078937,1.0,True,0.70246875,0.96246875
-UuX1xuaiiE$_$3,2,is,True,0.0,0.0,0.0,False,1.18246875,1.30246875
-UuX1xuaiiE$_$3,3,to,True,71.31123758640825,189.4699870582098,0.3763722090955741,True,1.44246875,1.58246875
-UuX1xuaiiE$_$3,4,become,True,84.64304922071814,117.7517703017949,0.718826128930207,True,1.68246875,2.0824687500000003
-UuX1xuaiiE$_$3,5,a,True,0.0,0.0,0.0,False,2.5824687500000003,2.60246875
-UuX1xuaiiE$_$3,6,human,True,185.42601154655057,185.4260115465506,0.9999999999999999,True,2.68246875,2.9024687499999997
-UuX1xuaiiE$_$3,7,rights,True,119.17665211917502,174.7059121395541,0.6821558049161918,True,2.9424687499999997,3.1624687500000004
-UuX1xuaiiE$_$3,8,lawyer,True,147.1887068522769,175.15153750595593,0.8403506412113102,True,3.2424687499999996,3.5424687500000003
-UuX1xuaiiE$_$6,0,i,True,107.0262981534004,107.0262981534004,1.0,True,0.60246875,0.62246875
-UuX1xuaiiE$_$6,1,ended,True,107.21484490260791,107.21484490260791,1.0,True,0.6624687499999999,0.8024687500000001
-UuX1xuaiiE$_$6,2,up,True,79.08824853472179,99.80253527771228,0.7924472891860859,True,0.82246875,0.88246875
-UuX1xuaiiE$_$6,3,going,True,105.05996173061921,105.05996173061921,1.0,True,0.92246875,1.12246875
-UuX1xuaiiE$_$6,4,to,True,96.99192425906598,96.99192425906598,1.0,True,1.14246875,1.20246875
-UuX1xuaiiE$_$6,5,work,True,92.26711631838401,99.14331231225533,0.9306438746749301,True,1.26246875,1.44246875
-UuX1xuaiiE$_$6,6,for,True,73.71044538867372,102.57702937776088,0.7185862744886083,True,1.54246875,1.78246875
-UuX1xuaiiE$_$6,7,the,True,98.83114468168633,98.83114468168634,0.9999999999999998,True,1.84246875,1.92246875
-UuX1xuaiiE$_$6,8,u,False,99.22537737825718,99.22537737825718,1.0,False,1.98246875,2.02246875
-UuX1xuaiiE$_$6,9,s,True,30.763563489913423,81.69577026367188,0.3765624999999937,True,2.1624687500000004,2.18246875
-UuX1xuaiiE$_$6,10,government,True,92.18075951846369,98.3335597898708,0.9374292938793729,True,2.2424687499999996,2.68246875
-UuX1xuaiiE$_$6,11,as,True,94.14319313419789,94.14319313419789,1.0,True,2.80246875,2.92246875
-UuX1xuaiiE$_$6,12,an,True,99.23151450881181,99.23151450881181,1.0,True,2.96246875,3.02246875
-UuX1xuaiiE$_$6,13,intelligence,True,89.1579919675771,101.30701048826876,0.8800772181299487,True,3.0424687500000003,3.5424687500000003
-UuX1xuaiiE$_$6,14,analyst,True,85.16901358499227,89.22212690742366,0.9545727784920788,True,3.60246875,4.042468749999999
-UuX1xuaiiE$_$6,15,specializing,True,61.76073064238532,100.6969349634576,0.6133327758664946,True,5.00246875,5.64246875
-UuX1xuaiiE$_$6,16,in,True,95.66248890316062,95.66248890316061,1.0000000000000002,True,5.72246875,5.8224687500000005
-UuX1xuaiiE$_$6,17,war,True,96.285938802881,96.285938802881,1.0,True,5.92246875,6.06246875
-UuX1xuaiiE$_$6,18,crimes,True,81.7783070502673,98.00596587742953,0.8344217244136215,True,6.10246875,6.38246875
-UuX1xuaiiE$_$6,19,and,True,91.377771445728,91.37777144572802,0.9999999999999998,True,6.402468750000001,6.48246875
-UuX1xuaiiE$_$6,20,human,True,97.37511564638065,97.37511564638065,1.0,True,6.50246875,6.68246875
-UuX1xuaiiE$_$6,21,rights,True,78.56503851853633,108.50200583626801,0.7240883512982493,True,6.7024687499999995,6.902468750000001
-UuX1xuaiiE$_$6,22,issues,True,45.78015861613885,61.53471139713037,0.7439729150703999,True,6.94246875,7.36246875
-a55Q6RWvTA$_$3,0,and,False,101.43283126550483,101.43283126550483,1.0,False,0.60246875,0.90246875
-a55Q6RWvTA$_$3,1,if,True,98.27188006664844,98.27344385884702,0.9999840873369532,True,1.00246875,1.12246875
-a55Q6RWvTA$_$3,2,you,True,109.89770361769195,116.12384381241284,0.9463836195021356,True,1.18246875,1.32246875
-a55Q6RWvTA$_$3,3,clip,True,79.59858632630788,156.24915953788434,0.5094336927105731,True,1.40246875,1.66246875
-a55Q6RWvTA$_$3,4,coupons,True,130.10371813501834,133.2769704248451,0.976190543049475,True,1.74246875,2.5824687500000003
-a55Q6RWvTA$_$3,5,if,True,98.2149490892888,98.2149490892888,1.0,True,2.68246875,2.76246875
-a55Q6RWvTA$_$3,6,you,True,92.43554989931226,99.97177290157502,0.9246164914002036,True,2.8224687499999996,2.92246875
-a55Q6RWvTA$_$3,7,don't,True,119.90517994870768,119.90517994870768,1.0,True,3.02246875,3.2824687499999996
-a55Q6RWvTA$_$3,8,go,True,91.54539635718156,122.04405488450263,0.7501012355236499,True,3.3224687499999996,3.4024687499999997
-a55Q6RWvTA$_$3,9,out,True,112.13420258887143,112.13420258887143,1.0,True,3.5424687500000003,3.68246875
-a55Q6RWvTA$_$3,10,for,True,97.43611254315694,113.96732612664677,0.8549477806900598,True,3.72246875,3.8624687499999997
-a55Q6RWvTA$_$3,11,dinner,True,111.46132009681315,111.46132009681315,1.0,True,3.92246875,4.26246875
-a55Q6RWvTA$_$3,12,and,True,96.33674102367074,96.33674102367074,1.0,True,4.42246875,4.542468749999999
-a55Q6RWvTA$_$3,13,movies,True,108.51855519515155,108.51855519515155,1.0,True,4.64246875,5.18246875
-a55Q6RWvTA$_$3,14,and,True,98.87511004324318,98.8751100432432,0.9999999999999999,True,5.22246875,5.3224687500000005
-a55Q6RWvTA$_$3,15,things,True,96.685192747044,106.35654370427851,0.9090667050621215,True,5.36246875,5.58246875
-a55Q6RWvTA$_$3,16,of,False,105.90521567327147,105.9052156732715,0.9999999999999998,False,5.58246875,5.6224687499999995
-a55Q6RWvTA$_$3,17,that,True,101.60404878317046,101.60404878317047,0.9999999999999999,True,5.6224687499999995,5.80246875
-a55Q6RWvTA$_$3,18,nature,True,83.51982856130454,105.44113619238506,0.7920990950715525,True,5.88246875,6.36246875
-a55Q6RWvTA$_$3,19,and,True,110.37936449565207,110.37936449565207,1.0,True,6.902468750000001,7.042468749999999
-a55Q6RWvTA$_$3,20,try,True,103.8756743345342,163.2340858138178,0.6363601928889603,True,7.1224687499999995,7.34246875
-a55Q6RWvTA$_$3,21,to,True,147.47960340393564,147.47960340393567,0.9999999999999998,True,7.36246875,7.402468750000001
-a55Q6RWvTA$_$3,22,take,True,113.69814588999726,126.2982117085541,0.9002355959906007,True,7.48246875,7.68246875
-a55Q6RWvTA$_$3,23,up,True,114.68498705109245,114.68498705109245,1.0,True,7.72246875,7.8224687500000005
-a55Q6RWvTA$_$3,24,things,True,108.33292303546476,118.53052613865991,0.9139664402462389,True,7.96246875,8.28246875
-a55Q6RWvTA$_$3,25,in,True,104.78682397243432,104.78682397243432,1.0,True,8.34246875,8.42246875
-a55Q6RWvTA$_$3,26,life,True,104.99649581925259,104.99649581925259,1.0,True,8.50246875,8.82246875
-a55Q6RWvTA$_$3,27,that,True,100.29070217780006,107.7545718813665,0.9307326865742285,True,8.84246875,9.02246875
-a55Q6RWvTA$_$3,28,well,True,136.93436294016735,136.93436294016735,1.0,True,9.08246875,9.32246875
-a55Q6RWvTA$_$3,29,they,True,111.26075541776258,111.26075541776258,1.0,True,9.46246875,9.58246875
-a55Q6RWvTA$_$3,30,always,True,99.42994941076043,105.13831081110078,0.9457061716485401,True,9.642468749999999,9.882468750000001
-a55Q6RWvTA$_$3,31,say,True,30.033638025422388,86.55390869563341,0.3469934342426475,True,9.96246875,10.12246875
-a55Q6RWvTA$_$3,32,the,True,91.8727247051663,91.8727247051663,1.0,True,10.20246875,10.28246875
-a55Q6RWvTA$_$3,33,best,True,107.14885430738111,113.58645760071353,0.9433242005313495,True,10.32246875,10.54246875
-a55Q6RWvTA$_$3,34,things,True,100.62617138849407,114.99618793097031,0.8750391921591153,True,10.56246875,10.78246875
-a55Q6RWvTA$_$3,35,in,True,107.29316226745577,107.29316226745577,1.0,True,10.82246875,10.882468750000001
-a55Q6RWvTA$_$3,36,life,True,100.01677026810977,105.61257108888753,0.9470157694005183,True,10.94246875,11.18246875
-a55Q6RWvTA$_$3,37,are,True,101.83007088538845,101.83007088538845,1.0,True,11.24246875,11.36246875
-a55Q6RWvTA$_$3,38,free,True,103.44752813467271,110.3314175827388,0.9376071693912227,True,11.40246875,11.72246875
-a55Q6RWvTA$_$3,39,reading,True,116.04093812831275,116.04093812831275,1.0,True,12.42246875,12.70246875
-a55Q6RWvTA$_$3,40,a,True,112.48899864032612,112.48899864032609,1.0000000000000002,True,12.76246875,12.78246875
-a55Q6RWvTA$_$3,41,book,True,114.11259888525213,114.11346131464471,0.9999924423518256,True,12.882468750000001,13.20246875
-a55Q6RWvTA$_$3,42,going,True,116.39692231471149,116.39692231471149,1.0,True,14.382468750000001,14.62246875
-a55Q6RWvTA$_$3,43,for,True,114.99109799209155,114.99109799209155,1.0,True,14.642468749999999,14.74246875
-a55Q6RWvTA$_$3,44,a,True,109.29298214478764,109.29298214478766,0.9999999999999998,True,14.78246875,14.80246875
-a55Q6RWvTA$_$3,45,nice,True,95.09566516873446,108.4495144087418,0.8768657535000365,True,14.82246875,15.10246875
-a55Q6RWvTA$_$3,46,walk,True,107.62123991149973,107.62732066404568,0.9999435017753073,True,15.18246875,15.50246875
-a55Q6RWvTA$_$3,47,and,True,105.27031707271742,105.27483268750287,0.9999571064168883,True,15.54246875,15.62246875
-a55Q6RWvTA$_$3,48,of,False,94.12921569319356,98.57977604843951,0.9548532109358915,False,15.62246875,15.66246875
-a55Q6RWvTA$_$3,49,course,True,72.0078121198689,108.07817857768424,0.6662567140517756,True,15.68246875,15.92246875
-a55Q6RWvTA$_$3,50,combining,True,98.8215514851501,103.92558006954391,0.9508876584477243,True,15.94246875,16.50246875
-a55Q6RWvTA$_$3,51,exercise,True,75.0932142366451,110.83276971085932,0.6775362055152855,True,16.582468749999997,17.20246875
-a55Q6RWvTA$_$3,52,and,True,99.77610464956183,99.77610464956184,0.9999999999999999,True,17.222468749999997,17.32246875
-a55Q6RWvTA$_$3,53,various,True,94.68763011960893,107.11026664033658,0.8840201139406985,True,17.342468750000002,17.622468750000003
-a55Q6RWvTA$_$3,54,things,True,94.81059640440417,109.94914443722452,0.8623131802406728,True,17.662468750000002,17.862468749999998
-a55Q6RWvTA$_$3,55,of,False,103.40764388456945,103.40764388456945,1.0,False,17.902468749999997,17.96246875
-a55Q6RWvTA$_$3,56,that,True,96.39880320425839,96.39880320425837,1.0000000000000002,True,17.96246875,18.10246875
-a55Q6RWvTA$_$3,57,nature,True,96.92366195035241,113.044940941327,0.8573905310867302,True,18.162468750000002,18.582468749999997
-a55Q6RWvTA$_$3,58,where,True,44.24596838399678,118.07370964225174,0.37473175457988417,True,18.942468750000003,19.082468749999997
-a55Q6RWvTA$_$3,59,you're,True,119.03833893502515,119.03833893502515,1.0,True,19.082468749999997,19.222468749999997
-a55Q6RWvTA$_$3,60,not,True,156.4960329014136,156.4960329014136,1.0,True,19.222468749999997,19.42246875
-a55Q6RWvTA$_$3,61,spending,True,114.27290312344824,125.80724579189337,0.9083173421702205,True,19.542468749999998,20.06246875
-a55Q6RWvTA$_$3,62,money,True,118.45583269094365,118.45583269094365,1.0,True,20.24246875,20.542468749999998
-a55Q6RWvTA$_$3,63,per,True,0.0,0.0,0.0,False,20.802468750000003,21.042468749999998
-a55Q6RWvTA$_$3,64,se,True,0.0,0.0,0.0,False,21.222468749999997,21.362468749999998
-aNfi7CP8vM$_$7,0,maybe,False,165.74346819888729,165.75736554378017,0.9999161585076639,False,1.44246875,1.56246875
-aNfi7CP8vM$_$7,1,they,False,165.89697536688368,165.9011679597219,0.9999747283705727,False,1.56246875,1.70246875
-aNfi7CP8vM$_$7,2,have,False,159.09787100171624,167.01146056533497,0.9526164878935185,False,1.76246875,1.92246875
-aNfi7CP8vM$_$7,3,no,False,177.71591328744282,177.71591328744285,0.9999999999999998,False,1.96246875,2.0424687500000003
-aNfi7CP8vM$_$7,4,political,True,196.71264601358567,215.4465389856303,0.9130462106272493,True,2.1624687500000004,2.6224687500000003
-aNfi7CP8vM$_$7,5,party,True,204.89527296525944,204.89527296525944,1.0,True,2.68246875,2.9424687499999997
-aNfi7CP8vM$_$7,6,affiliation,True,184.49343743903668,203.76249485461867,0.905433738287656,True,3.02246875,3.8624687499999997
-aNfi7CP8vM$_$7,7,they're,True,145.79332058230125,152.47353260286096,0.9561877270991074,True,4.28246875,4.46246875
-aNfi7CP8vM$_$7,8,not,True,72.39460851643567,138.47550453335685,0.5227972178934853,True,4.46246875,4.6224687499999995
-aNfi7CP8vM$_$7,9,interested,True,210.4847869070978,224.50609898914152,0.9375459635832795,True,4.7424687500000005,5.18246875
-aNfi7CP8vM$_$7,10,in,True,216.32809545343432,216.32809545343434,0.9999999999999999,True,5.22246875,5.28246875
-aNfi7CP8vM$_$7,11,politics,True,217.4231675335288,217.42316753352875,1.0000000000000002,True,5.3224687500000005,5.94246875
-aNfi7CP8vM$_$7,12,they,True,96.46951032353859,159.71399603099658,0.6040141297624049,True,6.00246875,6.1224687499999995
-aNfi7CP8vM$_$7,13,could,True,108.68276680199247,148.45327633684778,0.7321008298623597,True,6.14246875,6.28246875
-aNfi7CP8vM$_$7,14,care,True,131.6362884596915,172.49212663184352,0.7631437505588173,True,6.3224687500000005,6.52246875
-aNfi7CP8vM$_$7,15,less,True,145.79778608657665,191.48105996722592,0.7614214487403168,True,6.58246875,6.80246875
-aNfi7CP8vM$_$7,16,about,True,0.0,0.0,0.0,False,6.88246875,7.14246875
-aNfi7CP8vM$_$7,17,politics,True,0.0,0.0,0.0,False,7.18246875,7.92246875
-aqamKhZ1Ec$_$0,0,in,False,161.7890804494382,161.7890804494382,1.0,False,0.10246875,0.22246875
-aqamKhZ1Ec$_$0,1,two,False,160.5372431125249,181.92619910389692,0.8824305894548099,False,0.36246875,0.52246875
-aqamKhZ1Ec$_$0,2,thousand,False,144.00352533034848,168.5079181087792,0.8545801701578672,False,0.56246875,1.06246875
-aqamKhZ1Ec$_$0,3,and,False,156.06645930460996,158.65480416140323,0.9836856824445096,False,1.28246875,1.62246875
-aqamKhZ1Ec$_$0,4,eight,False,113.36453613514114,158.25326691686533,0.7163487891513453,False,1.8624687500000001,2.80246875
-aqamKhZ1Ec$_$0,5,there,True,157.4053598936141,157.41510015062377,0.9999381237441621,True,2.8624687499999997,3.0024687500000002
-aqamKhZ1Ec$_$0,6,were,True,150.9475387618153,150.96365788216227,0.9998932251604585,True,3.0024687500000002,3.1624687500000004
-aqamKhZ1Ec$_$0,7,very,True,179.6067112103219,179.60671121032183,1.0000000000000002,True,3.22246875,3.48246875
-aqamKhZ1Ec$_$0,8,serious,True,157.2649836790812,173.88150318077612,0.90443768199761,True,3.64246875,4.06246875
-aqamKhZ1Ec$_$0,9,tribal,True,139.36026926566527,167.65184068311788,0.831248071585882,True,4.14246875,4.542468749999999
-aqamKhZ1Ec$_$0,10,warfare,True,67.34771724843115,168.67740555623232,0.3992693450930469,True,4.7424687500000005,5.26246875
-aqamKhZ1Ec$_$0,11,in,True,0.0,0.0,0.0,False,5.402468750000001,5.52246875
-aqamKhZ1Ec$_$0,12,kenya,False,8.954276426676184,205.9590869602507,0.04347599593119349,False,5.96246875,6.26246875
-aqamKhZ1Ec$_$0,13,following,False,152.8448429503337,166.22379453411813,0.9195124162501397,False,8.96246875,9.36246875
-aqamKhZ1Ec$_$0,14,a,True,150.15152730001964,150.1515273000196,1.0000000000000002,True,9.382468750000001,9.40246875
-aqamKhZ1Ec$_$0,15,disputed,True,109.55797909048204,164.28224586427064,0.6668887347753841,True,9.46246875,9.94246875
-aqamKhZ1Ec$_$0,16,election,True,127.58502001348863,147.4899813111848,0.8650419430476481,True,9.98246875,10.42246875
-dxfTGcXJoc$_$1,0,for,True,172.4226048571246,183.96890099806097,0.9372377826997071,True,0.50246875,0.62246875
-dxfTGcXJoc$_$1,1,the,True,133.17157501553183,157.7678196542563,0.844098468923343,True,0.64246875,0.72246875
-dxfTGcXJoc$_$1,2,tenth,True,162.36012933849003,234.56137932671442,0.6921861126692254,True,0.78246875,1.04246875
-dxfTGcXJoc$_$1,3,straight,True,100.16070796444225,160.3206771850586,0.6247522760200575,True,1.1024687499999999,1.42246875
-dxfTGcXJoc$_$1,4,year,True,67.93163938662323,128.102977728652,0.5302893077982636,True,1.48246875,1.72246875
-dxfTGcXJoc$_$1,5,some,True,171.17293068821476,187.3016537379559,0.9138890515494008,True,2.26246875,2.5824687500000003
-dxfTGcXJoc$_$1,6,of,True,0.0,0.0,0.0,False,2.6224687500000003,2.7024687500000004
-dxfTGcXJoc$_$1,7,kentucky's,True,0.0,0.0,0.0,False,2.7424687499999996,3.2424687499999996
-dxfTGcXJoc$_$1,8,best,True,112.71124716366039,174.1901092529297,0.6470588235294118,True,3.42246875,3.76246875
-dxfTGcXJoc$_$1,9,and,True,73.61062537863592,95.55698819300122,0.7703322045893792,True,3.88246875,4.00246875
-dxfTGcXJoc$_$1,10,most,True,76.17463201647179,95.33032171289378,0.7990598442108152,True,4.042468749999999,4.30246875
-dxfTGcXJoc$_$1,11,innovative,True,150.79066195975432,157.05791632129635,0.9600959027832703,True,4.42246875,4.92246875
-dxfTGcXJoc$_$1,12,biotech,True,43.0055643385831,127.93207843664716,0.3361593500560514,True,4.96246875,5.50246875
-dxfTGcXJoc$_$1,13,companies,True,101.74087164111329,124.35133533576969,0.8181727310478467,True,5.56246875,6.00246875
-dxfTGcXJoc$_$1,14,and,True,0.0,0.0,0.0,False,6.06246875,6.16246875
-dxfTGcXJoc$_$1,15,technologies,True,0.0,0.0,0.0,False,6.2024687499999995,6.96246875
-dxfTGcXJoc$_$1,16,were,True,128.81819059872765,138.40214754632015,0.9307528306640982,True,7.3224687500000005,7.50246875
-dxfTGcXJoc$_$1,17,on,True,212.00518686705126,212.00518686705126,1.0,True,7.60246875,7.7424687500000005
-dxfTGcXJoc$_$1,18,display,True,87.63283216107001,138.3746806850373,0.6333010614892491,True,7.8224687500000005,8.42246875
-dxfTGcXJoc$_$1,19,at,True,108.62185461692825,108.62185461692825,1.0,True,8.62246875,8.72246875
-dxfTGcXJoc$_$1,20,the,True,111.48686653232815,111.48686653232815,1.0,True,8.78246875,8.882468750000001
-dxfTGcXJoc$_$1,21,annual,True,172.01303530737346,172.01303530737346,1.0,True,9.04246875,9.40246875
-dxfTGcXJoc$_$1,22,b,False,0.0,0.0,0.0,False,9.66246875,9.68246875
-dxfTGcXJoc$_$1,23,i,False,5.193526146402303,150.71864481336428,0.03445841855089312,False,9.74246875,9.76246875
-dxfTGcXJoc$_$1,24,o,False,143.69675554148472,144.27545411090793,0.9959889326081873,False,9.98246875,10.00246875
-dxfTGcXJoc$_$1,25,international,True,102.20202004984222,124.41975242843772,0.8214292188744353,True,10.22246875,10.78246875
-dxfTGcXJoc$_$1,26,convention,True,72.24832973523496,117.74791107177734,0.613584810784401,True,10.82246875,11.30246875
-dxfTGcXJoc$_$1,27,which,True,0.0,0.0,0.0,False,11.86246875,12.06246875
-dxfTGcXJoc$_$1,28,i,True,0.0,0.0,0.0,False,12.42246875,12.44246875
-dxfTGcXJoc$_$1,29,and,True,0.0,0.0,0.0,False,12.56246875,12.68246875
-dxfTGcXJoc$_$1,30,other,True,0.0,0.0,0.0,False,12.78246875,12.96246875
-dxfTGcXJoc$_$1,31,state,True,0.0,0.0,0.0,False,13.00246875,13.22246875
-dxfTGcXJoc$_$1,32,officials,True,52.99847595892643,129.55319978589222,0.40908658409452675,True,13.24246875,13.68246875
-dxfTGcXJoc$_$1,33,attended,True,74.75109041792184,140.72743597358465,0.5311763829190568,True,13.74246875,14.142468749999999
-dxfTGcXJoc$_$1,34,this,True,84.02526663121101,91.1221775435792,0.9221165351434442,True,14.18246875,14.34246875
-dxfTGcXJoc$_$1,35,week,True,125.25248304957078,125.25248304957078,1.0,True,14.42246875,14.66246875
-dxfTGcXJoc$_$1,36,in,True,158.84523447669574,158.84523447669574,1.0,True,14.82246875,14.90246875
-dxfTGcXJoc$_$1,37,chicago,True,0.0,0.0,0.0,False,14.96246875,15.42246875
-dxfTGcXJoc$_$0,0,this,True,136.52226465429933,218.43533893048394,0.6250008140749924,True,0.56246875,0.72246875
-dxfTGcXJoc$_$0,1,is,True,133.10709144436245,133.10709144436245,1.0,True,0.76246875,0.84246875
-dxfTGcXJoc$_$0,2,governor,True,131.90686748721075,135.08601661441432,0.9764657422960511,True,0.88246875,1.20246875
-dxfTGcXJoc$_$0,3,steve,True,114.0228181368104,135.50956711260628,0.8414374022910077,True,1.26246875,1.56246875
-dxfTGcXJoc$_$0,4,beshear,True,22.976353020159834,89.89628146431048,0.2555873574067869,True,1.6024687499999999,2.02246875
-dxfTGcXJoc$_$0,5,about,False,0.0,0.0,0.0,False,2.5824687500000003,2.8624687499999997
-dxfTGcXJoc$_$0,6,kentucky,True,0.0,0.0,0.0,False,2.92246875,3.3624687499999997
-dxfTGcXJoc$_$0,7,our,True,0.0,0.0,0.0,False,4.42246875,4.542468749999999
-dxfTGcXJoc$_$0,8,state,True,106.65880411130081,179.35548739963107,0.5946782318048007,True,4.6224687499999995,4.92246875
-dxfTGcXJoc$_$0,9,is,True,0.0,0.0,0.0,False,4.94246875,5.042468749999999
-dxfTGcXJoc$_$0,10,home,True,138.4461224346745,141.62564449218684,0.9775498140261756,True,5.14246875,5.48246875
-dxfTGcXJoc$_$0,11,to,True,10.32702525811502,109.68217634901303,0.0941540877640321,True,5.52246875,5.60246875
-dxfTGcXJoc$_$0,12,more,True,134.72683211171477,134.72683211171477,1.0,True,5.68246875,5.88246875
-dxfTGcXJoc$_$0,13,than,True,65.70259568616714,105.91906529689156,0.6203094362851722,True,5.902468750000001,6.06246875
-dxfTGcXJoc$_$0,14,one,False,123.72542472898095,189.22857685135514,0.653841120552162,False,6.16246875,6.402468750000001
-dxfTGcXJoc$_$0,15,thousand,False,144.83380920058397,152.24956968251703,0.9512920759158991,False,6.46246875,6.7024687499999995
-dxfTGcXJoc$_$0,16,five,False,61.934654707346745,112.98006959558522,0.5481909767717729,False,6.7024687499999995,6.78246875
-dxfTGcXJoc$_$0,17,hundred,False,65.72612375477935,95.73296820672351,0.6865568360196658,False,6.80246875,7.16246875
-dxfTGcXJoc$_$0,18,bioscience,True,0.6889630074073312,77.11054229736328,0.008934744677977573,True,7.26246875,8.10246875
-dxfTGcXJoc$_$0,19,and,True,0.0,0.0,0.0,False,8.24246875,8.36246875
-dxfTGcXJoc$_$0,20,lifescience,False,0.0,0.0,0.0,False,8.44246875,9.04246875
-dxfTGcXJoc$_$0,21,companies,True,0.0,0.0,0.0,False,9.08246875,9.52246875
-dxfTGcXJoc$_$0,22,and,True,127.64151074392971,127.64151074392971,1.0,True,10.04246875,10.16246875
-dxfTGcXJoc$_$0,23,more,True,136.2178331959586,204.2709607091867,0.6668487420974492,True,10.20246875,10.382468750000001
-dxfTGcXJoc$_$0,24,than,True,13.942228663158298,210.67221069335938,0.06617972354907165,True,10.40246875,10.52246875
-dxfTGcXJoc$_$0,25,one,False,0.0,0.0,0.0,False,10.56246875,10.642468749999999
-dxfTGcXJoc$_$0,26,hundred,True,145.82375301965578,158.46948619913272,0.9202008318271045,True,10.68246875,11.02246875
-dxfTGcXJoc$_$0,27,thousand,False,120.21297714573869,134.87984349989995,0.8912597614767241,False,11.08246875,11.52246875
-dxfTGcXJoc$_$0,28,people,True,106.88635224609465,116.9460435680783,0.9139800628130907,True,11.56246875,11.882468750000001
-dxfTGcXJoc$_$0,29,who,True,119.05030202661212,123.90627052659376,0.9608093401621719,True,12.06246875,12.142468749999999
-dxfTGcXJoc$_$0,30,work,True,53.82116677769982,143.46030990680234,0.37516416082374454,True,12.24246875,12.42246875
-dxfTGcXJoc$_$0,31,for,True,108.72439431744048,150.11148817651326,0.7242909629247931,True,12.46246875,12.56246875
-dxfTGcXJoc$_$0,32,these,True,99.76863865179098,148.78147465423672,0.6705716480069178,True,12.58246875,12.80246875
-dxfTGcXJoc$_$0,33,firms,True,50.433058105364694,158.51773725237163,0.31815403739375636,True,12.82246875,13.26246875
-dxfTGcXJoc$_$0,34,in,True,134.55126509251755,134.55126509251758,0.9999999999999999,True,13.90246875,14.00246875
-dxfTGcXJoc$_$0,35,areas,True,198.35947421087883,198.3594742108788,1.0000000000000002,True,14.142468749999999,14.54246875
-dxfTGcXJoc$_$0,36,from,True,108.40810566052399,122.44279947592693,0.8853775487372595,True,14.62246875,14.86246875
-dxfTGcXJoc$_$0,37,nutrigenomics,True,114.87207335271718,149.0280435922983,0.7708084370145601,True,15.16246875,16.122468750000003
-dxfTGcXJoc$_$0,38,and,True,86.12683092599713,86.12683092599713,1.0,True,16.24246875,16.362468749999998
-dxfTGcXJoc$_$0,39,pharmaceuticals,True,110.9193852022186,135.51915090659622,0.8184775691124828,True,16.42246875,17.26246875
-dxfTGcXJoc$_$0,40,to,True,0.0,0.0,0.0,False,17.64246875,17.70246875
-dxfTGcXJoc$_$0,41,nanotechnology,True,54.33371773324822,117.73965324582602,0.46147339690058414,True,17.76246875,18.74246875
-dxfTGcXJoc$_$0,42,and,True,141.79613371136665,141.79613371136665,1.0,True,18.82246875,18.902468749999997
-dxfTGcXJoc$_$0,43,medical,True,79.31523320135804,142.2138539179954,0.5577180493757907,True,18.92246875,19.222468749999997
-dxfTGcXJoc$_$0,44,devices,True,0.0,0.0,0.0,False,19.26246875,19.802468750000003
-dxfTGcXJoc$_$2,0,an,True,0.0,0.0,0.0,False,0.52246875,0.60246875
-dxfTGcXJoc$_$2,1,estimated,True,69.98834195423203,125.4316534278227,0.5579799041276731,True,0.72246875,1.28246875
-dxfTGcXJoc$_$2,2,twenty,False,147.8152808785766,191.51503893782183,0.771820749422018,False,1.3624687500000001,1.62246875
-dxfTGcXJoc$_$2,3,thousand,False,140.90818805065973,146.7144546641431,0.9604247132514995,False,1.72246875,2.22246875
-dxfTGcXJoc$_$2,4,biotech,True,87.5940829234895,144.22149302939752,0.6073580371660324,True,2.3624687499999997,2.9424687499999997
-dxfTGcXJoc$_$2,5,scientists,True,107.03201943062952,159.77767181396482,0.669880955301758,True,3.02246875,3.6624687500000004
-dxfTGcXJoc$_$2,6,executives,True,123.29500142539993,130.54755687890503,0.9444451077684088,True,3.8624687499999997,4.58246875
-dxfTGcXJoc$_$2,7,and,True,101.25775756382555,101.25775756382555,1.0,True,4.72246875,4.84246875
-dxfTGcXJoc$_$2,8,industry,True,127.46857724928181,172.98495779647763,0.7368766560573012,True,5.02246875,5.402468750000001
-dxfTGcXJoc$_$2,9,experts,True,0.0,0.0,0.0,False,5.542468749999999,6.042468749999999
-dxfTGcXJoc$_$2,10,from,True,0.0,0.0,0.0,False,6.402468750000001,6.542468749999999
-dxfTGcXJoc$_$2,11,more,True,183.35282925603485,191.3643412874598,0.9581347706812818,True,6.60246875,6.78246875
-dxfTGcXJoc$_$2,12,than,True,183.53315161888793,183.53315161888793,1.0,True,6.78246875,6.92246875
-dxfTGcXJoc$_$2,13,fifty,True,177.56841728040598,196.93093852075464,0.9016786220296816,True,6.98246875,7.26246875
-dxfTGcXJoc$_$2,14,nations,True,66.09119931176718,155.12609001438295,0.4260482508496111,True,7.34246875,7.78246875
-dxfTGcXJoc$_$2,15,were,True,0.0,0.0,0.0,False,8.06246875,8.22246875
-dxfTGcXJoc$_$2,16,at,True,0.0,0.0,0.0,False,8.34246875,8.46246875
-dxfTGcXJoc$_$2,17,the,True,0.0,0.0,0.0,False,8.52246875,8.60246875
-dxfTGcXJoc$_$2,18,b,False,0.0,0.0,0.0,False,8.642468749999999,8.66246875
-dxfTGcXJoc$_$2,19,i,False,109.1382793876487,109.14269868856593,0.9999595089642245,False,8.72246875,8.74246875
-dxfTGcXJoc$_$2,20,o,False,95.69954757190526,95.69954757190526,1.0,False,8.90246875,8.92246875
-dxfTGcXJoc$_$2,21,conference,False,112.03559312565739,138.7051607592098,0.8077247631769778,False,9.04246875,9.56246875
-dxfTGcXJoc$_$2,22,to,True,0.0,0.0,0.0,False,9.60246875,9.68246875
-dxfTGcXJoc$_$2,23,learn,True,155.5325390166626,159.59670530413564,0.9745347732603367,True,9.80246875,10.10246875
-dxfTGcXJoc$_$2,24,about,True,0.0,0.0,0.0,False,10.18246875,10.42246875
-dxfTGcXJoc$_$2,25,the,True,0.0,0.0,0.0,False,10.44246875,10.52246875
-dxfTGcXJoc$_$2,26,latest,True,106.01897837765696,150.20301564534503,0.7058378816307248,True,10.58246875,10.92246875
-dxfTGcXJoc$_$2,27,scientific,True,134.74994670083532,148.34554793894614,0.9083518081465696,True,10.94246875,11.46246875
-dxfTGcXJoc$_$2,28,advances,True,77.72177120232932,137.63098201258873,0.5647113031222891,True,11.52246875,12.10246875
-dxfTGcXJoc$_$2,29,and,True,0.0,0.0,0.0,False,12.54246875,12.642468749999999
-dxfTGcXJoc$_$2,30,to,True,0.0,0.0,0.0,False,12.66246875,12.72246875
-dxfTGcXJoc$_$2,31,exchange,True,0.0005289922786569542,85.55950164794923,6.182741466092137e-06,False,12.80246875,13.36246875
-dxfTGcXJoc$_$2,32,ideas,True,94.87823832048052,102.82747443570034,0.9226934614620861,True,13.52246875,13.94246875
-dxfTGcXJoc$_$2,33,and,True,0.0,0.0,0.0,False,14.20246875,14.28246875
-dxfTGcXJoc$_$2,34,establish,True,80.17405013159453,128.3159932454427,0.6248172819598387,True,14.30246875,14.78246875
-dxfTGcXJoc$_$2,35,business,True,107.93790884578928,131.06746074131556,0.8235294117647058,True,14.86246875,15.20246875
-dxfTGcXJoc$_$2,36,relationships,True,41.97249203744836,135.65283472352672,0.3094110943054914,True,15.24246875,16.042468749999998
-dxfTGcXJoc$_$6,0,kentucky's,True,0.0,0.0,0.0,False,0.42246875,0.90246875
-dxfTGcXJoc$_$6,1,participation,True,0.0,0.0,0.0,False,0.94246875,1.80246875
-dxfTGcXJoc$_$6,2,at,True,0.0,0.0,0.0,False,1.88246875,1.96246875
-dxfTGcXJoc$_$6,3,the,True,65.41612031325057,90.04654766761898,0.7264700536295452,True,2.0024687500000002,2.10246875
-dxfTGcXJoc$_$6,4,annual,True,114.59206242367145,129.8705537553837,0.8823560007260007,True,2.30246875,2.64246875
-dxfTGcXJoc$_$6,5,b,False,27.565988445282937,73.20428466796875,0.376562500000013,False,2.7424687499999996,2.76246875
-dxfTGcXJoc$_$6,6,i,False,0.5295430068340761,132.68975188122585,0.003990835760308635,False,2.8224687499999996,2.84246875
-dxfTGcXJoc$_$6,7,o,False,122.76011482679863,122.9828007127551,0.9981892924484898,False,3.02246875,3.0424687500000003
-dxfTGcXJoc$_$6,8,international,True,90.56598488564278,109.41784890483484,0.8277075979113033,True,3.14246875,3.72246875
-dxfTGcXJoc$_$6,9,convention,True,31.08622779551907,86.87578067356816,0.3578238670720459,True,3.76246875,4.28246875
-dxfTGcXJoc$_$6,10,is,True,0.0,0.0,0.0,False,4.80246875,4.92246875
-dxfTGcXJoc$_$6,11,the,True,0.0,0.0,0.0,False,5.02246875,5.10246875
-dxfTGcXJoc$_$6,12,primary,True,169.8289271950357,195.17563513158095,0.8701338519049402,True,5.16246875,5.68246875
-dxfTGcXJoc$_$6,13,means,True,104.7138718616962,108.08302232317655,0.9688281249999994,True,5.78246875,6.18246875
-dxfTGcXJoc$_$6,14,by,True,0.0,0.0,0.0,False,6.2424687500000005,6.402468750000001
-dxfTGcXJoc$_$6,15,which,True,0.0,0.0,0.0,False,6.46246875,6.72246875
-dxfTGcXJoc$_$6,16,our,True,0.0,0.0,0.0,False,6.902468750000001,7.1224687499999995
-dxfTGcXJoc$_$6,17,high,False,0.0,0.0,0.0,False,7.2024687499999995,7.42246875
-dxfTGcXJoc$_$6,18,tech,True,0.0,0.0,0.0,False,7.46246875,7.66246875
-dxfTGcXJoc$_$6,19,companies,True,44.83277691064976,97.81696692194433,0.4583333374712516,True,7.7424687500000005,8.22246875
-dxfTGcXJoc$_$6,20,and,True,70.51786212476014,97.30486221647311,0.7247105696309377,True,8.26246875,8.36246875
-dxfTGcXJoc$_$6,21,institutions,True,67.52696697810062,125.93020751019178,0.5362253291978061,True,8.40246875,9.16246875
-dxfTGcXJoc$_$6,22,can,True,100.06131137811256,105.00350642186197,0.9529330475508728,True,9.36246875,9.52246875
-dxfTGcXJoc$_$6,23,reach,True,0.015576088613862404,87.0550537109375,0.00017892227906242094,False,9.62246875,9.882468750000001
-dxfTGcXJoc$_$6,24,out,True,0.0,0.0,0.0,False,9.96246875,10.142468749999999
-dxfTGcXJoc$_$6,25,to,True,0.0,0.0,0.0,False,10.26246875,10.34246875
-dxfTGcXJoc$_$6,26,the,True,82.67266827579432,82.67266827579434,0.9999999999999999,True,10.382468750000001,10.46246875
-dxfTGcXJoc$_$6,27,global,True,101.47528286450171,135.29899289019235,0.7500076733524416,True,10.52246875,10.92246875
-dxfTGcXJoc$_$6,28,scientific,True,67.17595364503005,120.39452433262991,0.5579651900067659,True,10.98246875,11.54246875
-dxfTGcXJoc$_$6,29,community,True,80.04042759266575,101.33747339776045,0.7898403710787074,True,11.60246875,12.04246875
-egA8-b7-3M$_$26,0,we're,True,171.4355997603338,193.3744280447374,0.886547417327962,True,0.50246875,0.68246875
-egA8-b7-3M$_$26,1,updating,True,196.04986060774132,208.5257357105168,0.940171053418102,True,0.72246875,1.18246875
-egA8-b7-3M$_$26,2,it,True,194.1930491598481,194.19961258976423,0.9999662026621546,True,1.20246875,1.30246875
-egA8-b7-3M$_$26,3,all,True,216.56323289556454,216.56323289556454,1.0,True,1.40246875,1.52246875
-egA8-b7-3M$_$26,4,the,True,239.62809568015973,239.62809568015973,1.0,True,1.58246875,1.66246875
-egA8-b7-3M$_$26,5,time,True,249.92453046169388,249.92453046169388,1.0,True,1.72246875,2.0424687500000003
-egA8-b7-3M$_$26,6,and,True,204.41081284585883,204.41081284585883,1.0,True,2.48246875,2.5824687500000003
-egA8-b7-3M$_$26,7,looking,True,223.84981301570534,223.84981301570534,1.0,True,2.6224687500000003,2.92246875
-egA8-b7-3M$_$26,8,forward,True,217.48243686689742,217.48243686689742,1.0,True,2.96246875,3.30246875
-egA8-b7-3M$_$26,9,to,True,213.9483686698509,213.9483686698509,1.0,True,3.34246875,3.4424687499999997
-egA8-b7-3M$_$26,10,your,True,193.08508659506805,193.08508659506805,1.0,True,3.52246875,3.68246875
-egA8-b7-3M$_$26,11,comments,True,173.37367979235086,192.86486271471355,0.898938652442907,True,3.7424687499999996,4.26246875
-egA8-b7-3M$_$26,12,on,True,168.9901505277841,182.7456154207698,0.9247288923385992,True,4.42246875,4.52246875
-egA8-b7-3M$_$26,13,our,True,174.4243727560066,174.4243727560066,1.0,True,4.56246875,4.68246875
-egA8-b7-3M$_$26,14,videos,True,109.53556958596496,164.10317103795356,0.6674799084816694,True,4.72246875,5.2424687500000005
-egA8-b7-3M$_$17,0,as,True,223.53866179931643,223.53866179931643,1.0,True,0.58246875,0.72246875
-egA8-b7-3M$_$17,1,you,True,241.79670310206416,241.79670310206416,1.0,True,0.78246875,0.88246875
-egA8-b7-3M$_$17,2,have,True,213.37899625350892,213.37899625350892,1.0,True,0.92246875,1.12246875
-egA8-b7-3M$_$17,3,more,True,196.02613851119872,196.02613851119872,1.0,True,1.18246875,1.3624687500000001
-egA8-b7-3M$_$17,4,experience,True,163.70826356754282,251.71806733154136,0.6503635805844655,True,1.38246875,2.1624687500000004
-egA8-b7-3M$_$17,5,you,True,208.66868215917765,208.66868215917765,1.0,True,3.22246875,3.3224687499999996
-egA8-b7-3M$_$17,6,have,True,191.65874582788146,191.65874582788146,1.0,True,3.3624687499999997,3.52246875
-egA8-b7-3M$_$17,7,more,True,188.98996090798502,188.98996090798502,1.0,True,3.5824687500000003,3.76246875
-egA8-b7-3M$_$17,8,times,True,163.03529721849605,189.15330944022733,0.8619214630765706,True,3.8224687499999996,4.2024687499999995
-egA8-b7-3M$_$17,9,exhibiting,True,216.02046279418727,230.9189913539648,0.9354815796118723,True,4.26246875,4.88246875
-egA8-b7-3M$_$17,10,you,True,242.89681874943327,242.89681874943327,1.0,True,5.26246875,5.34246875
-egA8-b7-3M$_$17,11,get,True,265.8267365935883,265.8267365935883,1.0,True,5.38246875,5.52246875
-egA8-b7-3M$_$17,12,to,True,267.3597916249525,267.3597916249525,1.0,True,5.56246875,5.6224687499999995
-egA8-b7-3M$_$17,13,know,True,249.19560098928943,249.19560098928946,0.9999999999999998,True,5.68246875,5.84246875
-egA8-b7-3M$_$17,14,more,True,231.2795030532092,231.2795030532092,1.0,True,5.92246875,6.1224687499999995
-egA8-b7-3M$_$17,15,people,True,137.5787651567138,217.27519811193554,0.6332005049459726,True,6.16246875,6.52246875
-egA8-b7-3M$_$18,0,it,True,228.17234368375063,228.17234368375063,1.0,True,0.56246875,0.64246875
-egA8-b7-3M$_$18,1,becomes,True,233.38830502158928,255.61576276887013,0.9130434778101728,True,0.68246875,1.14246875
-egA8-b7-3M$_$18,2,easier,True,248.19919338965613,248.19919338965613,1.0,True,1.34246875,1.80246875
-egA8-b7-3M$_$18,3,at,True,195.2571901415509,195.25719014155086,1.0000000000000002,True,1.94246875,2.02246875
-egA8-b7-3M$_$18,4,each,True,229.65304588027487,229.66506503315114,0.9999476666036494,True,2.1624687500000004,2.34246875
-egA8-b7-3M$_$18,5,one,True,213.93516058214882,213.93516058214882,1.0,True,2.46246875,2.5824687500000003
-egA8-b7-3M$_$18,6,of,True,211.85434561151166,211.85434561151166,1.0,True,2.60246875,2.6624687500000004
-egA8-b7-3M$_$18,7,these,True,180.59892860268263,215.57143268108496,0.8377683738357835,True,2.7024687500000004,2.9024687499999997
-egA8-b7-3M$_$18,8,conferences,True,163.85335121323308,185.70046214752765,0.8823529533440883,True,2.92246875,3.60246875
-egA8-b7-3M$_$18,9,to,True,0.0,0.0,0.0,False,4.10246875,4.18246875
-egA8-b7-3M$_$18,10,connect,True,196.68534537459132,226.60358332342565,0.867971028921759,True,4.2424687500000005,4.60246875
-egA8-b7-3M$_$18,11,with,True,238.11431181382608,238.11431181382608,1.0,True,4.66246875,4.80246875
-egA8-b7-3M$_$18,12,people,True,218.27403715966682,218.27403715966685,0.9999999999999999,True,4.84246875,5.18246875
-egA8-b7-3M$_$18,13,that,True,117.93032126800692,188.69726409143965,0.624971018185297,True,5.22246875,5.36246875
-egA8-b7-3M$_$18,14,you've,True,170.1672593897389,180.12381233964547,0.9447238384498975,True,5.402468750000001,5.60246875
-egA8-b7-3M$_$18,15,met,True,223.85303322483955,223.85303322483958,0.9999999999999999,True,5.66246875,5.902468750000001
-egA8-b7-3M$_$18,16,or,True,222.60587540916836,222.6058754091684,0.9999999999999998,True,6.42246875,6.50246875
-egA8-b7-3M$_$18,17,that,True,228.15949607655855,228.15949607655855,1.0,True,6.542468749999999,6.68246875
-egA8-b7-3M$_$18,18,you're,True,229.9013371137913,229.9013371137913,1.0,True,6.7024687499999995,6.84246875
-egA8-b7-3M$_$18,19,doing,True,234.14208125513835,234.1420812551383,1.0000000000000002,True,6.86246875,7.10246875
-egA8-b7-3M$_$18,20,business,True,198.3022982595041,239.7036297356173,0.8272811658222403,True,7.16246875,7.58246875
-egA8-b7-3M$_$18,21,with,False,0.0,0.0,0.0,False,7.6224687499999995,7.84246875
-egA8-b7-3M$_$16,0,third,True,297.12628255861546,297.1262825586154,1.0000000000000002,True,0.48246875,0.8024687500000001
-egA8-b7-3M$_$16,1,another,True,251.36838160365022,251.36838160365022,1.0,True,0.90246875,1.26246875
-egA8-b7-3M$_$16,2,big,True,263.17265774435646,263.17265774435646,1.0,True,1.32246875,1.46246875
-egA8-b7-3M$_$16,3,benefit,True,231.04722390779435,231.04722390779435,1.0,True,1.52246875,1.96246875
-egA8-b7-3M$_$16,4,of,True,209.43452411070513,209.43452411070513,1.0,True,2.0024687500000002,2.0824687500000003
-egA8-b7-3M$_$16,5,exhibiting,True,203.64854231494544,203.6485423149454,1.0000000000000002,True,2.1224687500000003,2.7024687500000004
-egA8-b7-3M$_$16,6,is,True,175.70390626460554,200.74320106873486,0.875267034346255,True,2.7824687499999996,2.88246875
-egA8-b7-3M$_$16,7,connecting,True,224.3266825866866,224.3266825866866,1.0,True,2.98246875,3.5024687500000002
-egA8-b7-3M$_$16,8,with,True,197.6792928725061,197.67929287250607,1.0000000000000002,True,3.5424687500000003,3.68246875
-egA8-b7-3M$_$16,9,existing,True,215.85975466799513,215.8597546679951,1.0000000000000002,True,3.7424687499999996,4.30246875
-egA8-b7-3M$_$16,10,clients,True,111.73778137116147,249.0383038021908,0.44867708968943965,True,4.34246875,4.80246875
-egA8-b7-3M$_$13,0,what,True,198.05837119057068,211.2701457944391,0.9374650187598056,True,0.52246875,0.64246875
-egA8-b7-3M$_$13,1,are,True,226.4800343683114,226.4800343683114,1.0,True,0.6624687499999999,0.76246875
-egA8-b7-3M$_$13,2,you,True,235.91888402739949,235.91888402739949,1.0,True,0.76246875,0.84246875
-egA8-b7-3M$_$13,3,doing,True,245.71670519916327,245.71670519916327,1.0,True,0.88246875,1.14246875
-egA8-b7-3M$_$13,4,that's,True,164.2312568306839,231.82773698693177,0.7084193589826643,True,1.16246875,1.34246875
-egA8-b7-3M$_$13,5,different,True,131.29416369035346,262.6047180703152,0.4999687920884881,True,1.40246875,1.80246875
-egA8-b7-3M$_$13,6,they,True,191.786517548365,204.62217197463016,0.937271438855333,True,2.3224687499999996,2.4424687499999997
-egA8-b7-3M$_$13,7,always,True,214.0941678459777,214.0941678459777,1.0,True,2.5024687500000002,2.7424687499999996
-egA8-b7-3M$_$13,8,want,True,219.63240005431732,219.63240005431734,0.9999999999999999,True,2.80246875,2.98246875
-egA8-b7-3M$_$13,9,an,True,205.8334628326113,205.8334628326113,1.0,True,3.02246875,3.0824687500000003
-egA8-b7-3M$_$13,10,answer,True,223.566107660864,223.566107660864,1.0,True,3.1624687500000004,3.48246875
-egA8-b7-3M$_$1,0,i,False,7.690044728883148,257.54965287680415,0.02985849385928542,False,1.22246875,1.24246875
-egA8-b7-3M$_$1,1,started,True,198.0745094132385,237.50736399491348,0.833972075987844,True,1.26246875,1.66246875
-egA8-b7-3M$_$1,2,a,True,194.30697106938132,194.30697106938132,1.0,True,1.72246875,1.74246875
-egA8-b7-3M$_$1,3,successful,True,211.2912791776942,234.76806222293317,0.9000000987232001,True,1.84246875,2.4424687499999997
-egA8-b7-3M$_$1,4,legal,True,215.4233098691261,215.4233098691261,1.0,True,2.5024687500000002,2.72246875
-egA8-b7-3M$_$1,5,nurse,True,151.82785429600554,194.68028899869677,0.7798830332382644,True,2.7424687499999996,2.98246875
-egA8-b7-3M$_$1,6,consulting,True,188.55722986932892,196.20163254518886,0.9610380271728916,True,3.02246875,3.5424687500000003
-egA8-b7-3M$_$1,7,business,True,179.64385732987424,179.64385732987424,1.0,True,3.5824687500000003,3.98246875
-egA8-b7-3M$_$1,8,in,False,30.41175317753823,209.22055393901513,0.14535738771823933,False,4.02246875,4.18246875
-egA8-b7-3M$_$1,9,nineteen,False,182.20980266583268,203.61533516116768,0.8948726898276503,False,4.46246875,5.16246875
-egA8-b7-3M$_$1,10,eighty,False,120.47486002281416,172.01367132674253,0.7003795634009251,False,5.26246875,5.96246875
-egA8-b7-3M$_$1,11,nine,False,110.68643912031621,198.3850974031251,0.5579372673109497,False,6.26246875,6.50246875
-egA8-b7-3M$_$1,12,i,False,215.40647482650343,215.40647482650343,1.0,False,6.50246875,6.52246875
-egA8-b7-3M$_$1,13,mentor,True,269.4652987644433,269.4652987644433,1.0,True,6.52246875,6.86246875
-egA8-b7-3M$_$1,14,nurses,True,199.93282057634178,244.20731376720212,0.8187011989613615,True,6.92246875,7.3224687500000005
-egA8-b7-3M$_$1,15,who,True,190.64550958134197,211.21556002296114,0.902611102897045,True,7.36246875,7.44246875
-egA8-b7-3M$_$1,16,want,True,224.1626314183606,224.16263141836058,1.0000000000000002,True,7.56246875,7.78246875
-egA8-b7-3M$_$1,17,to,True,283.2716706458617,283.2716706458618,0.9999999999999999,True,7.8224687500000005,7.88246875
-egA8-b7-3M$_$1,18,become,True,234.86159916904927,234.8615991690493,0.9999999999999998,True,7.94246875,8.26246875
-egA8-b7-3M$_$1,19,legal,True,185.2840954003048,185.2840954003048,1.0,True,8.32246875,8.54246875
-egA8-b7-3M$_$1,20,nurse,True,139.14660109668432,172.75167770001846,0.8054717786203558,True,8.56246875,8.82246875
-egA8-b7-3M$_$1,21,consultants,True,55.663016817264264,189.2815460205078,0.2940752439291331,True,8.84246875,9.52246875
-egA8-b7-3M$_$6,0,first,True,302.39824954430367,329.0421898543215,0.9190257628609447,True,0.50246875,0.84246875
-egA8-b7-3M$_$6,1,exhibiting,True,247.928186734042,247.928186734042,1.0,True,1.00246875,1.58246875
-egA8-b7-3M$_$6,2,is,True,225.8959905848106,225.8959905848106,1.0,True,1.62246875,1.72246875
-egA8-b7-3M$_$6,3,a,True,195.1553400665047,195.1553400665047,1.0,True,1.76246875,1.78246875
-egA8-b7-3M$_$6,4,wonderful,True,266.8278849187651,266.82870578692524,0.9999969236137555,True,1.92246875,2.42246875
-egA8-b7-3M$_$6,5,opportunity,True,232.59784397705076,232.59784397705076,1.0,True,2.52246875,3.1224687500000003
-egA8-b7-3M$_$6,6,to,True,157.17657579183873,209.56591213576607,0.7500102196487604,True,3.26246875,3.34246875
-egA8-b7-3M$_$6,7,network,True,182.19089375245903,200.40458614479843,0.909115391305569,True,3.46246875,3.9024687499999997
-egA8-b7-3M$_$6,8,with,True,188.0744605554174,188.12911670367865,0.9997094753368384,True,3.96246875,4.10246875
-egA8-b7-3M$_$6,9,other,True,222.46135413859992,222.46219986935165,0.9999961983170523,True,4.22246875,4.46246875
-egA8-b7-3M$_$6,10,legal,True,199.53809718596176,199.53809718596176,1.0,True,4.56246875,4.88246875
-egA8-b7-3M$_$6,11,vendors,True,91.3033413902291,191.8052356625097,0.47602111107582906,True,4.94246875,5.46246875
-egA8-b7-3M$_$9,0,secondly,True,281.0827617677114,298.9771675230361,0.9401479186401552,True,0.54246875,1.00246875
-egA8-b7-3M$_$9,1,another,True,250.10877499456112,250.10877499456112,1.0,True,1.20246875,1.6024687499999999
-egA8-b7-3M$_$9,2,goal,True,235.94189101142055,235.94189101142055,1.0,True,1.66246875,1.88246875
-egA8-b7-3M$_$9,3,of,True,223.37808469581034,223.3780846958103,1.0000000000000002,True,1.92246875,2.0024687500000002
-egA8-b7-3M$_$9,4,exhibiting,True,196.55220321126652,196.55220321126652,1.0,True,2.06246875,2.5824687500000003
-egA8-b7-3M$_$9,5,is,True,191.8145063058536,203.5585479645672,0.9423063203380786,True,2.68246875,2.80246875
-egA8-b7-3M$_$9,6,building,True,221.93958577606233,234.2694396931084,0.9473689187407537,True,2.9024687499999997,3.2824687499999996
-egA8-b7-3M$_$9,7,your,True,225.77906241443344,225.77906241443344,1.0,True,3.3224687499999996,3.4424687499999997
-egA8-b7-3M$_$9,8,company,True,199.71437985823334,199.71437985823334,1.0,True,3.48246875,3.8624687499999997
-egA8-b7-3M$_$9,9,image,True,87.08537599720991,166.9677805316545,0.5215699443324627,True,4.02246875,4.38246875
-egA8-b7-3M$_$20,0,now,True,207.13634268278724,207.13634268278724,1.0,True,0.56246875,0.74246875
-egA8-b7-3M$_$20,1,you've,True,209.77307397262132,209.77307397262132,1.0,True,0.78246875,0.90246875
-egA8-b7-3M$_$20,2,got,True,192.57763508043436,192.5776350804344,0.9999999999999999,True,0.96246875,1.14246875
-egA8-b7-3M$_$20,3,a,True,180.7770583888863,180.7770583888863,1.0,True,1.18246875,1.20246875
-egA8-b7-3M$_$20,4,face,True,184.53104974538013,220.76850269997047,0.8358576857141715,True,1.28246875,1.6024687499999999
-egA8-b7-3M$_$20,5,that,True,0.0,0.0,0.0,False,1.64246875,1.76246875
-egA8-b7-3M$_$20,6,you,True,162.98198208784703,179.9632550041406,0.9056403324339578,True,1.80246875,1.88246875
-egA8-b7-3M$_$20,7,can,True,90.09403531593134,201.0640360698973,0.44808627677508334,True,1.94246875,2.06246875
-egA8-b7-3M$_$20,8,connect,True,185.58015979534468,191.87582433224006,0.967188859988978,True,2.1224687500000003,2.5024687500000002
-egA8-b7-3M$_$20,9,with,True,177.91064441375315,177.91064441375315,1.0,True,2.56246875,2.7024687500000004
-egA8-b7-3M$_$20,10,a,True,171.00525421303945,171.00525421303945,1.0,True,2.7424687499999996,2.76246875
-egA8-b7-3M$_$20,11,voice,True,150.8074432321914,188.7866857305046,0.79882457096297,True,2.8624687499999997,3.3224687499999996
-egA8-b7-3M$_$20,12,and,True,117.56876659075108,198.36516177591932,0.5926885827036561,True,3.92246875,4.042468749999999
-egA8-b7-3M$_$20,13,that,True,166.42515404574755,203.0550747289695,0.8196059826029257,True,4.06246875,4.2424687500000005
-egA8-b7-3M$_$20,14,makes,True,203.75854735659553,203.76469852570216,0.9999698123907078,True,4.28246875,4.50246875
-egA8-b7-3M$_$20,15,you,True,218.2140769788335,236.30856733266066,0.9234285470134697,True,4.542468749999999,4.64246875
-egA8-b7-3M$_$20,16,closer,True,175.66893859847116,241.54410478468097,0.7272747921339967,True,4.68246875,5.1224687499999995
-egA8-b7-3M$_$20,17,to,True,112.13999341478163,207.1941507915715,0.54123146327422,True,5.2024687499999995,5.26246875
-egA8-b7-3M$_$20,18,that,True,175.28079613733323,175.28079613733323,1.0,True,5.3224687500000005,5.50246875
-egA8-b7-3M$_$20,19,client,True,102.88920878361611,174.08141502967246,0.5910407424369711,True,5.56246875,6.00246875
-iRBcNs9oI8$_$3,0,well,False,9.073790980206496,195.3793904408877,0.04644190443900368,False,2.30246875,2.56246875
-iRBcNs9oI8$_$3,1,it,False,1.0619458010791467,182.35453737019967,0.00582352277269241,False,2.5824687500000003,2.64246875
-iRBcNs9oI8$_$3,2,is,False,2.947259822358771,186.91980216423175,0.015767509853071883,False,2.64246875,2.68246875
-iRBcNs9oI8$_$3,3,the,False,0.13870596256151754,189.71138526375847,0.0007311420048336721,False,2.68246875,3.2424687499999996
-iRBcNs9oI8$_$3,4,secret,False,105.97183377611317,202.20675898478416,0.5240766149863835,False,3.3224687499999996,3.7424687499999996
-iRBcNs9oI8$_$3,5,of,False,216.73014233739895,216.73014233739895,1.0,False,3.80246875,3.96246875
-iRBcNs9oI8$_$3,6,power,False,197.92998294283913,197.92998294283913,1.0,False,3.96246875,4.64246875
-iRBcNs9oI8$_$3,7,pose,False,93.92945431506374,187.4705085168324,0.5010358965694601,False,4.68246875,4.78246875
-iRBcNs9oI8$_$7,0,well,False,19.118611770228494,243.87124955133822,0.07839633333327292,False,0.36246875,0.50246875
-iRBcNs9oI8$_$7,1,for,False,14.093577388173886,269.201435788395,0.052353277191478656,False,0.52246875,0.76246875
-iRBcNs9oI8$_$7,2,starters,False,122.09754218993014,252.6701672213717,0.48322896023952405,False,1.00246875,1.64246875
-iRBcNs9oI8$_$7,3,let's,False,292.26782100084984,294.292259880577,0.9931209917632606,False,1.82246875,2.42246875
-iRBcNs9oI8$_$7,4,look,False,205.59745649854534,249.12138111173797,0.825290288537414,False,2.46246875,2.60246875
-iRBcNs9oI8$_$7,5,at,False,260.4534353789303,273.8260083224769,0.9511639780842216,False,2.60246875,2.7024687500000004
-iRBcNs9oI8$_$7,6,the,False,233.94399473014664,234.47985074615104,0.9977147033559632,False,2.80246875,2.98246875
-iRBcNs9oI8$_$7,7,word,False,126.29728395696513,191.0269365347903,0.6611490832025333,False,3.1624687500000004,3.64246875
-iRBcNs9oI8$_$7,8,power,False,177.1799407266943,204.15293643188346,0.8678784827854346,False,3.7024687500000004,3.96246875
-iRBcNs9oI8$_$6,0,what,False,215.7439992371118,230.9475356924682,0.9341688734206649,False,1.80246875,2.02246875
-iRBcNs9oI8$_$6,1,is,False,197.991758579805,197.99175857980504,0.9999999999999999,False,2.06246875,2.1224687500000003
-iRBcNs9oI8$_$6,2,a,False,185.11891717112346,185.11891717112346,1.0,False,2.1224687500000003,2.14246875
-iRBcNs9oI8$_$6,3,power,False,37.831054834792106,175.77372161639,0.2152258852284809,False,2.1624687500000004,2.30246875
-iRBcNs9oI8$_$6,4,pose,False,0.8878520352234611,224.38993419367193,0.0039567373572878374,False,2.34246875,2.46246875
-iRBcNs9oI8$_$9,0,power,False,155.01027889302492,291.8206399921496,0.5311833970934848,False,1.28246875,1.68246875
-iRBcNs9oI8$_$9,1,is,False,286.2693646903783,287.31105881808895,0.9963743333375478,False,1.72246875,1.80246875
-iRBcNs9oI8$_$9,2,similar,False,123.28565458008764,253.5721980151691,0.4861954723155907,False,1.96246875,2.42246875
-iRBcNs9oI8$_$9,3,to,False,0.0,0.0,0.0,False,2.46246875,2.5424687500000003
-iRBcNs9oI8$_$9,4,strength,False,0.0,0.0,0.0,False,2.5824687500000003,3.02246875
-iRBcNs9oI8$_$8,0,i've,False,3.022700966160716,325.2115296435292,0.009294568890204963,False,2.72246875,2.88246875
-iRBcNs9oI8$_$8,1,drawn,False,65.45126736294652,326.2670966383027,0.20060639898207488,False,3.14246875,4.16246875
-iRBcNs9oI8$_$8,2,this,False,411.7810751358207,412.561088480992,0.9981093385514295,False,4.18246875,4.30246875
-iRBcNs9oI8$_$8,3,man,False,384.47833786383404,384.478337863834,1.0000000000000002,False,4.30246875,4.36246875
-iRBcNs9oI8$_$8,4,here,False,326.85575051964895,326.85575051964895,0.9999999999999999,False,4.36246875,4.60246875
-iRBcNs9oI8$_$8,5,and,False,298.6458816689656,298.6458816689656,1.0,False,4.6224687499999995,4.7424687500000005
-iRBcNs9oI8$_$8,6,if,False,271.6927444567963,271.72811829715977,0.9998698189919205,False,4.7424687500000005,4.8224687500000005
-iRBcNs9oI8$_$8,7,you,False,208.17308672102112,232.99818946879532,0.8934536667243118,False,4.84246875,4.94246875
-iRBcNs9oI8$_$8,8,can,False,221.4831894391825,224.92820560207284,0.9846839299070166,False,4.94246875,5.00246875
-iRBcNs9oI8$_$8,9,tell,False,230.10031454841786,233.0336832012426,0.9874122546898443,False,5.042468749999999,5.2424687500000005
-iRBcNs9oI8$_$8,10,he,False,219.53994593081904,223.33613238181715,0.9830023632516923,False,5.2424687500000005,5.28246875
-iRBcNs9oI8$_$8,11,has,False,179.83489557278503,194.08887655841818,0.9265595162464506,False,5.30246875,5.36246875
-iRBcNs9oI8$_$8,12,a,False,170.91524143806419,173.0026886575635,0.9879340186230795,False,5.36246875,5.38246875
-iRBcNs9oI8$_$8,13,lot,False,109.54218632139745,148.39366309129085,0.7381864160466731,False,5.38246875,5.52246875
-iRBcNs9oI8$_$8,14,of,False,0.029142150138686512,133.13591554177606,0.00021889022222213318,False,5.58246875,5.6224687499999995
-iRBcNs9oI8$_$8,15,big,False,2.2029127560312243,211.17778222614928,0.01043155550176266,False,5.64246875,5.7424687500000005
-iRBcNs9oI8$_$8,16,muscles,False,1.102803599507257,233.15230633247103,0.004729970794003979,False,5.7424687500000005,6.52246875
-iRBcNs9oI8$_$8,17,he,False,2.0754609142123503,227.32473200881344,0.009129938902256725,False,6.52246875,6.60246875
-iRBcNs9oI8$_$8,18,looks,False,77.94700166766661,225.48826571752372,0.34568096667750015,False,6.7024687499999995,7.42246875
-iRBcNs9oI8$_$8,19,very,False,226.13283834729472,227.12700531577815,0.995622858818126,False,7.50246875,7.66246875
-iRBcNs9oI8$_$8,20,strong,False,245.28730031263288,262.2500338517374,0.9353184695919073,False,7.7024687499999995,8.00246875
-lzEya4AM_4$_$5,0,if,True,0.0,0.0,0.0,False,0.52246875,0.60246875
-lzEya4AM_4$_$5,1,it,True,0.0,0.0,0.0,False,0.62246875,0.70246875
-lzEya4AM_4$_$5,2,falls,True,154.80554897321412,159.42319647216945,0.9710352846942105,True,0.74246875,1.00246875
-lzEya4AM_4$_$5,3,into,True,167.38382045199572,167.38382045199575,0.9999999999999999,True,1.06246875,1.24246875
-lzEya4AM_4$_$5,4,oh,False,153.47661382640743,154.27471615803637,0.9948267457461314,False,1.34246875,1.46246875
-lzEya4AM_4$_$5,5,any,True,159.6643595871395,159.66435958713953,0.9999999999999999,True,1.6024687499999999,1.72246875
-lzEya4AM_4$_$5,6,of,True,170.17153253445068,170.17153253445068,1.0,True,1.78246875,1.84246875
-lzEya4AM_4$_$5,7,those,True,154.21643530954904,165.8002189835833,0.930134087005149,True,1.88246875,2.0824687500000003
-lzEya4AM_4$_$5,8,three,True,127.84574455011526,173.71820455318522,0.7359375194956856,True,2.10246875,2.2824687499999996
-lzEya4AM_4$_$5,9,categories,True,105.73466569096544,140.21627907057857,0.754082667089913,True,2.30246875,2.92246875
-lzEya4AM_4$_$5,10,inducing,True,129.9995841133752,149.93406854530525,0.8670449976757184,True,3.6224687500000003,4.22246875
-lzEya4AM_4$_$5,11,nausea,True,142.44332378641724,142.44332378641724,1.0,True,5.042468749999999,5.402468750000001
-lzEya4AM_4$_$5,12,and,True,157.83549445719842,157.83549445719842,1.0,True,5.44246875,5.542468749999999
-lzEya4AM_4$_$5,13,vomiting,True,132.0398579398251,132.0398579398251,1.0,True,5.58246875,6.02246875
-lzEya4AM_4$_$5,14,would,True,112.68331727889282,126.63446648121472,0.889831342208944,True,6.2424687500000005,6.36246875
-lzEya4AM_4$_$5,15,be,True,130.78820716278318,130.78820716278318,1.0,True,6.38246875,6.42246875
-lzEya4AM_4$_$5,16,your,True,122.22744477345591,122.22744477345591,1.0,True,6.48246875,6.60246875
-lzEya4AM_4$_$5,17,next,True,64.6344351736642,115.93754730873617,0.5574935529862969,True,6.6224687499999995,6.8224687500000005
-lzEya4AM_4$_$5,18,step,True,0.0,0.0,0.0,False,6.8224687500000005,7.042468749999999
-lzEya4AM_4$_$6,0,if,True,0.0,0.0,0.0,False,0.56246875,0.6624687499999999
-lzEya4AM_4$_$6,1,the,True,0.0,0.0,0.0,False,0.70246875,0.8024687500000001
-lzEya4AM_4$_$6,2,product,True,135.4800434250463,165.58792197713933,0.8181758778502597,True,0.84246875,1.28246875
-lzEya4AM_4$_$6,3,or,True,0.0,0.0,0.0,False,1.56246875,1.64246875
-lzEya4AM_4$_$6,4,poison,True,140.37695427874212,159.07756675453047,0.8824434339969199,True,1.70246875,2.10246875
-lzEya4AM_4$_$6,5,is,True,83.8409773602903,141.12198652816573,0.594102871019017,True,2.1624687500000004,2.2424687499999996
-lzEya4AM_4$_$6,6,some,True,149.59705349892252,157.06304994321488,0.9524649722070746,True,2.2824687499999996,2.4424687499999997
-lzEya4AM_4$_$6,7,type,True,148.85445874162608,148.8544587416261,0.9999999999999999,True,2.46246875,2.68246875
-lzEya4AM_4$_$6,8,of,True,135.4301607986252,135.4301607986252,1.0,True,2.72246875,2.7824687499999996
-lzEya4AM_4$_$6,9,petroleum,True,107.714946631817,158.91414215947188,0.6778185073278375,True,2.8624687499999997,3.38246875
-lzEya4AM_4$_$6,10,product,True,144.6424788516303,170.16506116273987,0.8500127926572385,True,3.4024687499999997,3.80246875
-lzEya4AM_4$_$6,11,or,True,141.1617939370204,141.16814733376202,0.999954994119696,True,4.2024687499999995,4.28246875
-lzEya4AM_4$_$6,12,corrosive,True,110.38311061978544,168.88708027007735,0.6535912068777865,True,4.3224687500000005,4.8224687500000005
-lzEya4AM_4$_$6,13,product,True,0.0,0.0,0.0,False,4.84246875,5.2424687500000005
-lzEya4AM_4$_$6,14,you,True,134.27162456763634,134.27291505728732,0.9999903890546321,True,5.8224687500000005,5.902468750000001
-lzEya4AM_4$_$6,15,would,True,131.29844449615356,131.29844449615354,1.0000000000000002,True,5.92246875,6.06246875
-lzEya4AM_4$_$6,16,not,True,168.05216834715188,168.05350685576042,0.999992035223581,True,6.1224687499999995,6.28246875
-lzEya4AM_4$_$6,17,attempt,True,0.0,0.0,0.0,False,6.42246875,6.8224687500000005
-lzEya4AM_4$_$6,18,to,True,57.16352953096811,139.90763280326343,0.4085804926122283,True,7.18246875,7.26246875
-lzEya4AM_4$_$6,19,induce,True,119.5534415786086,132.96003333712738,0.8991682581447191,True,7.58246875,7.96246875
-lzEya4AM_4$_$6,20,vomiting,True,126.69116934273418,126.69116934273418,1.0,True,7.98246875,8.42246875
-lzEya4AM_4$_$6,21,and,True,131.93430743761078,131.93828548959422,0.9999698491459951,True,8.58246875,8.68246875
-lzEya4AM_4$_$6,22,nausea,True,84.02138464065199,128.33097419503147,0.6547241238343611,True,8.70246875,9.08246875
-lzEya4AM_4$_$6,23,as,False,0.0,0.0,0.0,False,9.62246875,9.70246875
-lzEya4AM_4$_$6,24,as,False,0.0,0.0,0.0,False,9.74246875,9.82246875
-lzEya4AM_4$_$6,25,the,True,0.0,0.0,0.0,False,9.86246875,9.94246875
-lzEya4AM_4$_$6,26,product,True,113.65043228485065,138.21304932115095,0.8222843851796746,True,9.96246875,10.34246875
-lzEya4AM_4$_$6,27,burned,True,142.06710305278494,142.06710305278494,1.0,True,10.42246875,10.70246875
-lzEya4AM_4$_$6,28,on,True,137.06709691514126,137.06709691514126,1.0,True,10.74246875,10.80246875
-lzEya4AM_4$_$6,29,the,True,132.14553867573963,132.14553867573963,1.0,True,10.84246875,10.90246875
-lzEya4AM_4$_$6,30,way,True,133.17697227145618,133.17697227145618,1.0,True,10.94246875,11.08246875
-lzEya4AM_4$_$6,31,down,True,149.58366198520602,160.1838929529158,0.9338246138715982,True,11.12246875,11.42246875
-lzEya4AM_4$_$6,32,it,True,0.0,0.0,0.0,False,11.78246875,11.86246875
-lzEya4AM_4$_$6,33,could,True,0.0,0.0,0.0,False,11.882468750000001,12.00246875
-lzEya4AM_4$_$6,34,cause,True,108.81569704331282,131.0659091045636,0.8302364648956909,True,12.02246875,12.30246875
-lzEya4AM_4$_$6,35,damage,True,133.43843398671422,133.43843398671422,1.0,True,12.34246875,12.72246875
-lzEya4AM_4$_$6,36,and,True,132.21126841360658,132.21126841360658,1.0,True,12.74246875,12.84246875
-lzEya4AM_4$_$6,37,burning,True,145.1585780772486,145.1585780772486,1.0,True,12.882468750000001,13.22246875
-lzEya4AM_4$_$6,38,on,True,126.8932425870692,126.89324258706917,1.0000000000000002,True,13.44246875,13.52246875
-lzEya4AM_4$_$6,39,the,True,121.3234660402697,121.32346604026971,0.9999999999999999,True,13.54246875,13.60246875
-lzEya4AM_4$_$6,40,way,True,120.81054570762747,120.81054570762747,1.0,True,13.642468749999999,13.76246875
-lzEya4AM_4$_$6,41,back,True,87.49733623106496,118.61716144272134,0.7376448328964293,True,13.80246875,14.00246875
-lzEya4AM_4$_$6,42,up,True,0.0,0.0,0.0,False,14.06246875,14.18246875
-mJ2ud6oKI8$_$1,0,there,False,0.0,0.0,0.0,False,0.50246875,1.08246875
-mJ2ud6oKI8$_$1,1,are,False,0.0,0.0,0.0,False,1.20246875,1.44246875
-mJ2ud6oKI8$_$1,2,a,False,0.0,0.0,0.0,False,1.52246875,1.54246875
-mJ2ud6oKI8$_$1,3,dozen,False,0.0,0.0,0.0,False,1.64246875,2.0824687500000003
-mJ2ud6oKI8$_$1,4,or,False,0.0,0.0,0.0,False,2.1624687500000004,2.2824687499999996
-mJ2ud6oKI8$_$1,5,more,False,0.0,0.0,0.0,False,2.38246875,2.72246875
-mJ2ud6oKI8$_$1,6,hands,False,0.0,0.0,0.0,False,2.80246875,3.2424687499999996
-mJ2ud6oKI8$_$1,7,on,False,0.0,0.0,0.0,False,3.3224687499999996,3.46246875
-mJ2ud6oKI8$_$1,8,techniques,False,0.0,0.0,0.0,False,3.5424687500000003,4.52246875
-mJ2ud6oKI8$_$1,9,that,False,0.0,0.0,0.0,False,4.60246875,4.94246875
-mJ2ud6oKI8$_$1,10,we,False,0.0,0.0,0.0,False,5.02246875,5.14246875
-mJ2ud6oKI8$_$1,11,can,False,0.0,0.0,0.0,False,5.2424687500000005,5.46246875
-mJ2ud6oKI8$_$1,12,do,False,0.0,0.0,0.0,False,5.56246875,5.68246875
-mJ2ud6oKI8$_$2,0,so,False,0.0,0.0,0.0,False,0.14246874999999998,0.24246875
-mJ2ud6oKI8$_$2,1,physical,False,0.0,0.0,0.0,False,0.32246874999999997,0.94246875
-mJ2ud6oKI8$_$2,2,therapists,False,0.0,0.0,0.0,False,1.00246875,1.68246875
-mJ2ud6oKI8$_$2,3,and,False,0.0,0.0,0.0,False,1.72246875,1.88246875
-mJ2ud6oKI8$_$2,4,chiropractors,False,0.0,0.0,0.0,False,1.94246875,2.80246875
-mJ2ud6oKI8$_$2,5,will,False,0.0,0.0,0.0,False,2.84246875,3.10246875
-mJ2ud6oKI8$_$2,6,do,False,0.0,0.0,0.0,False,3.14246875,3.2424687499999996
-mJ2ud6oKI8$_$2,7,joint,False,0.0,0.0,0.0,False,3.2824687499999996,3.5824687500000003
-mJ2ud6oKI8$_$2,8,manipulations,False,0.0,0.0,0.0,False,3.64246875,4.50246875
-mJ2ud6oKI8$_$2,9,and,False,0.0,0.0,0.0,False,4.542468749999999,4.7024687499999995
-mJ2ud6oKI8$_$2,10,mobilizations,False,0.0,0.0,0.0,False,4.7424687500000005,5.58246875
-mJ2ud6oKI8$_$6,0,they,False,0.7804648793919884,79.47407629549441,0.009820370563227734,False,1.6024687499999999,1.74246875
-mJ2ud6oKI8$_$6,1,are,False,69.0590148600161,125.25216328318838,0.5513598571856791,False,1.76246875,1.84246875
-mJ2ud6oKI8$_$6,2,all,False,71.27966066491636,124.67180132287717,0.5717384357054012,False,1.8624687500000001,1.94246875
-mJ2ud6oKI8$_$6,3,very,False,79.08514148271165,92.18406474021951,0.8579046899871312,False,1.94246875,2.06246875
-mJ2ud6oKI8$_$6,4,safe,False,94.00391343273527,94.00543604836759,0.9999838028980418,False,2.0824687500000003,2.2024687500000004
-mJ2ud6oKI8$_$9,0,it's,False,89.76632132052222,89.76632132052224,0.9999999999999998,False,2.0424687500000003,2.1624687500000004
-mJ2ud6oKI8$_$9,1,safe,False,86.59089277356031,86.5908927735603,1.0000000000000002,False,2.18246875,2.2824687499999996
-mJ2ud6oKI8$_$9,2,and,False,76.43789458425454,76.6777228179405,0.9968722567015272,False,2.2824687499999996,2.3624687499999997
-mJ2ud6oKI8$_$9,3,the,False,7.220329602338873,76.66512800715937,0.09418010234933155,False,2.3624687499999997,2.4424687499999997
-mJ2ud6oKI8$_$9,4,person,False,0.0,0.0,0.0,False,2.4424687499999997,2.60246875
-mJ2ud6oKI8$_$9,5,will,False,0.0,0.0,0.0,False,2.6224687500000003,2.7424687499999996
-mJ2ud6oKI8$_$9,6,feel,False,0.0,0.0,0.0,False,2.76246875,2.92246875
-mJ2ud6oKI8$_$9,7,better,False,33.6559644274078,83.7123496362284,0.40204300289813427,False,2.9424687499999997,3.1224687500000003
-mJ2ud6oKI8$_$9,8,later,False,84.64394255384194,84.68692528426544,0.9994924513993249,False,3.1224687500000003,3.22246875
-mJ2ud6oKI8$_$9,9,on,False,76.8578359987008,85.97609522468785,0.8939442504087025,False,3.22246875,3.26246875
-mJ2ud6oKI8$_$9,10,but,False,7.903292934797117,87.84356328532431,0.08997008590289608,False,3.2824687499999996,3.3624687499999997
-mJ2ud6oKI8$_$9,11,it's,False,88.25334036971202,91.82050238007113,0.9611507025348911,False,3.3624687499999997,3.5024687500000002
-mJ2ud6oKI8$_$9,12,sort,False,58.80527279805356,85.04860767682787,0.6914313403166445,False,3.5424687500000003,4.14246875
-mJ2ud6oKI8$_$9,13,of,False,45.64619959068842,81.21824756668772,0.5620190161479248,False,4.18246875,4.3224687500000005
-mJ2ud6oKI8$_$9,14,like,False,25.90937537791949,76.82042693961525,0.3372719523973171,False,5.2424687500000005,5.94246875
-mJ2ud6oKI8$_$9,15,flossing,False,7.548990191721024,76.64427842051724,0.09849385169108986,False,5.94246875,6.22246875
-mJ2ud6oKI8$_$9,16,your,False,0.0,0.0,0.0,False,6.2424687500000005,6.36246875
-mJ2ud6oKI8$_$9,17,teeth,False,50.16849968854952,83.46664378166747,0.6010604645824812,False,6.42246875,6.56246875
-mJ2ud6oKI8$_$9,18,for,False,70.33138726923421,81.10696467634041,0.8671436238539263,False,6.56246875,6.6224687499999995
-mJ2ud6oKI8$_$9,19,the,False,77.55204135964671,81.85986568235211,0.9473756243453729,False,6.6224687499999995,6.68246875
-mJ2ud6oKI8$_$9,20,first,False,80.68439872179313,80.68439872179314,0.9999999999999999,False,6.68246875,6.78246875
-mJ2ud6oKI8$_$9,21,time,False,79.59931713615923,79.59931713615923,1.0,False,6.80246875,6.90875
-mJ2ud6oKI8$_$8,0,sometimes,False,46.03899813715575,112.80632355182924,0.4081242672180783,False,0.64246875,1.04246875
-mJ2ud6oKI8$_$8,1,we,False,102.7725997257663,102.7725997257663,1.0,False,1.04246875,1.08246875
-mJ2ud6oKI8$_$8,2,have,False,85.63009992118641,85.6300999211864,1.0000000000000002,False,1.1024687499999999,1.30246875
-mJ2ud6oKI8$_$8,3,to,False,92.79206913264716,92.79206913264716,1.0,False,1.38246875,1.44246875
-mJ2ud6oKI8$_$8,4,stretch,False,77.42714506679866,91.9018392308113,0.842498319019933,False,1.50246875,2.02246875
-mJ2ud6oKI8$_$8,5,that,False,79.45484148030712,79.83004849466583,0.9952999275155924,False,2.0424687500000003,2.14246875
-mJ2ud6oKI8$_$8,6,joint,False,92.09562296607072,92.09966930586315,0.9999560656425488,False,2.18246875,2.3224687499999996
-mJ2ud6oKI8$_$8,7,that,False,70.83634928302001,78.91645916663586,0.8976118547519433,False,2.34246875,2.46246875
-mJ2ud6oKI8$_$8,8,is,False,11.386340507087438,87.66760913950172,0.12988081480548694,False,2.5024687500000002,2.56246875
-mJ2ud6oKI8$_$8,9,already,False,66.47875062794411,91.84652756169879,0.7238025474973604,False,2.6224687500000003,2.9424687499999997
-mJ2ud6oKI8$_$8,10,irritated,False,84.26507807893488,84.28344541901257,0.9997820765396294,False,2.98246875,3.2824687499999996
-mqbVkbCndg$_$0,0,how,True,171.41399965348197,176.63417390524836,0.9704464083231898,True,0.14246874999999998,0.36246875
-mqbVkbCndg$_$0,1,at,True,152.96389845835566,152.96389845835566,1.0,True,0.84246875,0.92246875
-mqbVkbCndg$_$0,2,a,True,160.71168263718232,160.71168263718232,1.0,True,0.96246875,0.98246875
-mqbVkbCndg$_$0,3,particular,True,111.60921255206176,158.53469235674643,0.7040049776670364,True,1.02246875,1.56246875
-mqbVkbCndg$_$0,4,moment,True,129.87457998695166,129.87457998695166,1.0,True,1.64246875,2.0024687500000002
-mqbVkbCndg$_$0,5,in,True,119.17092404403998,119.17092404403995,1.0000000000000002,True,2.06246875,2.14246875
-mqbVkbCndg$_$0,6,time,True,114.6266298520346,114.62662985203461,0.9999999999999999,True,2.22246875,2.56246875
-mqbVkbCndg$_$0,7,our,True,149.64934046708794,149.64934046708794,1.0,True,2.7424687499999996,2.9424687499999997
-mqbVkbCndg$_$0,8,moment,False,106.09706965068942,106.0994040422712,0.9999779980707445,False,3.0424687500000003,3.42246875
-mqbVkbCndg$_$0,9,in,True,54.085758292104785,54.085758292104785,1.0,True,3.48246875,3.5824687500000003
-mqbVkbCndg$_$0,10,time,True,34.087307151438765,55.814791245894,0.6107217529716442,True,3.6624687500000004,4.02246875
-mqbVkbCndg$_$0,11,are,True,124.49478823426784,124.49478823426784,1.0,True,4.50246875,4.64246875
-mqbVkbCndg$_$0,12,they,True,123.62148011204478,123.62148011204478,1.0,True,4.66246875,4.86246875
-mqbVkbCndg$_$0,13,limited,True,73.32146239339313,109.98098333150915,0.6666740028354229,True,5.402468750000001,5.88246875
-t217m2on-s$_$2,0,but,False,114.20667641175896,149.91730329428864,0.7617978305517578,False,1.06246875,1.26246875
-t217m2on-s$_$2,1,a,False,143.5583199429591,143.61908891199116,0.9995768740110215,False,1.32246875,1.34246875
-t217m2on-s$_$2,2,good,True,194.15392881612226,205.1965966489391,0.9461849367233452,True,1.44246875,1.58246875
-t217m2on-s$_$2,3,thing,True,177.85055007695973,207.450035375558,0.8573175210839915,True,1.6024687499999999,1.74246875
-t217m2on-s$_$2,4,to,True,176.36026533410896,176.36026533410896,1.0,True,1.76246875,1.82246875
-t217m2on-s$_$2,5,do,True,170.8110665958008,170.81106659580078,1.0000000000000002,True,1.8624687500000001,1.90246875
-t217m2on-s$_$2,6,is,True,147.94281934062295,147.94281934062295,1.0,True,1.96246875,2.0424687500000003
-t217m2on-s$_$2,7,yawning,True,153.3520332177191,153.37306445654005,0.9998628752780322,True,2.1224687500000003,2.5824687500000003
-t217m2on-s$_$2,8,chewing,True,121.07993244420484,163.1596447785208,0.7420948519994844,True,3.56246875,3.9024687499999997
-t217m2on-s$_$2,9,gum,True,151.78657468905922,151.78657468905925,0.9999999999999999,True,4.00246875,4.22246875
-t217m2on-s$_$2,10,is,True,156.09059839381652,156.09059839381652,1.0,True,4.28246875,4.38246875
-t217m2on-s$_$2,11,effective,True,120.25453716208959,144.78529157524514,0.8305715024898997,True,4.44246875,5.08246875
-t217m2on-s$_$7,0,if,True,0.0,0.0,0.0,False,0.54246875,0.62246875
-t217m2on-s$_$7,1,you,True,121.771219972064,131.72821758493765,0.9244125685792914,True,0.6624687499999999,0.76246875
-t217m2on-s$_$7,2,find,True,153.8968516575758,177.57131877239632,0.8666762894002861,True,0.8024687500000001,1.1024687499999999
-t217m2on-s$_$7,3,that,True,164.77739851876044,164.77739851876046,0.9999999999999999,True,1.12246875,1.30246875
-t217m2on-s$_$7,4,your,True,139.17863831079828,139.17863831079828,1.0,True,1.40246875,1.54246875
-t217m2on-s$_$7,5,ears,True,146.43235327854708,152.02044604771825,0.9632411763387597,True,1.68246875,2.02246875
-t217m2on-s$_$7,6,consistently,False,129.13634702287249,164.8587102587145,0.7833152814323092,False,3.26246875,3.9424687499999997
-t217m2on-s$_$7,7,do,True,162.02604561209924,162.0260456120992,1.0000000000000002,True,4.28246875,4.38246875
-t217m2on-s$_$7,8,this,True,174.57421391053202,204.82916740731872,0.8522917713343903,True,4.48246875,4.7024687499999995
-t217m2on-s$_$7,9,and,True,141.8996277101047,141.8996277101047,1.0,True,4.78246875,4.88246875
-t217m2on-s$_$7,10,you,True,135.16710919881626,135.16884180811883,0.9999871818883748,True,4.88246875,4.98246875
-t217m2on-s$_$7,11,can't,True,128.43150350872023,147.97151550611528,0.8679474767115737,True,5.02246875,5.38246875
-t217m2on-s$_$7,12,pop,True,85.97736423285785,139.59057145045952,0.6159252973856553,True,5.542468749999999,5.8224687500000005
-t217m2on-s$_$7,13,them,True,56.88620127739727,151.7796708525668,0.37479460166081424,True,5.88246875,6.02246875
-t217m2on-s$_$7,14,often,True,98.41933266183753,173.89604530144425,0.5659664800957962,True,6.1224687499999995,6.44246875
-t217m2on-s$_$7,15,you'll,True,148.08349843716692,155.4028901815596,0.952900542996071,True,6.92246875,7.08246875
-t217m2on-s$_$7,16,definitely,True,175.00935524767135,175.01033902338523,0.999994378756596,True,7.08246875,7.50246875
-t217m2on-s$_$7,17,need,True,151.93277659279235,152.00649603763839,0.9995150243787755,True,7.78246875,7.92246875
-t217m2on-s$_$7,18,to,True,142.43622049313572,142.48244140292147,0.9996756027666944,True,7.94246875,8.00246875
-t217m2on-s$_$7,19,see,True,114.71826435830698,148.87841237900864,0.770550024850224,True,8.08246875,8.20246875
-t217m2on-s$_$7,20,a,True,140.84189789801508,140.85188448369934,0.9999290986718364,True,8.24246875,8.26246875
-t217m2on-s$_$7,21,physician,True,117.9745081280303,146.01192375898742,0.8079785889456761,True,8.30246875,8.86246875
-t217m2on-s$_$7,22,regarding,True,146.80887876577907,146.81229989125993,0.9999766972829702,True,9.48246875,9.94246875
-t217m2on-s$_$7,23,those,True,99.2802258013994,134.5878009888575,0.7376614007507172,True,9.96246875,10.16246875
-t217m2on-s$_$7,24,things,True,139.54339675040146,151.83839964510628,0.9190257344423935,True,10.20246875,10.54246875
-t217m2on-s$_$7,25,it,True,126.9452171539224,126.9452171539224,1.0,True,10.882468750000001,10.96246875
-t217m2on-s$_$7,26,could,True,98.20542015925584,157.15128980902213,0.6249100486454793,True,11.00246875,11.18246875
-t217m2on-s$_$7,27,be,True,151.68119214088014,151.68119214088014,0.9999999999999999,True,11.22246875,11.28246875
-t217m2on-s$_$7,28,something,True,135.75161112984932,148.11774872010764,0.9165114397355165,True,11.40246875,11.74246875
-t217m2on-s$_$7,29,more,True,138.9920205584188,138.9920205584188,1.0,True,11.76246875,11.96246875
-t217m2on-s$_$7,30,of,True,136.31670662073492,136.3167066207349,1.0000000000000002,True,11.98246875,12.04246875
-t217m2on-s$_$7,31,a,True,133.4872288605184,133.48722886051843,0.9999999999999998,True,12.08246875,12.10246875
-t217m2on-s$_$7,32,nasal,True,140.32952734776512,140.32952734776512,1.0,True,12.16246875,12.50246875
-t217m2on-s$_$7,33,infection,True,90.24321340730167,135.36396994206694,0.6666708537428678,True,12.54246875,13.142468749999999
-t217m2on-s$_$7,34,or,True,126.57189585278947,126.57313110973656,0.9999902407648744,True,13.32246875,13.40246875
-t217m2on-s$_$7,35,a,True,48.67150652821366,128.93821038847847,0.3774793087446388,True,13.46246875,13.48246875
-t217m2on-s$_$7,36,sinus,True,100.74825736059883,130.79764776229104,0.7702604678617512,True,13.56246875,13.92246875
-t217m2on-s$_$7,37,infection,True,75.3806595681648,124.02168379230564,0.6078022589533771,True,13.98246875,14.56246875
-t217m2on-s$_$7,38,that,True,0.0,0.0,0.0,False,15.142468749999999,15.30246875
-t217m2on-s$_$7,39,he,True,74.12415078685329,141.22779025348174,0.524855275677769,True,15.36246875,15.46246875
-t217m2on-s$_$7,40,would,True,129.39283232917285,129.39283232917285,1.0,True,15.56246875,15.76246875
-t217m2on-s$_$7,41,need,True,122.02184983493487,122.02184983493487,1.0,True,15.80246875,15.94246875
-t217m2on-s$_$7,42,to,True,115.33239791045698,115.33239791045698,1.0,True,15.98246875,16.042468749999998
-t217m2on-s$_$7,43,deal,True,125.74637851455061,125.74637851455061,1.0,True,16.082468749999997,16.28246875
-t217m2on-s$_$7,44,with,True,3.795804336466955,109.6824951171875,0.03460720265719178,True,16.32246875,16.542468749999998
-tANM6ETl_M$_$3,0,the,True,0.0,0.0,0.0,False,0.52246875,0.60246875
-tANM6ETl_M$_$3,1,first,True,138.74429766787713,258.22654288155695,0.5372968096913113,True,0.68246875,0.94246875
-tANM6ETl_M$_$3,2,place,True,65.70125205801469,169.1274049548117,0.38847194560555737,True,0.98246875,1.32246875
-tANM6ETl_M$_$3,3,is,True,128.96120459929372,128.96120459929372,1.0,True,1.3624687500000001,1.46246875
-tANM6ETl_M$_$3,4,either,True,170.384726196028,170.384726196028,1.0,True,1.54246875,1.74246875
-tANM6ETl_M$_$3,5,you,True,134.0078714685265,134.0078714685265,1.0,True,1.84246875,1.96246875
-tANM6ETl_M$_$3,6,have,True,129.43397377336998,129.43397377336998,1.0,True,2.02246875,2.2024687500000004
-tANM6ETl_M$_$3,7,a,True,112.97843150250996,112.97843150250996,1.0,True,2.2424687499999996,2.26246875
-tANM6ETl_M$_$3,8,prospect,True,141.0209383316402,182.6059660586463,0.7722690631386571,True,2.34246875,2.9024687499999997
-tANM6ETl_M$_$3,9,or,True,133.24156793415605,133.24156793415602,1.0000000000000002,True,2.9424687499999997,3.0024687500000002
-tANM6ETl_M$_$3,10,a,True,114.24716083656593,114.24716083656593,1.0,True,3.0424687500000003,3.06246875
-tANM6ETl_M$_$3,11,customer,True,147.6833899394326,158.5808170180805,0.9312815554645211,True,3.1224687500000003,3.52246875
-tANM6ETl_M$_$3,12,who's,True,116.21201287337863,116.21201287337863,1.0,True,3.5424687500000003,3.68246875
-tANM6ETl_M$_$3,13,never,True,190.1983184259366,190.1983184259366,1.0,True,3.8624687499999997,4.16246875
-tANM6ETl_M$_$3,14,done,True,159.38319032425457,159.38319032425457,1.0,True,4.28246875,4.46246875
-tANM6ETl_M$_$3,15,it,True,131.2328941483958,149.92693211914644,0.8753123424422866,True,4.48246875,4.58246875
-tANM6ETl_M$_$3,16,before,True,129.54152645368632,135.63202654681845,0.9550954133164873,True,4.6224687499999995,5.06246875
-tANM6ETl_M$_$3,17,or,False,101.61621175355015,101.61621175355013,1.0000000000000002,False,5.06246875,5.1224687499999995
-tANM6ETl_M$_$3,18,they've,True,104.41594770777344,104.41594770777343,1.0000000000000002,True,5.1224687499999995,5.30246875
-tANM6ETl_M$_$3,19,never,True,187.11104287047567,187.11104287047567,1.0,True,5.402468750000001,5.64246875
-tANM6ETl_M$_$3,20,tried,True,114.62696335989864,145.77636264820535,0.7863206440163556,True,5.7024687499999995,5.98246875
-tANM6ETl_M$_$3,21,it,True,91.09824360173369,91.11270954903082,0.9998412301931449,True,6.02246875,6.10246875
-tPCytz4rww$_$11,0,make,True,125.75126425619153,125.79546916127168,0.9996485970013476,True,0.50246875,0.6624687499999999
-tPCytz4rww$_$11,1,sure,True,81.74730181876426,116.1670079111458,0.7037049786226,True,0.70246875,0.86246875
-tPCytz4rww$_$11,2,that,True,59.809328880812245,106.25303925107468,0.5628952291847719,True,0.88246875,1.00246875
-tPCytz4rww$_$11,3,your,False,102.80346379327962,102.80346379327962,1.0,False,1.04246875,1.18246875
-tPCytz4rww$_$11,4,using,True,100.10403049751193,100.10523667412727,0.999987950913904,True,1.28246875,1.52246875
-tPCytz4rww$_$11,5,comps,True,84.79112083122297,102.99748024962923,0.8232349046376617,True,1.54246875,1.88246875
-tPCytz4rww$_$11,6,that,True,59.338888225586466,98.108217218494,0.6048309704113217,True,1.92246875,2.0424687500000003
-tPCytz4rww$_$11,7,are,True,96.77578045180366,96.77578045180366,1.0,True,2.0824687500000003,2.1624687500000004
-tPCytz4rww$_$11,8,not,False,103.54972451125599,103.54972451125599,1.0,False,2.2024687500000004,2.34246875
-tPCytz4rww$_$11,9,larger,False,98.28195685069595,99.21436364515083,0.9906020987264534,False,2.42246875,2.80246875
-tPCytz4rww$_$11,10,no,False,112.9605773756946,113.03051032961324,0.999381291354744,False,3.22246875,3.2824687499999996
-tPCytz4rww$_$11,11,larger,False,102.78751140908294,102.78751140908294,1.0,False,3.38246875,3.68246875
-tPCytz4rww$_$11,12,than,True,92.5875795707601,92.5875795707601,1.0,True,3.7424687499999996,3.8624687499999997
-tPCytz4rww$_$11,13,twelve,False,87.08001258552626,103.7329298058694,0.8394635411194094,False,3.92246875,4.16246875
-tPCytz4rww$_$11,14,hundred,False,109.08262951276345,109.09697637668809,0.9998684943946099,False,4.18246875,4.38246875
-tPCytz4rww$_$11,15,square,True,69.53847577303658,106.97757410186044,0.6500285350163614,True,4.42246875,4.6224687499999995
-tPCytz4rww$_$11,16,feet,True,81.79550546627851,105.32343811588167,0.776612565346408,True,4.66246875,4.84246875
-tPCytz4rww$_$10,0,say,True,0.0030268103865788085,100.9429816637066,2.9985347536718132e-05,False,0.60246875,0.72246875
-tPCytz4rww$_$10,1,twenty,False,0.0,0.0,0.0,False,0.78246875,1.00246875
-tPCytz4rww$_$10,2,percent,False,0.0,0.0,0.0,False,1.06246875,1.46246875
-tPCytz4rww$_$10,3,so,True,32.19583890426219,99.42331035831918,0.3238258592298845,True,1.58246875,1.68246875
-tPCytz4rww$_$10,4,if,True,0.0,0.0,0.0,False,1.92246875,2.0024687500000002
-tPCytz4rww$_$10,5,you've,True,104.38606788270329,109.52798088870304,0.953053886648155,True,2.0424687500000003,2.2024687500000004
-tPCytz4rww$_$10,6,got,True,93.7589476262671,105.44372853474752,0.8891846763116892,True,2.2024687500000004,2.3224687499999996
-tPCytz4rww$_$10,7,a,True,0.0,0.0,0.0,False,2.3624687499999997,2.38246875
-tPCytz4rww$_$10,8,thousand,True,82.93197571307348,102.15224070534778,0.8118468585753882,True,2.42246875,2.7824687499999996
-tPCytz4rww$_$10,9,square,True,56.43130445227232,102.20930995292699,0.5521151104362415,True,2.80246875,3.0424687500000003
-tPCytz4rww$_$10,10,foot,True,12.69320448872869,101.3243330108409,0.1252730130221594,True,3.0824687500000003,3.30246875
-tPCytz4rww$_$10,11,condo,True,89.41842764640916,105.72233460758162,0.8457855946741147,True,3.6624687500000004,3.98246875
-tPCytz4rww$_$12,0,no,False,109.5314935856527,117.48530748770055,0.9322995013407908,False,0.52246875,0.60246875
-tPCytz4rww$_$12,1,less,True,79.16159881539546,96.46928098154758,0.8205886683299455,True,0.70246875,0.88246875
-tPCytz4rww$_$12,2,than,True,76.99366055924835,95.80661061399256,0.8036362007362717,True,0.94246875,1.08246875
-tPCytz4rww$_$12,3,eight,False,70.04329715074181,108.48005601607687,0.645679028229496,False,1.32246875,1.50246875
-tPCytz4rww$_$12,4,hundred,False,95.66090798157673,96.08307166467802,0.9956062636655226,False,1.52246875,1.72246875
-tPCytz4rww$_$12,5,squire,False,55.94052704804066,92.88411067053359,0.6022615347684773,False,1.78246875,2.0024687500000002
-tPCytz4rww$_$12,6,feet,True,10.356056900712023,74.7349167481306,0.13857052835977188,True,2.0424687500000003,2.2424687499999996
-tPCytz4rww$_$12,7,and,False,68.78816592848617,108.06484830195197,0.6365452504618345,False,2.5824687500000003,2.6624687500000004
-tPCytz4rww$_$12,8,going,True,111.24018881144879,111.24018881144879,1.0,True,2.6624687500000004,2.76246875
-tPCytz4rww$_$12,9,to,False,105.00811797125495,107.54255546486796,0.9764331665482789,False,2.76246875,2.80246875
-tPCytz4rww$_$12,10,similar,False,101.95890580055729,110.90343542413713,0.9193484891665209,False,2.98246875,3.4424687499999997
-tPCytz4rww$_$12,11,in,False,63.757827321288616,95.25909951487854,0.6693095740562849,False,3.5824687500000003,3.68246875
-tPCytz4rww$_$12,12,similar,True,102.21702764120177,109.10490787851299,0.9368691989091746,True,4.94246875,5.38246875
-tPCytz4rww$_$12,13,with,True,76.6173845381782,98.97131432103446,0.7741372847656994,True,5.58246875,5.76246875
-tPCytz4rww$_$12,14,bedrooms,True,92.75076036326347,100.4319957673251,0.9235180447687501,True,5.902468750000001,6.26246875
-tPCytz4rww$_$12,15,and,True,95.79526302946923,95.79526302946924,0.9999999999999998,True,6.28246875,6.36246875
-tPCytz4rww$_$12,16,bathrooms,True,88.4586672023979,96.15043664448189,0.9200027611884443,True,6.38246875,6.88246875
-tPCytz4rww$_$12,17,as,True,88.47002664906314,88.47002664906314,1.0,True,6.92246875,7.00246875
-tPCytz4rww$_$12,18,well,True,101.24200005777665,101.24200005777665,1.0,True,7.06246875,7.30246875
-tPCytz4rww$_$12,19,and,True,94.24951484476918,94.39084247999635,0.9985027399744089,True,7.78246875,8.06246875
-tPCytz4rww$_$12,20,hopefully,True,82.81777118362776,106.47897040844724,0.7777852365208221,True,8.40246875,8.76246875
-tPCytz4rww$_$12,21,the,True,96.10005225400064,96.18884554606831,0.9990768857702411,True,9.10246875,9.20246875
-tPCytz4rww$_$12,22,complexes,True,85.90261619134974,98.9983555675053,0.8677176070139286,True,9.36246875,9.882468750000001
-tPCytz4rww$_$12,23,have,True,8.334110634285627,99.61893666674254,0.08365990355996183,True,9.94246875,10.08246875
-tPCytz4rww$_$12,24,similar,True,83.19932560691733,95.97323447754779,0.8669013403563175,True,10.16246875,10.52246875
-tPCytz4rww$_$12,25,amenities,True,86.11526356523719,92.75770716233174,0.9283893080122186,True,10.58246875,11.142468749999999
-tPCytz4rww$_$16,0,so,True,37.71817965883789,116.05611773986766,0.3249994950148235,True,0.58246875,0.68246875
-tPCytz4rww$_$16,1,make,True,124.52359602674093,124.52359602674093,1.0,True,0.94246875,1.12246875
-tPCytz4rww$_$16,2,sure,True,96.55171507647576,123.27738201945944,0.7832070530280647,True,1.16246875,1.38246875
-tPCytz4rww$_$16,3,to,True,44.24073346589105,115.44040917136579,0.38323437852873327,True,1.46246875,1.6024687499999999
-tPCytz4rww$_$16,4,get,True,0.0,0.0,0.0,False,1.90246875,2.0424687500000003
-tPCytz4rww$_$16,5,a,True,0.0,0.0,0.0,False,2.06246875,2.0824687500000003
-tPCytz4rww$_$16,6,through,False,80.26687434541893,108.63006915366624,0.7389010701252043,False,2.1624687500000004,2.5424687500000003
-tPCytz4rww$_$16,7,or,False,18.574457351230325,93.06327513951175,0.19958955155387817,False,4.1224687499999995,4.18246875
-tPCytz4rww$_$16,8,to,True,38.220217445256466,93.96739907549266,0.40673912251791333,True,4.2424687500000005,4.3224687500000005
-tPCytz4rww$_$16,9,do,True,118.74543014327908,118.75784303844146,0.999895477259903,True,4.42246875,4.50246875
-tPCytz4rww$_$16,10,a,False,42.4670517474662,112.02122563452383,0.3790982602352306,False,4.60246875,4.6224687499999995
-tPCytz4rww$_$16,11,through,False,93.77736868870319,113.96363751707554,0.822870967721193,False,4.78246875,5.08246875
-tPCytz4rww$_$16,12,cleaning,True,99.49337130889158,109.95798654911745,0.904830785205844,True,5.14246875,5.56246875
-tPCytz4rww$_$16,13,of,True,101.74970019981,101.76148096046454,0.9998842316312287,True,5.78246875,5.92246875
-tPCytz4rww$_$16,14,the,True,62.88229748408013,101.84380918342157,0.6174385854993756,True,6.00246875,6.08246875
-tPCytz4rww$_$16,15,property,True,87.92300223751901,105.78592798552853,0.8311408134506022,True,6.10246875,6.50246875
-tPCytz4rww$_$18,0,do,True,95.3288371839139,104.99979860911043,0.907895428816971,True,0.52246875,0.60246875
-tPCytz4rww$_$18,1,so,True,35.19582154007347,107.27376223151327,0.32809347605536077,True,0.76246875,0.86246875
-tPCytz4rww$_$18,2,and,True,99.84781609837992,100.10762479170563,0.9974047062462397,True,1.46246875,1.64246875
-tPCytz4rww$_$18,3,as,True,100.86141898507981,100.86141898507982,0.9999999999999998,True,1.68246875,1.76246875
-tPCytz4rww$_$18,4,well,True,114.6923953735372,114.6923953735372,1.0,True,1.82246875,2.06246875
-tPCytz4rww$_$18,5,you'll,True,103.30175630556501,103.30175630556501,1.0,True,2.5824687500000003,2.76246875
-tPCytz4rww$_$18,6,also,True,70.2997523631437,105.44467790779677,0.6666979667254084,True,2.8224687499999996,3.0024687500000002
-tPCytz4rww$_$18,7,want,True,101.96441141861202,101.964411418612,1.0000000000000002,True,3.1224687500000003,3.3224687499999996
-tPCytz4rww$_$18,8,to,True,55.944900000831204,106.70483045560871,0.5242958520430373,True,3.4024687499999997,3.5024687500000002
-tPCytz4rww$_$18,9,remove,True,102.13711162861347,102.13711162861347,1.0,True,3.6624687500000004,3.96246875
-tPCytz4rww$_$18,10,any,True,98.67822562157326,98.67822562157325,1.0000000000000002,True,3.98246875,4.08246875
-tPCytz4rww$_$18,11,clutter,True,66.95144576448456,100.74184239229577,0.6645842896516718,True,4.18246875,4.50246875
-tPCytz4rww$_$18,12,from,False,88.33383585651939,97.90685104713381,0.9022232347560045,False,4.56246875,4.98246875
-tPCytz4rww$_$18,13,that,False,86.61127139961656,96.08207497561094,0.9014300682161744,False,5.00246875,5.1224687499999995
-tPCytz4rww$_$18,14,you've,True,93.74975628636183,93.74975628636183,1.0,True,5.16246875,5.3224687500000005
-tPCytz4rww$_$18,15,accumulated,True,77.09533391783555,94.93871705704268,0.8120536732291614,True,5.34246875,5.98246875
-vxjVxOeScU$_$4,0,you're,False,174.36254756885123,188.46512850939538,0.9251714041102245,False,0.04246875,0.58246875
-vxjVxOeScU$_$4,1,going,True,159.88668681676074,159.91697654675517,0.9998105909038021,True,0.60246875,0.72246875
-vxjVxOeScU$_$4,2,to,False,135.22382138665776,145.1643469701738,0.9315222656871907,False,0.72246875,0.76246875
-vxjVxOeScU$_$4,3,talk,True,160.8344527247925,178.24316363306417,0.9023316768316025,True,0.8024687500000001,1.08246875
-vxjVxOeScU$_$4,4,about,True,157.10288600440308,157.10513803341183,0.9999856654655797,True,1.14246875,1.62246875
-vxjVxOeScU$_$4,5,their,True,170.44266709259364,170.45716093316054,0.9999149707733748,True,1.84246875,2.0424687500000003
-vxjVxOeScU$_$4,6,life,True,165.74842316544857,165.758146559288,0.9999413398735371,True,2.18246875,2.72246875
-vxjVxOeScU$_$4,7,their,True,158.95117674700026,158.98900786997868,0.9997620519589042,True,2.9424687499999997,3.10246875
-vxjVxOeScU$_$4,8,marriage,True,134.42485522879323,149.255021733931,0.9006387434549793,True,3.2024687500000004,3.84246875
-vxjVxOeScU$_$4,9,and,False,126.69521687101438,161.25948596299276,0.7856605527075133,False,4.72246875,4.84246875
-vxjVxOeScU$_$4,10,usually,True,273.722992401127,284.6703413314349,0.9615437671549979,True,4.94246875,5.46246875
-vxjVxOeScU$_$4,11,how,True,196.7908689548558,207.36689928374088,0.9489984642418081,True,5.60246875,5.76246875
-vxjVxOeScU$_$4,12,amazing,True,167.9001914929102,180.81113152885163,0.92859432974744,True,5.84246875,6.402468750000001
-vxjVxOeScU$_$4,13,it,True,146.99275876109152,146.99275876109152,1.0,True,6.44246875,6.52246875
-vxjVxOeScU$_$4,14,is,True,148.36431086175068,148.3674842086288,0.9999786115745302,True,6.58246875,6.7424687500000005
-vxjVxOeScU$_$4,15,that,True,0.0,0.0,0.0,False,6.80246875,6.92246875
-vxjVxOeScU$_$4,16,they've,True,140.31425983409636,146.56711823115992,0.9573379181324846,True,6.96246875,7.14246875
-vxjVxOeScU$_$4,17,stayed,True,122.56021702948227,163.16565769180662,0.7511397849477528,True,7.18246875,7.46246875
-vxjVxOeScU$_$4,18,together,True,99.33322734148784,156.03143169176934,0.6366231871647159,True,7.48246875,7.88246875
-vxjVxOeScU$_$4,19,this,True,0.0,0.0,0.0,False,7.94246875,8.12246875
-vxjVxOeScU$_$4,20,long,True,0.0,0.0,0.0,False,8.22246875,8.48246875
-wMB_hJL-3o$_$7,0,so,True,135.06391627649523,172.5634501571801,0.7826913297889658,True,0.60246875,0.72246875
-wMB_hJL-3o$_$7,1,if,True,105.86431922018531,116.86617386963101,0.9058593750000002,True,1.08246875,1.16246875
-wMB_hJL-3o$_$7,2,you,True,146.86510179766577,158.83873617255202,0.9246176678094513,True,1.20246875,1.30246875
-wMB_hJL-3o$_$7,3,have,True,167.11995396199492,167.11995396199492,1.0,True,1.34246875,1.46246875
-wMB_hJL-3o$_$7,4,a,True,150.43866721420596,150.43866721420594,1.0000000000000002,True,1.48246875,1.50246875
-wMB_hJL-3o$_$7,5,loved,True,128.41569784808885,128.41569784808883,1.0000000000000002,True,1.56246875,1.78246875
-wMB_hJL-3o$_$7,6,one,True,124.07617678236933,124.07617678236933,1.0,True,1.88246875,2.0024687500000002
-wMB_hJL-3o$_$7,7,who,True,117.26002029298924,117.26002029298924,1.0,True,2.02246875,2.1224687500000003
-wMB_hJL-3o$_$7,8,is,True,120.88720891334118,120.88720891334118,1.0,True,2.18246875,2.2424687499999996
-wMB_hJL-3o$_$7,9,depressed,True,31.9364263448578,113.55318366156685,0.2812464196516138,True,2.30246875,2.9424687499999997
-wMB_hJL-3o$_$7,10,those,True,121.66964058959168,141.08900961952344,0.8623608665033498,True,3.26246875,3.46246875
-wMB_hJL-3o$_$7,11,are,True,103.69912939472297,138.66484920688382,0.7478400617593213,True,3.48246875,3.5824687500000003
-wMB_hJL-3o$_$7,12,some,True,125.23178364269639,132.5678024971465,0.9446621372892713,True,3.60246875,3.7424687499999996
-wMB_hJL-3o$_$7,13,of,True,120.83918332205194,120.83918332205195,0.9999999999999999,True,3.76246875,3.8224687499999996
-wMB_hJL-3o$_$7,14,the,True,110.31334905842986,110.31334905842986,1.0,True,3.84246875,3.92246875
-wMB_hJL-3o$_$7,15,things,True,103.70037000958234,107.06106225507506,0.9686095749966893,True,3.98246875,4.22246875
-wMB_hJL-3o$_$7,16,that,True,92.77241790106045,92.77241790106045,1.0,True,4.2424687500000005,4.34246875
-wMB_hJL-3o$_$7,17,you,True,96.97769685535123,96.97769685535123,1.0,True,4.38246875,4.48246875
-wMB_hJL-3o$_$7,18,should,True,61.155234580567836,102.38072653426921,0.597331515908883,True,4.52246875,4.7024687499999995
-wMB_hJL-3o$_$7,19,think,True,95.08540406965962,99.89538150112686,0.951849851722995,True,4.72246875,4.88246875
-wMB_hJL-3o$_$7,20,about,True,84.17318938779101,88.88765786161332,0.94696149513623,True,4.902468750000001,5.14246875
-wMB_hJL-3o$_$7,21,doing,True,0.0,0.0,0.0,False,5.2024687499999995,5.50246875
-wny0OAz3g8$_$1,0,and,True,244.84718277576832,247.5210587041997,0.9891973800434217,True,0.54246875,0.64246875
-wny0OAz3g8$_$1,1,because,True,301.7911583641467,324.2416241398733,0.9307600748815589,True,0.6624687499999999,0.94246875
-wny0OAz3g8$_$1,2,they,True,294.15511388011,294.15511388011,1.0,True,0.96246875,1.06246875
-wny0OAz3g8$_$1,3,couldn't,True,228.198579658142,251.013989305132,0.9091070194527858,True,1.1024687499999999,1.32246875
-wny0OAz3g8$_$1,4,join,True,201.63675227545804,201.636752275458,1.0000000000000002,True,1.34246875,1.54246875
-wny0OAz3g8$_$1,5,unions,True,231.87860711058426,239.74539008509012,0.9671869270490924,True,1.66246875,2.0424687500000003
-wny0OAz3g8$_$1,6,many,True,298.5563713205172,298.5563713205172,1.0,True,2.14246875,2.30246875
-wny0OAz3g8$_$1,7,black,True,148.69150994086235,221.96642527691222,0.6698828877176519,True,2.3624687499999997,2.5424687500000003
-wny0OAz3g8$_$1,8,workers,True,209.4953041823645,209.49686284089825,0.9999925599910537,True,2.5824687500000003,2.88246875
-wny0OAz3g8$_$1,9,couldn't,True,239.82622524770423,298.99219746251845,0.8021153303767024,True,2.96246875,3.2024687500000004
-wny0OAz3g8$_$1,10,get,True,214.01283496567942,256.8110884363802,0.8333473304004037,True,3.22246875,3.34246875
-wny0OAz3g8$_$1,11,manufacturing,True,169.73152988972626,194.03571528194743,0.8747437534532985,True,3.38246875,4.02246875
-wny0OAz3g8$_$1,12,or,True,178.8745612741616,178.8745612741616,1.0,True,4.042468749999999,4.10246875
-wny0OAz3g8$_$1,13,trade,True,218.56801915740581,313.8283063757549,0.6964573134958342,True,4.14246875,4.38246875
-wny0OAz3g8$_$1,14,work,True,0.0,0.0,0.0,False,4.402468750000001,4.58246875
-wny0OAz3g8$_$1,15,which,True,196.07087454938372,225.62857055664062,0.8689984343102644,True,4.64246875,4.80246875
-wny0OAz3g8$_$1,16,paid,True,230.26272550219505,301.9651762381338,0.7625472856532529,True,4.86246875,5.06246875
-wny0OAz3g8$_$1,17,much,True,245.83423785937381,245.8342378593738,1.0000000000000002,True,5.14246875,5.3224687500000005
-wny0OAz3g8$_$1,18,better,True,207.425296843167,207.425296843167,1.0,True,5.38246875,5.58246875
-wny0OAz3g8$_$1,19,than,True,169.38245064810036,169.38245064810033,1.0000000000000002,True,5.6224687499999995,5.72246875
-wny0OAz3g8$_$1,20,service,True,153.17750804584966,171.81911920157975,0.8915044423324066,True,5.78246875,6.08246875
-wny0OAz3g8$_$1,21,work,False,36.65799538154158,243.1457258492574,0.15076553475699742,False,6.10246875,6.2424687500000005
-wny0OAz3g8$_$0,0,trade,True,289.2216749912694,368.88337390230856,0.7840463828219703,True,0.30246875,0.52246875
-wny0OAz3g8$_$0,1,labor,True,269.1084175941574,269.1084175941574,1.0,True,0.52246875,0.72246875
-wny0OAz3g8$_$0,2,unions,True,206.2703224211527,206.27032242115266,1.0000000000000002,True,0.8024687500000001,1.08246875
-wny0OAz3g8$_$0,3,didn't,True,257.621475851933,257.621475851933,1.0,True,1.14246875,1.3624687500000001
-wny0OAz3g8$_$0,4,allow,True,212.49154307686786,212.4915430768679,0.9999999999999998,True,1.42246875,1.68246875
-wny0OAz3g8$_$0,5,black,True,173.66470928052007,173.66470928052007,1.0,True,1.74246875,1.96246875
-wny0OAz3g8$_$0,6,workers,True,179.49648288552484,187.27771168804605,0.9584508549768985,True,2.0024687500000002,2.30246875
-wny0OAz3g8$_$0,7,to,True,0.0,0.0,0.0,False,2.34246875,2.4024687499999997
-wny0OAz3g8$_$0,8,join,True,98.97771480202971,191.15259660993303,0.5177942468864503,True,2.46246875,2.7424687499999996
-wny0OAz3g8$_$3,0,which,True,224.10023662177994,224.37456839910587,0.9987773490583925,True,0.52246875,0.68246875
-wny0OAz3g8$_$3,1,then,True,321.9058688209111,337.889683270675,0.9526951687454759,True,0.72246875,0.88246875
-wny0OAz3g8$_$3,2,allowed,True,211.24906510073686,241.29374195632428,0.8754850556338685,True,0.90246875,1.16246875
-wny0OAz3g8$_$3,3,the,True,184.7815600959517,204.00898762514504,0.9057520565489856,True,1.16246875,1.24246875
-wny0OAz3g8$_$3,4,white,True,204.62350370084152,204.62350370084152,1.0,True,1.26246875,1.46246875
-wny0OAz3g8$_$3,5,workers,True,195.1327539218594,195.1327539218594,1.0,True,1.48246875,1.76246875
-wny0OAz3g8$_$3,6,and,True,200.55231021176837,200.55231021176837,1.0,True,1.78246875,1.88246875
-wny0OAz3g8$_$3,7,unions,True,183.08068597187022,183.08068597187022,1.0,True,1.94246875,2.2024687500000004
-wny0OAz3g8$_$3,8,to,True,182.60323533147152,208.8277674483749,0.8744202821428598,True,2.2424687499999996,2.30246875
-wny0OAz3g8$_$3,9,justify,True,176.0770647002561,253.0748082887617,0.6957510543655133,True,2.3624687499999997,2.8224687499999996
-wny0OAz3g8$_$3,10,their,True,182.0066186095426,182.0066186095426,1.0,True,2.8624687499999997,2.98246875
-wny0OAz3g8$_$3,11,decision,True,205.37818302220907,234.68026782264275,0.8751403981583213,True,3.0024687500000002,3.3224687499999996
-wny0OAz3g8$_$3,12,to,True,204.58092785753308,204.58092785753306,1.0000000000000002,True,3.3624687499999997,3.42246875
-wny0OAz3g8$_$3,13,not,True,175.61909261231645,190.59921713669019,0.9214051098980611,True,3.5024687500000002,3.6624687500000004
-wny0OAz3g8$_$3,14,allow,True,186.14518601441705,186.14518601441705,0.9999999999999999,True,3.72246875,3.96246875
-wny0OAz3g8$_$3,15,black,True,190.4518298455475,190.4518298455475,1.0,True,4.00246875,4.22246875
-wny0OAz3g8$_$3,16,workers,True,239.04990895388224,253.14604575376487,0.9443161880806389,True,4.30246875,4.66246875
-wny0OAz3g8$_$3,17,into,True,224.58267370263852,224.58409918375762,0.9999936527958823,True,4.8224687500000005,5.00246875
-wny0OAz3g8$_$3,18,their,True,185.52592079782738,185.52592079782738,1.0,True,5.042468749999999,5.16246875
-wny0OAz3g8$_$3,19,union,False,173.4513508288235,225.85980094871513,0.7679602572049031,False,5.28246875,5.56246875
-wny0OAz3g8$_$2,0,and,True,238.62540178419388,238.77335401094416,0.9993803654207434,True,0.54246875,0.62246875
-wny0OAz3g8$_$2,1,because,True,287.183795900676,306.23971671988033,0.9377744956685846,True,0.6624687499999999,0.98246875
-wny0OAz3g8$_$2,2,they,True,326.1363839936521,326.1363839936521,1.0,True,1.00246875,1.1024687499999999
-wny0OAz3g8$_$2,3,couldn't,True,267.7704956684868,267.77049566848683,0.9999999999999999,True,1.12246875,1.34246875
-wny0OAz3g8$_$2,4,get,True,221.03285110559568,221.03285110559568,1.0,True,1.3624687500000001,1.44246875
-wny0OAz3g8$_$2,5,these,True,174.12172338000505,188.22256800032244,0.9250841980846142,True,1.46246875,1.64246875
-wny0OAz3g8$_$2,6,jobs,True,110.63980077377597,300.3059474156266,0.3684236084097573,True,1.68246875,2.06246875
-wny0OAz3g8$_$2,7,black,True,258.6625113957529,295.7604995301627,0.874567468633091,True,2.18246875,2.4024687499999997
-wny0OAz3g8$_$2,8,communities,True,246.3077195026871,260.0066950648666,0.9473129891568297,True,2.4024687499999997,2.7824687499999996
-wny0OAz3g8$_$2,9,had,True,193.89680687281384,193.89680687281384,1.0,True,2.80246875,2.9024687499999997
-wny0OAz3g8$_$2,10,more,True,212.7472591483246,212.7472591483246,1.0,True,2.98246875,3.14246875
-wny0OAz3g8$_$2,11,men,True,201.04831037394774,201.04831037394774,1.0,True,3.14246875,3.26246875
-wny0OAz3g8$_$2,12,out,True,165.68851800459254,165.68851800459254,1.0,True,3.30246875,3.4024687499999997
-wny0OAz3g8$_$2,13,of,True,162.13437348972013,162.14221458870395,0.9999516406075759,True,3.4024687499999997,3.46246875
-wny0OAz3g8$_$2,14,work,True,308.02394788877274,308.0239478887727,1.0000000000000002,True,3.52246875,3.7024687500000004
-wny0OAz3g8$_$2,15,higher,True,98.449136874023,175.96070279572476,0.5594950196824002,True,3.98246875,4.18246875
-wny0OAz3g8$_$2,16,rates,True,111.87573802519657,166.42455669051674,0.6722309510683618,True,4.22246875,4.38246875
-wny0OAz3g8$_$2,17,of,True,0.0,0.0,0.0,False,4.402468750000001,4.44246875
-wny0OAz3g8$_$2,18,poverty,True,263.57616604346623,286.8052795688641,0.9190073712718375,True,4.48246875,4.8224687500000005
-wny0OAz3g8$_$2,19,and,True,214.29497281474792,214.29677402952453,0.9999915947648547,True,4.94246875,5.042468749999999
-wny0OAz3g8$_$2,20,more,True,225.8681041077384,225.8681041077384,1.0,True,5.08246875,5.22246875
-wny0OAz3g8$_$2,21,criminal,True,222.68184722192936,222.68184722192936,1.0,True,5.26246875,5.56246875
-wny0OAz3g8$_$2,22,behavior,True,165.00870430993058,190.2381904438942,0.8673794884450164,True,5.58246875,5.98246875
-wny0OAz3g8$_$5,0,this,True,408.6327330059971,410.16538179096244,0.9962633394893711,True,0.58246875,0.72246875
-wny0OAz3g8$_$5,1,is,True,324.9564578532471,324.95645785324706,1.0000000000000002,True,0.76246875,0.84246875
-wny0OAz3g8$_$5,2,what's,True,252.282017229408,252.282017229408,1.0,True,0.86246875,1.04246875
-wny0OAz3g8$_$5,3,now,True,222.99959795310147,222.99959795310147,1.0,True,1.1024687499999999,1.24246875
-wny0OAz3g8$_$5,4,known,True,209.04475901921646,209.04475901921643,1.0000000000000002,True,1.28246875,1.50246875
-wny0OAz3g8$_$5,5,as,True,184.56136203236088,184.56136203236088,1.0,True,1.56246875,1.64246875
-wny0OAz3g8$_$5,6,racial,True,222.4232987343997,240.79940059922814,0.9236870946559684,True,1.72246875,1.98246875
-wny0OAz3g8$_$5,7,formation,True,144.45851651497122,207.45557669916784,0.6963346987989197,True,2.02246875,2.46246875
-wny0OAz3g8$_$5,8,theory,True,0.0,0.0,0.0,False,2.5424687500000003,2.76246875
-wny0OAz3g8$_$5,9,a,True,236.96412981717606,236.9922503926492,0.9998813439029058,True,3.0824687500000003,3.10246875
-wny0OAz3g8$_$5,10,theory,True,234.3094968688525,234.30949686885245,1.0000000000000002,True,3.1624687500000004,3.34246875
-wny0OAz3g8$_$5,11,formalized,True,229.33538682694393,260.658819941208,0.8798297593715451,True,3.42246875,3.92246875
-wny0OAz3g8$_$5,12,by,True,186.01098766608374,198.09367680983854,0.9390051750346697,True,3.92246875,4.02246875
-wny0OAz3g8$_$5,13,modern,True,231.21800905050216,231.21800905050216,1.0,True,4.06246875,4.34246875
-wny0OAz3g8$_$5,14,sociologists,True,169.21101197087233,182.1091571078934,0.9291735498540616,True,4.38246875,4.94246875
-wny0OAz3g8$_$5,15,michael,True,184.14031916420646,188.39848263982626,0.9773981010040277,True,4.94246875,5.16246875
-wny0OAz3g8$_$5,16,omi,True,340.7935542205219,340.82182982074124,0.9999170370036619,True,5.26246875,5.44246875
-wny0OAz3g8$_$5,17,and,True,193.40246285004972,212.88270166608066,0.9084930872091859,True,5.542468749999999,5.6224687499999995
-wny0OAz3g8$_$5,18,howard,True,205.97310507901932,205.97310507901932,1.0,True,5.66246875,5.902468750000001
-wny0OAz3g8$_$5,19,winant,True,55.96800923489341,202.61600945930672,0.27622698415711316,True,5.92246875,6.18246875
-wny0OAz3g8$_$7,0,omi,False,258.18937025713217,340.20904599568183,0.7589138892573987,False,0.54246875,0.68246875
-wny0OAz3g8$_$7,1,and,False,317.5384003743184,317.5384003743184,1.0,False,0.72246875,0.82246875
-wny0OAz3g8$_$7,2,winant,False,203.37186024325698,203.42682737204052,0.9997297941009372,False,0.82246875,1.04246875
-wny0OAz3g8$_$7,3,argue,False,234.3570533623472,234.3570533623472,1.0,False,1.12246875,1.34246875
-wny0OAz3g8$_$7,4,that,True,208.5292059942982,208.5292059942982,1.0,True,1.3624687500000001,1.44246875
-wny0OAz3g8$_$7,5,the,True,195.8713932186414,196.0041419337552,0.9993227249495642,True,1.46246875,1.52246875
-wny0OAz3g8$_$7,6,concept,True,253.48344776473306,312.9403517177793,0.8100056332566961,True,1.56246875,1.92246875
-wny0OAz3g8$_$7,7,of,True,221.3403499596157,221.3403499596157,1.0,True,1.94246875,2.0024687500000002
-wny0OAz3g8$_$7,8,race,True,151.98910514967895,193.8113063291393,0.7842117574480615,True,2.0424687500000003,2.2824687499999996
-wny0OAz3g8$_$7,9,came,True,206.12705705307084,280.08772097822344,0.7359374996274721,True,2.30246875,2.48246875
-wny0OAz3g8$_$7,10,about,True,224.21127713155866,239.4732927525963,0.9362684020184034,True,2.48246875,2.68246875
-wny0OAz3g8$_$7,11,as,True,197.3891232600137,197.39833098810675,0.9999533545798135,True,2.72246875,2.80246875
-wny0OAz3g8$_$7,12,a,True,196.28355140431515,196.28355140431515,1.0,True,2.8224687499999996,2.84246875
-wny0OAz3g8$_$7,13,tool,True,194.87525522463622,270.99821007106806,0.7191016323448448,True,2.9024687499999997,3.14246875
-wny0OAz3g8$_$7,14,to,True,211.11890708838823,211.1189070883882,1.0000000000000002,True,3.18246875,3.2424687499999996
-wny0OAz3g8$_$7,15,justify,True,252.30260161535037,262.8147413922604,0.9600017117714861,True,3.30246875,3.80246875
-wny0OAz3g8$_$7,16,and,True,179.61235340305578,198.9043853435774,0.9030085138284029,True,3.88246875,3.96246875
-wny0OAz3g8$_$7,17,maintain,True,222.5091084435106,244.12218576591835,0.9114661485821206,True,3.98246875,4.44246875
-wny0OAz3g8$_$7,18,the,True,196.89520471644408,201.96874211190206,0.9748795910574768,True,4.52246875,4.58246875
-wny0OAz3g8$_$7,19,economic,True,241.75152358483513,241.75152358483513,1.0,True,4.68246875,5.08246875
-wny0OAz3g8$_$7,20,and,True,190.29834469830735,190.29834469830735,1.0,True,5.14246875,5.22246875
-wny0OAz3g8$_$7,21,political,True,199.55465081886706,199.56504580224302,0.9999479118032208,True,5.22246875,5.60246875
-wny0OAz3g8$_$7,22,power,True,113.56145547249943,302.8339893931389,0.374995738424441,True,5.6224687499999995,5.94246875
-wny0OAz3g8$_$7,23,held,True,168.91181007459073,221.9238797095866,0.7611249870704839,True,6.042468749999999,6.2424687500000005
-wny0OAz3g8$_$7,24,by,True,198.71641048729538,198.71641048729538,1.0,True,6.26246875,6.36246875
-wny0OAz3g8$_$7,25,those,True,187.21148650809332,187.21148650809332,1.0,True,6.38246875,6.56246875
-wny0OAz3g8$_$7,26,of,True,182.67258764508554,182.67258764508554,1.0,True,6.58246875,6.64246875
-wny0OAz3g8$_$7,27,european,True,155.83137612933254,168.40191179503128,0.9253539610583588,True,6.68246875,7.06246875
-wny0OAz3g8$_$7,28,descent,True,73.54981671105139,193.13128499140322,0.3808280813454189,True,7.10246875,7.48246875
-wny0OAz3g8$_$9,0,he,True,143.28648396847345,277.2820989117153,0.5167534598549576,True,0.52246875,0.56246875
-wny0OAz3g8$_$9,1,explores,True,227.31900098587298,269.019952724221,0.8449893722898065,True,0.62246875,1.00246875
-wny0OAz3g8$_$9,2,why,True,192.62130423607624,192.62130423607624,1.0,True,1.02246875,1.14246875
-wny0OAz3g8$_$9,3,black,True,216.78431431992482,216.78431431992482,1.0,True,1.16246875,1.3624687500000001
-wny0OAz3g8$_$9,4,and,True,222.90254188753556,222.90254188753556,1.0,True,1.38246875,1.46246875
-wny0OAz3g8$_$9,5,white,True,195.6868079463419,195.68680794634193,0.9999999999999998,True,1.46246875,1.62246875
-wny0OAz3g8$_$9,6,americans,True,215.24335245763515,215.24335245763515,1.0,True,1.64246875,2.06246875
-wny0OAz3g8$_$9,7,tend,True,238.98355766011395,318.44130630630957,0.7504791398834264,True,2.10246875,2.26246875
-wny0OAz3g8$_$9,8,to,True,347.2466118218264,347.2466118218264,1.0,True,2.30246875,2.34246875
-wny0OAz3g8$_$9,9,have,True,217.34732491438243,248.36096737423455,0.875126744803179,True,2.38246875,2.5424687500000003
-wny0OAz3g8$_$9,10,such,True,231.88230248440644,231.88230248440644,1.0,True,2.56246875,2.7424687499999996
-wny0OAz3g8$_$9,11,different,True,214.48102168312013,230.97866370381405,0.9285750391133574,True,2.84246875,3.1224687500000003
-wny0OAz3g8$_$9,12,outcomes,True,125.2877883828542,187.4063826626952,0.6685353326965089,True,3.2024687500000004,3.6624687500000004
-wny0OAz3g8$_$9,13,in,True,193.7574910056214,193.7787199090956,0.9998904477050723,True,3.7024687500000004,3.76246875
-wny0OAz3g8$_$9,14,terms,True,195.71858593438103,195.71858593438103,1.0,True,3.7824687499999996,3.98246875
-wny0OAz3g8$_$9,15,of,True,149.39700522449186,188.75513635218303,0.7914857741711675,True,4.00246875,4.06246875
-wny0OAz3g8$_$9,16,income,True,220.09966896969658,220.1014346070079,0.999991978074498,True,4.14246875,4.50246875
-wny0OAz3g8$_$9,17,education,True,198.9549355708866,198.9549355708866,1.0,True,4.60246875,5.1224687499999995
-wny0OAz3g8$_$9,18,and,True,176.72880360129423,176.72880360129423,1.0,True,5.18246875,5.26246875
-wny0OAz3g8$_$9,19,more,False,113.30383369750837,198.89041348917695,0.5696797131133423,False,5.30246875,5.50246875
-571d8cVauQ$_$0,0,this,True,117.47425122399805,155.14788926617047,0.757175955017088,True,1.06246875,1.18246875
-571d8cVauQ$_$0,1,is,True,148.79094706198342,148.79094706198342,1.0,True,1.22246875,1.28246875
-571d8cVauQ$_$0,2,rhett,True,71.40825976247139,148.91467588988513,0.4795246629370109,True,1.34246875,1.48246875
-571d8cVauQ$_$0,3,reiger,False,162.15496067658685,162.15496067658685,1.0,False,1.54246875,1.88246875
-571d8cVauQ$_$0,4,white,True,117.51157061554464,122.2710783355533,0.9610741331081832,True,1.94246875,2.14246875
-571d8cVauQ$_$0,5,caspian,True,118.02233638340498,127.20814486068328,0.9277891483494356,True,2.1624687500000004,2.5424687500000003
-571d8cVauQ$_$0,6,studios,True,133.34127556481621,154.45744923579707,0.8632880850003899,True,2.6224687500000003,3.06246875
-571d8cVauQ$_$0,7,on,True,121.09038961084087,121.09038961084087,1.0,True,3.14246875,3.22246875
-571d8cVauQ$_$0,8,behalf,True,113.57826040545044,113.57826040545044,1.0,True,3.2424687499999996,3.5424687500000003
-571d8cVauQ$_$0,9,of,True,101.00252752146928,101.00252752146928,1.0,True,3.5824687500000003,3.6624687500000004
-571d8cVauQ$_$0,10,expert,False,88.74769994634815,109.17497923821053,0.8128941316554612,False,3.72246875,4.042468749999999
-571d8cVauQ$_$0,11,village,True,85.37823006769227,100.99352872482174,0.845383175988665,True,4.10246875,4.44246875
-571d8cVauQ$_$5,0,so,True,0.0,0.0,0.0,False,0.54246875,0.62246875
-571d8cVauQ$_$5,1,very,True,172.11318062069503,178.84450295834674,0.9623621513308719,True,0.74246875,0.94246875
-571d8cVauQ$_$5,2,important,True,107.76982319097101,186.97451945031568,0.5763877533035107,True,1.00246875,1.3624687500000001
-571d8cVauQ$_$5,3,to,True,0.0,0.0,0.0,False,1.40246875,1.46246875
-571d8cVauQ$_$5,4,go,True,0.0,0.0,0.0,False,1.6024687499999999,1.68246875
-571d8cVauQ$_$5,5,out,True,0.0,0.0,0.0,False,1.8624687500000001,2.06246875
-571d8cVauQ$_$5,6,to,True,105.11294188567177,200.1084242915024,0.5252799438995702,True,2.46246875,2.56246875
-571d8cVauQ$_$5,7,the,True,220.2607572044655,220.26075720446548,1.0000000000000002,True,2.64246875,2.72246875
-571d8cVauQ$_$5,8,locations,True,124.24850129253213,135.34052187600804,0.9180436100753487,True,2.7824687499999996,3.42246875
-571d8cVauQ$_$5,9,walk,True,119.86980649036288,173.14357010536588,0.69231451342615,True,3.7824687499999996,4.042468749999999
-571d8cVauQ$_$5,10,around,True,137.54352314324532,137.54352314324532,1.0,True,4.10246875,4.50246875
-571d8cVauQ$_$5,11,talk,True,0.0,0.0,0.0,False,4.72246875,4.94246875
-571d8cVauQ$_$5,12,with,True,195.45473925885972,195.45828617601023,0.9999818533293221,True,4.98246875,5.10246875
-571d8cVauQ$_$5,13,the,True,174.8708235392899,174.87082353928992,0.9999999999999998,True,5.1224687499999995,5.2024687499999995
-571d8cVauQ$_$5,14,owners,True,140.04103324013192,140.04103324013192,1.0,True,5.30246875,5.56246875
-571d8cVauQ$_$5,15,if,True,136.33397182232676,136.33397182232673,1.0000000000000002,True,5.6224687499999995,5.7024687499999995
-571d8cVauQ$_$5,16,you,True,159.01209804449022,159.0120980444902,1.0000000000000002,True,5.7424687500000005,5.8224687500000005
-571d8cVauQ$_$5,17,can,True,106.42724654048644,114.9825118571395,0.9255950737336249,True,5.86246875,6.1224687499999995
-571d8cVauQ$_$5,18,tell,True,158.36921302619137,158.36921302619135,1.0000000000000002,True,6.46246875,6.64246875
-571d8cVauQ$_$5,19,them,True,179.89136807593732,179.89136807593735,0.9999999999999999,True,6.66246875,6.78246875
-571d8cVauQ$_$5,20,what,True,171.80938764643486,171.81709284969102,0.9999551546174575,True,6.8224687500000005,6.98246875
-571d8cVauQ$_$5,21,you're,True,143.05523116148805,151.7303970464,0.9428251289538311,True,7.02246875,7.16246875
-571d8cVauQ$_$5,22,doing,True,129.64253320177272,129.64253320177275,0.9999999999999999,True,7.16246875,7.402468750000001
-571d8cVauQ$_$5,23,build,True,139.4633968574348,139.4633968574348,1.0,True,7.7024687499999995,7.88246875
-571d8cVauQ$_$5,24,a,True,159.65072701847546,159.65072701847546,1.0,True,7.94246875,7.96246875
-571d8cVauQ$_$5,25,little,False,161.87147453279675,161.87147453279673,1.0000000000000002,False,8.04246875,8.24246875
-571d8cVauQ$_$5,26,excitement,True,99.76237492465904,135.53622238987484,0.7360569238656288,True,8.28246875,8.86246875
-571d8cVauQ$_$5,27,put,True,97.63379536490312,133.58663391839755,0.7308650012436386,True,9.42246875,9.52246875
-571d8cVauQ$_$5,28,a,True,142.23680490809667,142.2368049080967,0.9999999999999998,True,9.54246875,9.56246875
-571d8cVauQ$_$5,29,little,True,156.31102948673296,156.33461852492846,0.999849111870307,True,9.60246875,9.78246875
-571d8cVauQ$_$5,30,glitz,True,120.5526167537595,129.16334825742243,0.9333345595338567,True,9.84246875,10.142468749999999
-571d8cVauQ$_$5,31,on,True,118.63860839395892,118.6386083939589,1.0000000000000002,True,10.24246875,10.36246875
-571d8cVauQ$_$5,32,there,True,111.69209176206162,111.71388147680423,0.9998049506967751,True,10.40246875,10.60246875
-571d8cVauQ$_$5,33,and,True,130.34179838855593,217.24232154784508,0.599983453775832,True,11.22246875,11.34246875
-571d8cVauQ$_$5,34,let,True,157.9384095003223,169.34574382554808,0.9326387893339849,True,11.54246875,11.66246875
-571d8cVauQ$_$5,35,everybody,True,162.74523608445065,162.74523608445065,1.0,True,11.70246875,12.02246875
-571d8cVauQ$_$5,36,knows,False,79.48886185964078,107.85458761339446,0.7370002854636947,False,12.08246875,12.46246875
-571d8cVauQ$_$5,37,this,True,0.0,0.0,0.0,False,12.74246875,12.90246875
-571d8cVauQ$_$5,38,is,True,0.0,0.0,0.0,False,12.96246875,13.04246875
-571d8cVauQ$_$5,39,a,True,0.08274699744388758,102.93022155761719,0.0008039135269670857,False,13.12246875,13.142468749999999
-571d8cVauQ$_$5,40,very,True,148.1487389229458,148.1487389229458,1.0,True,13.30246875,13.52246875
-571d8cVauQ$_$5,41,valuable,True,123.33820255157298,125.22434954652854,0.9849378575190382,True,13.66246875,14.16246875
-571d8cVauQ$_$5,42,spot,True,0.0,0.0,0.0,False,14.22246875,14.52246875
-I_e4mIh0yE$_$1,0,in,True,106.78325951171787,107.28842076731885,0.995291558473989,True,0.8024687500000001,0.86246875
-I_e4mIh0yE$_$1,1,the,True,108.27636272899711,108.2763627289971,1.0000000000000002,True,0.88246875,0.96246875
-I_e4mIh0yE$_$1,2,united,True,127.88733108099865,127.88942346712406,0.9999836390995542,True,1.00246875,1.30246875
-I_e4mIh0yE$_$1,3,states,True,61.429674021862205,107.61242198944092,0.5708418497252089,True,1.34246875,1.62246875
-I_e4mIh0yE$_$1,4,we,True,95.51880214911583,95.53237582034255,0.9998579154856124,True,1.66246875,1.74246875
-I_e4mIh0yE$_$1,5,don't,True,82.89579675705829,87.87960505349562,0.9432882260519548,True,1.8624687500000001,2.0824687500000003
-I_e4mIh0yE$_$1,6,punish,True,64.70703336677032,84.07243384865001,0.7696581436343103,True,2.1624687500000004,2.5424687500000003
-I_e4mIh0yE$_$1,7,failure,True,63.7972179706065,77.89734652694503,0.8189909003965722,True,2.64246875,3.10246875
-I_e4mIh0yE$_$1,8,to,True,17.508669004677138,112.24411195530035,0.15598741617421963,True,3.52246875,3.60246875
-I_e4mIh0yE$_$1,9,the,True,96.7111794532442,96.71117945324423,0.9999999999999998,True,3.6624687500000004,3.7424687499999996
-I_e4mIh0yE$_$1,10,degree,True,83.58345002515522,88.02166401558306,0.9495781630571979,True,3.76246875,4.16246875
-I_e4mIh0yE$_$1,11,to,True,85.19603551155981,85.19603551155983,0.9999999999999998,True,4.22246875,4.30246875
-I_e4mIh0yE$_$1,12,which,True,48.6148739115282,79.05463390074401,0.6149528688294977,True,4.402468750000001,4.66246875
-I_e4mIh0yE$_$1,13,failure,True,74.74521942562679,84.70001832202898,0.8824699321958337,True,4.88246875,5.28246875
-I_e4mIh0yE$_$1,14,is,True,25.502838424430074,74.09934636924315,0.34417089588546884,True,5.3224687500000005,5.402468750000001
-I_e4mIh0yE$_$1,15,punished,True,0.0,0.0,0.0,False,5.46246875,5.92246875
-I_e4mIh0yE$_$1,16,in,True,79.01906629940623,79.01906629940623,1.0,True,6.22246875,6.402468750000001
-I_e4mIh0yE$_$1,17,europe,True,45.337505103089754,75.72077825197887,0.598745894452094,True,6.542468749999999,6.92246875
-I_e4mIh0yE$_$3,0,it's,False,0.5722913104942033,119.276151277307,0.0047980363581959845,False,2.5424687500000003,2.6624687500000004
-I_e4mIh0yE$_$3,1,perceived,False,69.01435335464984,151.16752044171423,0.45654220663928763,False,2.68246875,3.06246875
-I_e4mIh0yE$_$3,2,that,False,108.23882337034884,123.50394396048735,0.8763997318577754,False,3.0824687500000003,3.18246875
-I_e4mIh0yE$_$3,3,you,False,61.9426926533603,101.954637831439,0.6075514951636608,False,3.2024687500000004,3.2824687499999996
-I_e4mIh0yE$_$3,4,have,False,96.09137757729971,96.09137757729971,1.0,False,3.2824687499999996,3.3624687499999997
-I_e4mIh0yE$_$3,5,actually,False,65.70162419011962,91.44723335810518,0.7184648652281651,False,3.42246875,3.7024687500000004
-I_e4mIh0yE$_$3,6,learned,True,85.79444922519203,85.79666421339752,0.9999741832829306,True,3.80246875,4.10246875
-I_e4mIh0yE$_$3,7,something,True,0.0,0.0,0.0,False,4.2424687500000005,4.72246875
-I_e4mIh0yE$_$3,8,over,True,73.07008409182303,88.26862418508931,0.8278149202666095,True,5.44246875,5.60246875
-I_e4mIh0yE$_$3,9,the,True,84.06527646446489,84.0652764644649,0.9999999999999998,True,5.6224687499999995,5.68246875
-I_e4mIh0yE$_$3,10,course,True,2.378060245710374,69.49591064453125,0.03421870759956014,True,5.72246875,5.94246875
-I_e4mIh0yE$_$3,11,of,True,0.0,0.0,0.0,False,5.96246875,6.02246875
-I_e4mIh0yE$_$3,12,your,True,0.0,0.0,0.0,False,6.042468749999999,6.14246875
-I_e4mIh0yE$_$3,13,carreer,False,55.049248349816715,82.9717290840432,0.6634699428049351,False,6.18246875,6.44246875
-I_e4mIh0yE$_$3,14,and,True,77.44548122106016,77.44548122106016,1.0,True,6.48246875,6.542468749999999
-I_e4mIh0yE$_$3,15,that,True,81.91815886388258,81.91815886388258,1.0,True,6.542468749999999,6.66246875
-I_e4mIh0yE$_$3,16,you,True,93.46642920976902,93.466429209769,1.0000000000000002,True,6.7024687499999995,6.80246875
-I_e4mIh0yE$_$3,17,won't,True,86.67724771306135,96.31345221237923,0.8999495472546322,True,6.84246875,7.042468749999999
-I_e4mIh0yE$_$3,18,make,True,0.0,0.0,0.0,False,7.3224687500000005,7.52246875
-I_e4mIh0yE$_$3,19,the,True,0.0,0.0,0.0,False,7.52246875,7.60246875
-I_e4mIh0yE$_$3,20,mistake,True,0.0,0.0,0.0,False,7.6224687499999995,8.00246875
-I_e4mIh0yE$_$3,21,twice,True,0.0,0.0,0.0,False,8.06246875,8.42246875
-UacrmKiTn4$_$10,0,because,True,160.5540945835528,160.55409458355282,0.9999999999999998,True,0.50246875,0.82246875
-UacrmKiTn4$_$10,1,if,True,163.7218974315992,163.7218974315992,1.0,True,0.84246875,0.92246875
-UacrmKiTn4$_$10,2,they,True,209.33646687631102,209.33646687631102,1.0,True,1.00246875,1.14246875
-UacrmKiTn4$_$10,3,are,True,303.1553210386393,303.1553210386393,1.0,True,1.20246875,1.32246875
-UacrmKiTn4$_$10,4,not,True,239.7742513909209,239.7742513909209,1.0,True,1.3624687500000001,1.68246875
-UacrmKiTn4$_$10,5,in,True,182.80772431114033,182.80772431114033,1.0,True,2.18246875,2.26246875
-UacrmKiTn4$_$10,6,any,True,212.717162686166,212.717162686166,1.0,True,2.38246875,2.5424687500000003
-UacrmKiTn4$_$10,7,way,True,177.63862876245457,177.63862876245457,1.0,True,2.6224687500000003,2.7824687499999996
-UacrmKiTn4$_$10,8,held,True,168.78040449820966,168.81040961203573,0.9998222555475399,True,2.8624687499999997,3.0824687500000003
-UacrmKiTn4$_$10,9,accountable,True,153.19117172765252,262.6213102794829,0.5833158457880883,True,3.1224687500000003,3.84246875
-UacrmKiTn4$_$10,10,for,True,131.11228892495006,153.44884441716258,0.8544364698407969,True,3.96246875,4.14246875
-UacrmKiTn4$_$10,11,reading,True,136.58081901221163,136.58081901221163,1.0,True,4.26246875,4.56246875
-UacrmKiTn4$_$10,12,the,True,131.73617665753042,131.73617665753042,1.0,True,4.58246875,4.66246875
-UacrmKiTn4$_$10,13,material,True,94.61942441649273,133.28493429233257,0.7099033729420976,True,4.68246875,5.30246875
-UacrmKiTn4$_$10,14,they,True,131.1903083364572,131.1903083364572,1.0,True,5.94246875,6.08246875
-UacrmKiTn4$_$10,15,won't,True,110.22793042318517,129.30726769932238,0.8524496138878883,True,6.14246875,6.36246875
-UacrmKiTn4$_$10,16,do,True,0.0,0.0,0.0,False,6.402468750000001,6.48246875
-UacrmKiTn4$_$10,17,it,True,0.0,0.0,0.0,False,6.58246875,6.68246875
-UacrmKiTn4$_$4,0,just,True,184.3188576208102,191.530715217234,0.9623462086055279,True,0.52246875,0.72246875
-UacrmKiTn4$_$4,1,given,True,179.60137622553995,186.6216453560896,0.962382342535056,True,0.76246875,0.96246875
-UacrmKiTn4$_$4,2,to,True,191.6827540655018,191.68275406550174,1.0000000000000002,True,1.00246875,1.08246875
-UacrmKiTn4$_$4,3,their,True,155.50655477217938,164.350829203889,0.9461866150931455,True,1.12246875,1.26246875
-UacrmKiTn4$_$4,4,own,True,122.39391636645327,152.3522917672969,0.8033611765643663,True,1.34246875,1.48246875
-UacrmKiTn4$_$4,5,devices,True,133.31216768283835,138.07321964417096,0.9655179188723031,True,1.52246875,2.10246875
-UacrmKiTn4$_$4,6,they,True,153.13143206514323,153.13143206514323,1.0,True,2.1624687500000004,2.30246875
-UacrmKiTn4$_$4,7,are,True,141.9046246410626,141.9046246410626,1.0,True,2.34246875,2.46246875
-UacrmKiTn4$_$4,8,not,True,119.90226353230918,146.32471767249285,0.8194259004188001,True,2.5024687500000002,2.68246875
-UacrmKiTn4$_$4,9,going,True,140.04829455784258,140.04829455784255,1.0000000000000002,True,2.76246875,3.02246875
-UacrmKiTn4$_$4,10,to,True,138.66683435087847,138.66683435087847,1.0,True,3.0424687500000003,3.1224687500000003
-UacrmKiTn4$_$4,11,read,True,124.22702340274897,132.49075930386257,0.937627831974598,True,3.2024687500000004,3.4024687499999997
-UacrmKiTn4$_$4,12,the,True,123.34312700213651,136.16062814264205,0.9058648501013236,True,3.42246875,3.5024687500000002
-UacrmKiTn4$_$4,13,textbook,True,64.52597068552745,135.09575988803851,0.47763135378196747,True,3.5424687500000003,4.10246875
-hnBHBN8p5A$_$7,0,picture,False,127.14569732189456,188.92483223593914,0.6729962166281478,False,4.10246875,4.7424687500000005
-hnBHBN8p5A$_$7,1,this,False,88.38782401269371,191.7557340116724,0.46093966612395254,False,4.7424687500000005,5.10246875
-hnBHBN8p5A$_$7,2,before,False,189.05973216223856,189.05973216223856,1.0,False,5.10246875,5.28246875
-hnBHBN8p5A$_$7,3,we,False,175.66852979374823,175.66852979374823,1.0,False,5.30246875,5.38246875
-hnBHBN8p5A$_$7,4,actually,False,156.46984419261238,185.49852748356673,0.8435098990555276,False,5.402468750000001,5.84246875
-hnBHBN8p5A$_$7,5,start,False,0.0,0.0,0.0,False,5.92246875,6.1224687499999995
-hnBHBN8p5A$_$7,6,hacking,False,0.0,0.0,0.0,False,6.14246875,6.36246875
-hnBHBN8p5A$_$7,7,we're,False,0.0,0.0,0.0,False,6.36246875,6.52246875
-hnBHBN8p5A$_$7,8,in,False,0.0,0.0,0.0,False,6.542468749999999,6.60246875
-hnBHBN8p5A$_$7,9,a,False,0.0,0.0,0.0,False,6.60246875,6.6224687499999995
-hnBHBN8p5A$_$7,10,room,False,0.0,0.0,0.0,False,6.6224687499999995,6.78246875
-hnBHBN8p5A$_$7,11,formal,False,0.0,0.0,0.0,False,6.80246875,7.02246875
-hnBHBN8p5A$_$7,12,setting,False,0.0,0.0,0.0,False,7.042468749999999,7.28246875
-hnBHBN8p5A$_$6,0,discussion,False,10.172926298113945,157.79341435876353,0.0644699041430493,False,1.74246875,2.2024687500000004
-hnBHBN8p5A$_$6,1,how,False,0.0,0.0,0.0,False,2.38246875,2.7024687500000004
-hnBHBN8p5A$_$6,2,to,False,0.0,0.0,0.0,False,2.8224687499999996,3.0024687500000002
-hnBHBN8p5A$_$6,3,discuss,False,23.6261574729545,305.99203846404913,0.07721167384467856,False,3.2024687500000004,3.9424687499999997
-hnBHBN8p5A$_$6,4,ideas,False,224.24742831969166,274.08148090359333,0.8181779651087387,False,3.9424687499999997,4.28246875
-hnBHBN8p5A$_$6,5,and,False,228.71961849377752,228.95379703003337,0.9989771799406972,False,4.3224687500000005,4.44246875
-hnBHBN8p5A$_$6,6,opinions,False,129.1442755046943,191.851391842919,0.6731474515985423,False,4.46246875,5.1224687499999995
-hnBHBN8p5A$_$6,7,more,False,0.2732593219893172,198.1549866674423,0.0013790181442565473,False,5.22246875,5.402468750000001
-hnBHBN8p5A$_$6,8,effectively,False,0.1496976793702725,184.73283507355876,0.0008103468953457267,False,5.46246875,5.8224687500000005
-hnBHBN8p5A$_$6,9,than,False,114.51132520595857,301.88627849383505,0.37931941053192664,False,5.8224687500000005,5.94246875
-hnBHBN8p5A$_$6,10,a,False,276.15417646418445,301.12603983987657,0.9170717238901992,False,5.98246875,6.00246875
-hnBHBN8p5A$_$6,11,native,False,290.0252775608686,295.49000382675416,0.9815062229005569,False,6.00246875,6.18246875
-hnBHBN8p5A$_$6,12,speaker,False,279.39345644016333,279.39345644016333,1.0,False,6.18246875,6.3328125
-qDkUB0GgYY$_$6,0,we,True,241.13526587630696,241.13526587630696,1.0,True,0.50246875,0.56246875
-qDkUB0GgYY$_$6,1,always,True,300.06114001811596,309.81088629433606,0.9685300074737936,True,0.64246875,0.88246875
-qDkUB0GgYY$_$6,2,love,True,208.0744723464519,208.62921192203456,0.9973410263573734,True,0.96246875,1.14246875
-qDkUB0GgYY$_$6,3,to,True,225.78578297068768,226.06153337990867,0.9987801975634767,True,1.18246875,1.24246875
-qDkUB0GgYY$_$6,4,hear,True,202.23195699113595,202.23195699113595,1.0,True,1.28246875,1.40246875
-qDkUB0GgYY$_$6,5,what,True,187.5034838871568,187.5034838871568,1.0,True,1.44246875,1.54246875
-qDkUB0GgYY$_$6,6,you,True,188.61369892489196,188.61683812289917,0.9999833567456731,True,1.56246875,1.64246875
-qDkUB0GgYY$_$6,7,say,True,191.28911451727467,216.16497427091795,0.8849218758147813,True,1.90246875,2.14246875
-qDkUB0GgYY$_$6,8,and,True,137.8820983198607,189.92745823245556,0.7259724297005248,True,2.5824687500000003,2.68246875
-qDkUB0GgYY$_$6,9,like,True,180.07999577263945,180.07999577263945,1.0,True,2.72246875,2.92246875
-qDkUB0GgYY$_$6,10,and,True,194.77424269357834,194.77424269357834,1.0,True,2.92246875,3.0024687500000002
-qDkUB0GgYY$_$6,11,share,False,168.41954490294117,186.62085471457038,0.902469046991198,False,3.02246875,3.2424687499999996
-qDkUB0GgYY$_$6,12,this,False,111.5621321442352,185.6248159926327,0.6010087150667561,False,3.2424687499999996,3.3224687499999996
-qDkUB0GgYY$_$6,13,video,True,94.85303435809732,183.7818953904351,0.5161174018615217,True,3.3224687499999996,3.5024687500000002
-qDkUB0GgYY$_$6,14,as,True,153.67809078752077,175.56943740153443,0.8753123155259235,True,3.5824687500000003,3.68246875
-qDkUB0GgYY$_$6,15,well,True,263.02593458981784,263.0328800894559,0.9999735945573205,True,3.7824687499999996,4.02246875
-uywlfIYOS8$_$4,0,and,True,207.35080043414465,228.84964791590804,0.9060568907247641,True,1.08246875,1.16246875
-uywlfIYOS8$_$4,1,then,True,311.5548739171971,311.554873917197,1.0000000000000002,True,1.16246875,1.28246875
-uywlfIYOS8$_$4,2,from,True,278.32487210689595,278.32487210689595,1.0,True,1.34246875,1.48246875
-uywlfIYOS8$_$4,3,a,True,191.52239575313732,191.5223957531373,1.0000000000000002,True,1.52246875,1.54246875
-uywlfIYOS8$_$4,4,brand,True,248.99308836372782,248.99308836372776,1.0000000000000002,True,1.64246875,2.02246875
-uywlfIYOS8$_$4,5,point,True,168.08485563133485,174.01017598621794,0.965948426169327,True,2.10246875,2.3224687499999996
-uywlfIYOS8$_$4,6,of,True,151.2041661255702,151.2041661255702,0.9999999999999999,True,2.3624687499999997,2.42246875
-uywlfIYOS8$_$4,7,view,True,155.43207153826245,155.43207153826245,1.0,True,2.46246875,2.5824687500000003
-uywlfIYOS8$_$4,8,we,True,232.05747740066715,232.05747740066712,1.0000000000000002,True,2.64246875,2.72246875
-uywlfIYOS8$_$4,9,need,True,324.366519453418,324.366519453418,1.0,True,2.8224687499999996,3.0024687500000002
-uywlfIYOS8$_$4,10,to,True,317.06591304751095,317.06591304751095,1.0,True,3.06246875,3.1224687500000003
-uywlfIYOS8$_$4,11,make,True,184.23279540425847,223.02714839695884,0.8260554678139383,True,3.18246875,3.3624687499999997
-uywlfIYOS8$_$4,12,sure,True,158.95082403767594,197.31578700876,0.8055656693633906,True,3.38246875,3.64246875
-uywlfIYOS8$_$4,13,we're,True,184.4792840377168,184.47928403771687,0.9999999999999998,True,3.68246875,3.8224687499999996
-uywlfIYOS8$_$4,14,driving,True,179.89536397329994,179.89536397329994,1.0,True,3.88246875,4.2024687499999995
-uywlfIYOS8$_$4,15,the,True,175.13813388288773,175.13813388288773,1.0,True,4.22246875,4.28246875
-uywlfIYOS8$_$4,16,relevant,True,175.01183981405478,175.01183981405478,1.0,True,4.36246875,4.7024687499999995
-uywlfIYOS8$_$4,17,insight,False,113.88505251132197,327.5954346459723,0.3476393150423354,False,4.8224687500000005,5.30246875
-6rXp3zJ3kc$_$8,0,many,True,103.23483487754412,103.23483487754412,1.0,True,0.50246875,0.68246875
-6rXp3zJ3kc$_$8,1,people,True,85.43930062991352,102.52695805431665,0.8333349808803413,True,0.76246875,1.00246875
-6rXp3zJ3kc$_$8,2,are,True,90.49748323724225,90.49748323724225,1.0,True,1.04246875,1.16246875
-6rXp3zJ3kc$_$8,3,not,True,109.32187505511307,109.32187505511307,1.0,True,1.22246875,1.50246875
-6rXp3zJ3kc$_$8,4,until,True,77.65507990983163,100.10570825484102,0.7757307876204582,True,1.56246875,1.82246875
-6rXp3zJ3kc$_$8,5,they,True,95.76443862282166,95.76443862282166,1.0,True,1.8624687500000001,1.96246875
-6rXp3zJ3kc$_$8,6,get,True,44.5196516048852,105.48282226110595,0.4220559390673477,True,2.02246875,2.18246875
-6rXp3zJ3kc$_$8,7,to,True,23.462910025355004,112.89625546586672,0.2078271766280931,True,2.26246875,2.3224687499999996
-6rXp3zJ3kc$_$8,8,be,True,103.96353154011908,103.96353154011908,1.0,True,2.38246875,2.46246875
-6rXp3zJ3kc$_$8,9,a,False,92.1002320542457,92.1002320542457,1.0,False,2.5824687500000003,2.60246875
-6rXp3zJ3kc$_$8,10,older,True,111.39192167575435,111.39192167575435,1.0,True,3.26246875,3.5424687500000003
-6rXp3zJ3kc$_$8,11,age,True,96.81951517182829,111.38971050761336,0.8691962186687862,True,3.68246875,3.98246875
-6rXp3zJ3kc$_$8,12,and,True,99.03941949650343,99.03941949650343,1.0,True,4.00246875,4.10246875
-6rXp3zJ3kc$_$8,13,they,True,96.1096867711047,96.1096867711047,1.0000000000000002,True,4.10246875,4.22246875
-6rXp3zJ3kc$_$8,14,realize,True,100.84824547691306,103.66557440101019,0.9728229073115551,True,4.30246875,4.78246875
-6rXp3zJ3kc$_$8,15,that,True,0.0,0.0,0.0,False,4.8224687500000005,4.96246875
-6rXp3zJ3kc$_$8,16,gosh,False,7.43667719738386,98.7724673388803,0.07529099351005604,False,5.042468749999999,5.38246875
-6rXp3zJ3kc$_$8,17,they,False,57.724185923501565,100.09025396278636,0.5767213453665875,False,5.7424687500000005,5.86246875
-6rXp3zJ3kc$_$8,18,wasted,True,82.33494686050904,107.6675956727277,0.7647142703063495,True,5.98246875,6.3224687500000005
-6rXp3zJ3kc$_$8,19,a,True,100.07721714363942,100.07721714363942,1.0,True,6.34246875,6.36246875
-6rXp3zJ3kc$_$8,20,lot,True,99.59934465738456,99.59934465738456,1.0,True,6.42246875,6.56246875
-6rXp3zJ3kc$_$8,21,of,True,70.4073316449721,88.87670943883245,0.7921910260801058,True,6.60246875,6.66246875
-6rXp3zJ3kc$_$8,22,time,True,92.26325085038813,111.0041290125394,0.8311695400084241,True,6.7024687499999995,7.10246875
-6rXp3zJ3kc$_$8,23,and,True,94.50245254173878,94.50245254173878,1.0,True,7.1224687499999995,7.22246875
-6rXp3zJ3kc$_$8,24,money,True,111.04956256127451,111.04956256127451,1.0,True,7.30246875,7.56246875
-6rXp3zJ3kc$_$8,25,in,False,95.29061321731969,96.963513309665,0.9827471175987332,False,8.92246875,9.04246875
-6rXp3zJ3kc$_$8,26,placing,True,57.676363444585505,103.17537003331692,0.5590129061418526,True,9.26246875,9.642468749999999
-6rXp3zJ3kc$_$8,27,bets,True,107.25285516884654,113.13019254912822,0.9480480210644973,True,9.70246875,9.94246875
-6rXp3zJ3kc$_$8,28,on,True,86.30375270336056,95.26395060413823,0.9059434566385866,True,10.00246875,10.08246875
-6rXp3zJ3kc$_$8,29,stock,True,0.0,0.0,0.0,False,10.16246875,10.46246875
-6rXp3zJ3kc$_$8,30,that's,True,0.0,0.0,0.0,False,10.50246875,10.74246875
-6rXp3zJ3kc$_$8,31,ultimately,True,55.092977295822735,98.34674554434866,0.5601911582420285,True,10.84246875,11.34246875
-6rXp3zJ3kc$_$8,32,lost,True,104.43381341447797,104.43381341447797,1.0,True,11.44246875,11.74246875
-6rXp3zJ3kc$_$8,33,value,True,100.58865405902017,100.58865405902016,1.0000000000000002,True,11.80246875,12.22246875
-9y-fZ3swSY$_$0,0,is,False,245.2557416357868,245.38893053782948,0.9994572334548638,False,0.10246875,0.16246875
-9y-fZ3swSY$_$0,1,you,False,216.7490394421213,251.4400661037844,0.8620306333862319,False,0.18246875,0.26246875000000003
-9y-fZ3swSY$_$0,2,can,False,310.3137543806648,335.0451823940068,0.9261847974155967,False,0.26246875000000003,0.36246875
-9y-fZ3swSY$_$0,3,say,False,313.2826629001046,313.5375598815558,0.9991870288792594,False,0.44246874999999997,0.62246875
-9y-fZ3swSY$_$0,4,hey,False,150.24326406949527,436.4887310134195,0.34420880401807247,False,0.78246875,1.50246875
-9y-fZ3swSY$_$0,5,i,False,262.3361551116132,262.39403417580945,0.9997794192829954,False,1.96246875,1.98246875
-9y-fZ3swSY$_$0,6,really,True,391.4034632054596,391.4034632054596,1.0,True,2.0424687500000003,2.26246875
-9y-fZ3swSY$_$0,7,like,True,226.93837005368889,235.09405206146846,0.9653088543233448,True,2.38246875,2.7424687499999996
-9y-fZ3swSY$_$0,8,baby,False,229.02063922433064,229.02063922433064,1.0,False,2.96246875,3.2424687499999996
-9y-fZ3swSY$_$0,9,skin,False,97.21274058802206,192.04123797120764,0.506207633396932,False,3.34246875,3.64246875
-9y-fZ3swSY$_$0,10,they,False,190.42444072188184,239.17656060850396,0.7961668160015813,False,3.68246875,3.7824687499999996
-9y-fZ3swSY$_$0,11,are,False,28.539561561504925,243.51109452764481,0.1172002516635436,False,3.7824687499999996,3.84246875
-9y-fZ3swSY$_$0,12,so,True,211.63993931528992,292.017747599941,0.7247502627998925,True,3.8624687499999997,3.96246875
-9y-fZ3swSY$_$0,13,soft,True,127.69873699787858,271.35945804589306,0.47058885626268393,True,4.28246875,4.6224687499999995
-9y-fZ3swSY$_$0,14,they,True,231.44478275334933,250.74891651548387,0.9230140890321953,True,4.64246875,4.7424687500000005
-9y-fZ3swSY$_$0,15,don't,True,308.033638212978,308.1628241010871,0.9995807869152098,True,4.76246875,4.92246875
-9y-fZ3swSY$_$0,16,have,True,266.0154274840904,283.7711065147163,0.9374295739664918,True,4.98246875,5.26246875
-9y-fZ3swSY$_$0,17,any,True,268.07263283513424,268.07263283513424,1.0,True,5.30246875,5.42246875
-9y-fZ3swSY$_$0,18,hair,True,198.64458734601308,283.40659846718034,0.7009172983988124,True,5.50246875,5.7024687499999995
-9y-fZ3swSY$_$0,19,on,True,318.5055685752681,318.5055685752681,1.0000000000000002,True,5.76246875,5.8224687500000005
-9y-fZ3swSY$_$0,20,their,False,235.5973000869667,235.59730008696667,1.0000000000000002,False,5.84246875,5.94246875
-9y-fZ3swSY$_$0,21,face,False,143.2286452544117,201.28450128965292,0.7115731431716268,False,6.00246875,6.26246875
-9y-fZ3swSY$_$4,0,i've,True,0.0,0.0,0.0,False,0.38246875,0.48246875
-9y-fZ3swSY$_$4,1,seen,True,258.3068536170888,353.1697967057259,0.7313956516851285,True,0.54246875,0.72246875
-9y-fZ3swSY$_$4,2,this,True,356.23605599070635,356.25747015269366,0.9999398913320241,True,0.76246875,0.92246875
-9y-fZ3swSY$_$4,3,in,True,240.85514755971766,240.85514755971766,1.0,True,1.02246875,1.1024687499999999
-9y-fZ3swSY$_$4,4,u,False,193.71653915102493,193.71653915102493,1.0,False,1.20246875,1.24246875
-9y-fZ3swSY$_$4,5,s,True,0.0,0.0,0.0,False,1.50246875,1.52246875
-9y-fZ3swSY$_$4,6,or,True,193.9612063427218,193.96120634272177,1.0000000000000002,True,1.80246875,1.88246875
-9y-fZ3swSY$_$4,7,in,True,189.42441900962365,189.42441900962365,1.0,True,1.92246875,2.0024687500000002
-9y-fZ3swSY$_$4,8,the,True,188.91404548427997,188.91404548427997,1.0,True,2.02246875,2.10246875
-9y-fZ3swSY$_$4,9,u,True,152.15628131967063,152.30633831225109,0.999014768562863,True,2.22246875,2.26246875
-9y-fZ3swSY$_$4,10,s,True,0.005610401350006863,145.56532287597656,3.8542155776942796e-05,False,2.5024687500000002,2.52246875
-9y-fZ3swSY$_$8,0,that's,True,0.0017003592196932961,211.8926239013672,8.024626758526468e-06,False,0.26246875000000003,0.46246875
-9y-fZ3swSY$_$8,1,a,True,213.25077981779143,213.4269511919577,0.9991745589149713,True,0.54246875,0.56246875
-9y-fZ3swSY$_$8,2,more,True,227.77472659137982,227.82062541482213,0.9997985308689293,True,0.96246875,1.16246875
-9y-fZ3swSY$_$8,3,decent,True,144.30161005314383,212.44157085372655,0.6792531681687694,True,1.3624687500000001,1.82246875
-9y-fZ3swSY$_$8,4,and,True,204.5195152041395,204.56206316622604,0.9997920046296563,True,2.10246875,2.1624687500000004
-9y-fZ3swSY$_$8,5,more,True,219.1966287187273,219.1966287187273,1.0,True,2.18246875,2.3224687499999996
-9y-fZ3swSY$_$8,6,polite,True,138.26394227120923,201.23132006492682,0.6870895754527611,True,2.34246875,2.84246875
-9y-fZ3swSY$_$8,7,way,True,164.5348026387707,164.53480263877074,0.9999999999999999,True,2.92246875,3.0424687500000003
-9y-fZ3swSY$_$8,8,to,True,122.64925072960195,226.59338957137317,0.5412746195359307,True,3.18246875,3.2424687499999996
-9y-fZ3swSY$_$8,9,call,True,122.69551727100627,173.49597346880813,0.7071951862506193,True,3.3224687499999996,3.6224687500000003
-9y-fZ3swSY$_$8,10,a,False,176.42287256878862,211.8798550391526,0.8326552448140385,False,3.68246875,3.7024687500000004
-9y-fZ3swSY$_$8,11,lady,False,117.47386539284895,331.53821376687625,0.3543297891912141,False,3.72246875,3.88246875
-AUZQgSxyPQ$_$2,0,the,False,0.0,0.0,0.0,False,0.50246875,0.58246875
-AUZQgSxyPQ$_$2,1,perfect,True,161.00381812761535,207.01969571028675,0.7777222238454633,True,0.62246875,0.98246875
-AUZQgSxyPQ$_$2,2,soul,False,0.0,0.0,0.0,False,1.04246875,1.26246875
-AUZQgSxyPQ$_$2,3,mate,False,0.0,0.0,0.0,False,1.30246875,1.56246875
-AUZQgSxyPQ$_$2,4,to,True,0.0,0.0,0.0,False,1.6024687499999999,1.66246875
-AUZQgSxyPQ$_$2,5,the,False,0.0,0.0,0.0,False,1.70246875,1.78246875
-AUZQgSxyPQ$_$2,6,clarisonic,False,0.0,0.0,0.0,False,1.82246875,2.5424687500000003
-AUZQgSxyPQ$_$2,7,spot,False,0.0,0.0,0.0,False,3.0824687500000003,3.42246875
-AUZQgSxyPQ$_$2,8,therapy,True,0.0,0.0,0.0,False,3.5424687500000003,3.92246875
-AUZQgSxyPQ$_$2,9,brush,True,0.0,0.0,0.0,False,4.00246875,4.402468750000001
-AUZQgSxyPQ$_$2,10,this,True,0.0,0.0,0.0,False,4.94246875,5.08246875
-AUZQgSxyPQ$_$2,11,gentle,True,78.03862167809434,199.58584910957737,0.39100277913615655,True,5.16246875,5.60246875
-AUZQgSxyPQ$_$2,12,ph,True,0.0,0.0,0.0,False,5.76246875,6.10246875
-AUZQgSxyPQ$_$2,13,balanced,True,0.0,0.0,0.0,False,6.16246875,6.64246875
-AUZQgSxyPQ$_$2,14,and,True,0.0,0.0,0.0,False,6.72246875,6.8224687500000005
-AUZQgSxyPQ$_$2,15,hydrating,True,0.0,0.0,0.0,False,6.902468750000001,7.48246875
-AUZQgSxyPQ$_$2,16,exfoliant,True,50.31611565237756,201.27594502766928,0.2499857379651634,True,7.58246875,8.30246875
-AUZQgSxyPQ$_$2,17,containing,False,72.50862056958972,126.46168530057925,0.5733643387500988,False,8.74246875,9.34246875
-AUZQgSxyPQ$_$2,18,jojoba,True,4.313739068434869,77.70309434924063,0.05551566645527066,True,9.34246875,9.82246875
-AUZQgSxyPQ$_$2,19,and,True,0.0,0.0,0.0,False,10.28246875,10.382468750000001
-AUZQgSxyPQ$_$2,20,acai,True,0.0,0.0,0.0,False,10.42246875,10.82246875
-AUZQgSxyPQ$_$2,21,fruit,True,0.0,0.0,0.0,False,11.12246875,11.34246875
-AUZQgSxyPQ$_$2,22,oils,True,0.0,0.0,0.0,False,11.44246875,11.76246875
-AUZQgSxyPQ$_$2,23,and,False,2.9754802187986273,82.53355849357956,0.03605176213297643,False,12.44246875,12.56246875
-AUZQgSxyPQ$_$2,24,bamboo,True,0.0,0.0,0.0,False,12.68246875,13.12246875
-AUZQgSxyPQ$_$2,25,and,True,0.0,0.0,0.0,False,13.52246875,13.642468749999999
-AUZQgSxyPQ$_$2,26,prickly,True,0.0,0.0,0.0,False,13.72246875,14.06246875
-AUZQgSxyPQ$_$2,27,bear,True,0.0,0.0,0.0,False,14.12246875,14.382468750000001
-AUZQgSxyPQ$_$2,28,extracts,True,43.20349141519751,75.51905352088042,0.572087299839531,True,14.58246875,15.86246875
-AUZQgSxyPQ$_$2,29,deliver,True,155.0479824871941,158.1875630461785,0.9801527977387964,True,15.92246875,16.302468750000003
-AUZQgSxyPQ$_$2,30,intense,True,122.7253826442859,209.55744114102063,0.585640776944296,True,16.482468750000002,16.88246875
-AUZQgSxyPQ$_$2,31,healing,True,151.10645257032226,222.38017395101247,0.6794960624664729,True,16.96246875,17.362468749999998
-AUZQgSxyPQ$_$2,32,while,True,95.11948166176265,123.4689998959959,0.7703916103790144,True,17.82246875,18.02246875
-AUZQgSxyPQ$_$2,33,smooth,True,139.54659372475817,201.919700873907,0.6910994475566352,True,18.082468749999997,18.402468749999997
-AUZQgSxyPQ$_$2,34,granules,True,89.3564240000185,142.9735549926758,0.6249856765791131,True,18.442468750000003,18.92246875
-AUZQgSxyPQ$_$2,35,buff,True,0.0,0.0,0.0,False,19.06246875,19.26246875
-AUZQgSxyPQ$_$2,36,away,True,0.0,0.0,0.0,False,19.32246875,19.60246875
-AUZQgSxyPQ$_$2,37,dead,True,129.97101178585376,134.57784280597588,0.9657682800967177,True,20.122468750000003,20.342468750000002
-AUZQgSxyPQ$_$2,38,dry,False,0.0,0.0,0.0,False,20.662468750000002,20.982468750000002
-AUZQgSxyPQ$_$2,39,skin,True,22.193847083918435,55.30261844940928,0.4013163880155389,True,21.20246875,21.42246875
-AUZQgSxyPQ$_$2,40,cells,True,0.0,0.0,0.0,False,21.50246875,21.842468750000002
-HeZS2-Prhc$_$2,0,the,True,275.75642052246513,277.6454716063573,0.9931961754212565,True,1.72246875,1.80246875
-HeZS2-Prhc$_$2,1,august,True,355.0012916597605,391.18507824932834,0.9075021298064302,True,1.92246875,2.22246875
-HeZS2-Prhc$_$2,2,jobs,True,235.1320377544101,257.26857520509475,0.9139555329171571,True,2.30246875,2.6224687500000003
-HeZS2-Prhc$_$2,3,report,True,185.23825021544647,204.83269595997365,0.9043392674558356,True,2.6624687500000004,3.0024687500000002
-HeZS2-Prhc$_$2,4,is,True,164.65113367041954,188.1089180125764,0.875296798312409,True,3.0424687500000003,3.14246875
-HeZS2-Prhc$_$2,5,out,True,74.70255418002671,226.64509320804174,0.32960146245679295,True,3.2424687499999996,3.46246875
-HeZS2-Prhc$_$2,6,and,True,240.29600178389256,240.30144951307244,0.9999773296033341,True,3.7024687500000004,4.02246875
-HeZS2-Prhc$_$2,7,it,True,264.165491225671,264.165491225671,1.0,True,4.18246875,4.26246875
-HeZS2-Prhc$_$2,8,was,True,263.5679203372566,294.09977044089106,0.8961853997442314,True,4.30246875,4.42246875
-HeZS2-Prhc$_$2,9,seen,True,271.7982032887222,301.5396799819829,0.9013679503306573,True,4.50246875,4.78246875
-HeZS2-Prhc$_$2,10,overall,True,204.5992327174265,232.60906503005083,0.8795840896871078,True,5.18246875,5.7424687500000005
-HeZS2-Prhc$_$2,11,as,False,243.81779624485927,290.620884887397,0.8389548340248434,False,6.16246875,6.2424687500000005
-HeZS2-Prhc$_$2,12,solid,True,242.94142673984047,264.30411411929714,0.9191738371132039,True,6.38246875,6.72246875
-HeZS2-Prhc$_$2,13,but,True,236.51524116370547,236.51524116370547,1.0,True,6.80246875,6.92246875
-HeZS2-Prhc$_$2,14,not,True,171.20710921359822,182.61357390024958,0.9375376953474335,True,7.00246875,7.2024687499999995
-HeZS2-Prhc$_$2,15,great,True,122.01252516054602,200.6874653323644,0.6079728246030587,True,7.30246875,7.6224687499999995
-MeTTeMJBNc$_$0,0,okay,True,0.0,0.0,0.0,False,0.96246875,1.24246875
-MeTTeMJBNc$_$0,1,what,True,0.0,0.0,0.0,False,1.3624687500000001,1.54246875
-MeTTeMJBNc$_$0,2,happens,True,197.2479332244553,364.14015315129205,0.5416813595464799,True,1.62246875,2.10246875
-MeTTeMJBNc$_$0,3,at,True,0.0,0.0,0.0,False,2.1624687500000004,2.26246875
-MeTTeMJBNc$_$0,4,this,True,0.0,0.0,0.0,False,2.3224687499999996,2.5024687500000002
-MeTTeMJBNc$_$0,5,point,True,0.0,0.0,0.0,False,2.60246875,2.96246875
-MeTTeMJBNc$_$0,6,after,True,73.52459454302489,222.61221964405456,0.3302810360571712,True,3.1224687500000003,3.4024687499999997
-MeTTeMJBNc$_$0,7,we've,True,132.33094631542863,183.29489902225853,0.721956513909091,True,3.4424687499999997,3.68246875
-MeTTeMJBNc$_$0,8,taken,True,58.19904391579944,185.866330347879,0.31312311275996296,True,3.7024687500000004,4.00246875
-MeTTeMJBNc$_$0,9,this,True,120.15112871051332,162.90515759437324,0.7375526378955073,True,4.042468749999999,4.2424687500000005
-MeTTeMJBNc$_$0,10,brief,True,188.5773522643802,193.78977762576616,0.9731026815488077,True,4.44246875,4.72246875
-MeTTeMJBNc$_$0,11,walk,True,179.19154618150372,179.19154618150372,1.0,True,4.86246875,5.16246875
-MeTTeMJBNc$_$0,12,down,True,153.13883912030695,158.07954765440573,0.9687454284415074,True,5.2424687500000005,5.48246875
-MeTTeMJBNc$_$0,13,memory,True,153.3176297983454,153.3176297983454,1.0,True,5.542468749999999,5.88246875
-MeTTeMJBNc$_$0,14,lane,True,141.0166487099042,159.61814515461816,0.8834625197110568,True,5.96246875,6.36246875
-MeTTeMJBNc$_$0,15,is,True,0.0,0.0,0.0,False,6.8224687500000005,6.902468750000001
-MeTTeMJBNc$_$0,16,the,True,0.0,0.0,0.0,False,6.96246875,7.042468749999999
-MeTTeMJBNc$_$0,17,presentation,True,125.6917746332511,182.98299439478606,0.686904130348151,True,7.08246875,7.88246875
-MeTTeMJBNc$_$0,18,of,True,149.18472670385313,149.18472670385313,1.0,True,7.92246875,8.00246875
-MeTTeMJBNc$_$0,19,the,True,157.37472991654053,157.37683070676144,0.9999866512102736,True,8.06246875,8.142468749999999
-MeTTeMJBNc$_$0,20,gift,True,28.758425222492367,151.13396356551593,0.19028433148996132,True,8.22246875,8.68246875
-MeTTeMJBNc$_$13,0,it,False,6.388805266535827,242.02455149149034,0.026397343687507912,False,0.28246875,0.50246875
-MeTTeMJBNc$_$13,1,just,False,0.2497216048916934,273.6775952807839,0.0009124663808723089,False,1.04246875,1.32246875
-MeTTeMJBNc$_$13,2,needs,True,190.36197722948182,249.89501900308608,0.7617677934874363,True,1.44246875,1.66246875
-MeTTeMJBNc$_$13,3,to,True,217.07800488256643,239.70641146589563,0.9055994937934788,True,1.70246875,1.78246875
-MeTTeMJBNc$_$13,4,be,True,195.1731842088956,195.1731842088956,1.0,True,1.82246875,1.90246875
-MeTTeMJBNc$_$13,5,a,True,0.0,0.0,0.0,False,1.98246875,2.0024687500000002
-MeTTeMJBNc$_$13,6,simple,True,192.08864299047576,236.4481880443888,0.8123921125350922,True,2.2024687500000004,2.56246875
-MeTTeMJBNc$_$13,7,statement,True,0.0,0.0,0.0,False,2.6624687500000004,3.22246875
-MeTTeMJBNc$_$13,8,and,True,157.96658152024858,157.9665815202486,0.9999999999999998,True,3.5824687500000003,3.6624687500000004
-MeTTeMJBNc$_$13,9,then,True,153.21760421473783,153.21760421473783,1.0,True,3.68246875,3.7824687499999996
-MeTTeMJBNc$_$13,10,you,True,156.01891102910952,156.01891102910952,1.0,True,3.8224687499999996,3.9024687499999997
-MeTTeMJBNc$_$13,11,present,True,10.603643079004268,153.97791872658024,0.06886469934584086,True,3.9424687499999997,4.34246875
-MeTTeMJBNc$_$13,12,the,True,0.0,0.0,0.0,False,4.38246875,4.46246875
-MeTTeMJBNc$_$13,13,gift,True,0.0,0.0,0.0,False,4.50246875,4.902468750000001
-MeTTeMJBNc$_$7,0,maybe,False,175.73142763745403,175.732812353758,0.9999921203315112,False,0.52246875,0.72246875
-MeTTeMJBNc$_$7,1,you,True,185.77730141357748,185.77730141357748,1.0,True,0.78246875,0.90246875
-MeTTeMJBNc$_$7,2,could,True,7.711504302299451,185.53159541789955,0.04156437228349014,True,0.96246875,1.14246875
-MeTTeMJBNc$_$7,3,find,True,191.43102691467084,208.32497060712777,0.9189058150675725,True,1.54246875,1.88246875
-MeTTeMJBNc$_$7,4,a,True,199.72157579776393,199.72157579776396,0.9999999999999998,True,1.92246875,1.94246875
-MeTTeMJBNc$_$7,5,picture,True,155.36610634655335,217.51134928966252,0.7142896536384886,True,2.0024687500000002,2.42246875
-MeTTeMJBNc$_$7,6,of,False,167.6491092234513,167.6491092234513,1.0,False,2.4424687499999997,2.52246875
-MeTTeMJBNc$_$7,7,the,True,166.21480020007098,166.214800200071,0.9999999999999998,True,2.56246875,2.64246875
-MeTTeMJBNc$_$7,8,couple,True,143.0769855287811,159.91267596800853,0.8947194752553856,True,2.68246875,3.06246875
-MeTTeMJBNc$_$7,9,from,True,125.04808870262431,153.02380249605528,0.8171806389783568,True,3.14246875,3.4024687499999997
-MeTTeMJBNc$_$7,10,their,True,173.8618181752295,173.8618181752295,1.0,True,3.72246875,3.84246875
-MeTTeMJBNc$_$7,11,wedding,True,143.20346989082032,162.758060911553,0.8798548538166773,True,3.92246875,4.42246875
-MeTTeMJBNc$_$7,12,or,True,134.81387973957195,134.81387973957195,1.0,True,4.56246875,4.7424687500000005
-MeTTeMJBNc$_$7,13,sometime,False,208.029417509815,211.6692706520318,0.9828040549721531,False,4.902468750000001,5.34246875
-MeTTeMJBNc$_$7,14,in,True,178.8290991232102,178.8290991232102,1.0,True,5.38246875,5.44246875
-MeTTeMJBNc$_$7,15,their,True,164.21681678017336,164.21681678017336,1.0,True,5.46246875,5.6224687499999995
-MeTTeMJBNc$_$7,16,life,True,106.5809066515662,165.21393478370928,0.6451084576558095,True,5.7024687499999995,6.10246875
-MeTTeMJBNc$_$7,17,or,True,133.75820075504257,153.12287249549775,0.8735350805215298,True,6.14246875,6.2024687499999995
-MeTTeMJBNc$_$7,18,maybe,True,206.9539212369213,206.95392123692133,0.9999999999999999,True,6.2424687500000005,6.46246875
-MeTTeMJBNc$_$7,19,even,True,220.54967478672214,220.54967478672214,1.0,True,6.542468749999999,6.72246875
-MeTTeMJBNc$_$7,20,a,True,208.24731895497516,208.24731895497513,1.0000000000000002,True,6.76246875,6.78246875
-MeTTeMJBNc$_$7,21,current,True,120.10695972555105,221.70723803150688,0.5417367551549337,True,6.86246875,7.28246875
-MeTTeMJBNc$_$7,22,picture,True,0.0,0.0,0.0,False,7.34246875,7.8224687500000005
-MeTTeMJBNc$_$7,23,and,True,0.0,0.0,0.0,False,8.18246875,8.28246875
-MeTTeMJBNc$_$7,24,have,True,0.0,0.0,0.0,False,8.30246875,8.44246875
-MeTTeMJBNc$_$7,25,it,True,0.0,0.0,0.0,False,8.44246875,8.52246875
-MeTTeMJBNc$_$7,26,put,True,0.0,0.0,0.0,False,8.56246875,8.72246875
-MeTTeMJBNc$_$7,27,in,True,0.0,0.0,0.0,False,8.76246875,8.82246875
-MeTTeMJBNc$_$7,28,a,True,0.0,0.0,0.0,False,8.84246875,8.86246875
-MeTTeMJBNc$_$7,29,beautiful,True,166.5251071221911,169.8927218295916,0.9801779930821383,True,8.92246875,9.30246875
-MeTTeMJBNc$_$7,30,frame,True,99.91315060100993,148.457439296864,0.6730087159944734,True,9.36246875,9.84246875
-RfYyzHpjk4$_$11,0,so,True,155.53613205420243,215.48115479765488,0.7218085136041564,True,0.58246875,0.68246875
-RfYyzHpjk4$_$11,1,get,True,154.33784212267142,209.71480730431108,0.7359415584742962,True,1.30246875,1.48246875
-RfYyzHpjk4$_$11,2,your,True,232.04216463690432,232.04216463690432,1.0,True,1.52246875,1.6024687499999999
-RfYyzHpjk4$_$11,3,friends,True,240.88136263930093,240.8813626393009,1.0000000000000002,True,1.62246875,1.8624687500000001
-RfYyzHpjk4$_$11,4,lined,True,248.70791795548925,248.70791795548928,0.9999999999999998,True,1.90246875,2.1624687500000004
-RfYyzHpjk4$_$11,5,up,True,308.7836113658459,308.7836113658459,1.0,True,2.2024687500000004,2.30246875
-RfYyzHpjk4$_$11,6,get,True,140.39930634846309,187.1990317141133,0.7500001739478983,True,2.38246875,2.5424687500000003
-RfYyzHpjk4$_$11,7,your,True,162.6679122442186,176.3135110316626,0.9226060515294626,True,2.5824687500000003,2.68246875
-RfYyzHpjk4$_$11,8,business,True,193.2154246016805,193.21542460168052,0.9999999999999998,True,2.68246875,2.9424687499999997
-RfYyzHpjk4$_$11,9,colleagues,True,185.93755451155798,210.7288899748599,0.8823543584068632,True,2.96246875,3.30246875
-RfYyzHpjk4$_$11,10,lined,True,213.47913504337436,213.47913504337436,1.0,True,3.34246875,3.5824687500000003
-RfYyzHpjk4$_$11,11,up,True,213.3669853200039,213.3669853200039,1.0,True,3.6224687500000003,3.72246875
-RfYyzHpjk4$_$11,12,and,True,184.94255664851323,184.94255664851323,1.0,True,3.7824687499999996,3.8624687499999997
-RfYyzHpjk4$_$11,13,have,True,188.38897361941406,188.38897361941406,1.0,True,3.88246875,4.02246875
-RfYyzHpjk4$_$11,14,a,True,183.29237177696461,183.29237177696464,0.9999999999999999,True,4.042468749999999,4.06246875
-RfYyzHpjk4$_$11,15,good,True,163.78315100105476,174.7555373037678,0.9372129405911735,True,4.1224687499999995,4.2424687500000005
-RfYyzHpjk4$_$11,16,time,True,4.990903900353223,172.11634618650066,0.02899726848108438,True,4.28246875,4.542468749999999
-RfYyzHpjk4$_$8,0,it's,True,0.0,0.0,0.0,False,0.50246875,0.58246875
-RfYyzHpjk4$_$8,1,pretty,True,250.56446189517192,358.0818489048617,0.6997407510642742,True,0.6624687499999999,0.94246875
-RfYyzHpjk4$_$8,2,pretty,True,294.73062451437073,294.73062451437073,1.0,True,1.00246875,1.22246875
-RfYyzHpjk4$_$8,3,easy,True,228.09606725152324,228.09606725152324,1.0,True,1.32246875,1.50246875
-RfYyzHpjk4$_$8,4,to,True,198.09176035171208,198.0917603517121,0.9999999999999999,True,1.58246875,1.64246875
-RfYyzHpjk4$_$8,5,do,True,185.54151761787452,185.54151761787446,1.0000000000000002,True,1.68246875,1.78246875
-RfYyzHpjk4$_$8,6,but,True,179.57621722161875,179.57621722161875,1.0,True,1.90246875,2.0024687500000002
-RfYyzHpjk4$_$8,7,you,False,206.63013977361936,206.63013977361936,1.0,False,2.0424687500000003,2.1224687500000003
-RfYyzHpjk4$_$8,8,got,True,221.04263189666443,221.04263189666443,1.0,True,2.1624687500000004,2.26246875
-RfYyzHpjk4$_$8,9,to,True,219.78802151698304,219.78802151698304,1.0,True,2.30246875,2.3624687499999997
-RfYyzHpjk4$_$8,10,set,True,213.54548507610667,213.54548507610667,1.0,True,2.4424687499999997,2.6224687500000003
-RfYyzHpjk4$_$8,11,up,True,190.83637437698602,190.83637437698602,1.0,True,2.6624687500000004,2.76246875
-RfYyzHpjk4$_$8,12,those,True,187.7751524990395,187.7751524990395,1.0,True,2.8224687499999996,3.0024687500000002
-RfYyzHpjk4$_$8,13,numbers,True,177.66559843653096,177.66559843653093,1.0000000000000002,True,3.02246875,3.30246875
-RfYyzHpjk4$_$8,14,ahead,True,182.4603477625706,182.46034776257062,0.9999999999999999,True,3.34246875,3.56246875
-RfYyzHpjk4$_$8,15,of,True,169.31271639892503,169.31271639892503,1.0,True,3.5824687500000003,3.64246875
-RfYyzHpjk4$_$8,16,time,True,0.0,0.0,0.0,False,3.7024687500000004,4.00246875
-RfYyzHpjk4$_$2,0,you,False,0.0,0.0,0.0,False,0.50246875,0.56246875
-RfYyzHpjk4$_$2,1,can,True,232.19028135124765,300.70095506833184,0.7721634316009549,True,0.60246875,0.72246875
-RfYyzHpjk4$_$2,2,make,True,333.9294891681235,333.9294891681235,1.0,True,0.74246875,0.90246875
-RfYyzHpjk4$_$2,3,a,True,304.40491764805023,304.40491764805023,1.0,True,0.92246875,0.94246875
-RfYyzHpjk4$_$2,4,conference,False,270.61943863408175,270.61943863408175,1.0,False,0.98246875,1.3624687500000001
-RfYyzHpjk4$_$2,5,call,True,214.25625962800027,241.01311267266794,0.8889817539471078,True,1.3624687500000001,1.54246875
-RfYyzHpjk4$_$2,6,but,True,226.24790841238962,226.24790841238962,1.0,True,1.56246875,1.66246875
-RfYyzHpjk4$_$2,7,it,False,220.78880972254078,220.78880972254072,1.0000000000000002,False,1.68246875,1.72246875
-RfYyzHpjk4$_$2,8,takes,False,192.4476864878997,232.1395912377363,0.8290170817558312,False,1.74246875,1.96246875
-RfYyzHpjk4$_$2,9,quite,True,160.15438794602449,222.8466090718205,0.718675453995393,True,2.0024687500000002,2.2424687499999996
-RfYyzHpjk4$_$2,10,a,True,211.74854275858266,211.74854275858266,1.0,True,2.26246875,2.2824687499999996
-RfYyzHpjk4$_$2,11,bit,True,211.1634525540395,211.1634525540395,1.0,True,2.30246875,2.4424687499999997
-RfYyzHpjk4$_$2,12,of,False,200.62831259749802,200.62831259749802,1.0,False,2.46246875,2.5024687500000002
-RfYyzHpjk4$_$2,13,planning,True,188.50694983719578,215.50870384631392,0.8747068980175671,True,2.5424687500000003,2.8624687499999997
-RfYyzHpjk4$_$2,14,well,False,281.99436465499565,281.99436465499565,1.0,False,2.8624687499999997,2.96246875
-RfYyzHpjk4$_$2,15,not,True,294.7124267471592,294.7124267471592,1.0,True,2.96246875,3.06246875
-RfYyzHpjk4$_$2,16,a,True,235.36363622697525,235.36363622697525,1.0,True,3.10246875,3.14246875
-RfYyzHpjk4$_$2,17,lot,True,194.98959131566764,194.98959131566764,1.0,True,3.1624687500000004,3.3224687499999996
-RfYyzHpjk4$_$2,18,of,False,180.53604533468624,180.53604533468624,1.0,False,3.34246875,3.4024687499999997
-RfYyzHpjk4$_$2,19,planning,True,170.80289137073552,180.84680804345675,0.9444617420601212,True,3.42246875,3.7824687499999996
-RfYyzHpjk4$_$2,20,it's,True,157.07585174151214,179.45984460099288,0.8752701869922553,True,3.80246875,3.9024687499999997
-RfYyzHpjk4$_$2,21,pretty,True,171.15023122818187,224.51423212033632,0.7623135050808176,True,3.96246875,4.16246875
-RfYyzHpjk4$_$2,22,easy,True,189.09487590235545,189.09487590235545,1.0,True,4.26246875,4.44246875
-RfYyzHpjk4$_$2,23,to,True,180.43132546282902,180.43132546282902,1.0,True,4.50246875,4.56246875
-RfYyzHpjk4$_$2,24,do,True,145.3618380717421,181.70335126260824,0.7999953609092038,True,4.6224687499999995,4.72246875
-UUCSKoHeMA$_$0,0,i,True,162.72423280489232,162.72423280489232,1.0,True,1.56246875,1.58246875
-UUCSKoHeMA$_$0,1,mentioned,True,281.0928348147885,281.0928348147885,1.0,True,1.62246875,2.02246875
-UUCSKoHeMA$_$0,2,a,True,224.63924410294285,224.6392441029428,1.0000000000000002,True,2.0424687500000003,2.06246875
-UUCSKoHeMA$_$0,3,word,True,195.9814534976953,195.98389579707418,0.9999875382649734,True,2.1224687500000003,2.5024687500000002
-UUCSKoHeMA$_$0,4,in,True,176.52368982720745,176.52368982720745,1.0,True,2.6624687500000004,2.7424687499999996
-UUCSKoHeMA$_$0,5,the,True,171.42868182612384,171.4286818261238,1.0000000000000002,True,2.76246875,2.84246875
-UUCSKoHeMA$_$0,6,last,True,106.80373263855886,168.95542250915088,0.6321414906513237,True,2.9024687499999997,3.26246875
-UUCSKoHeMA$_$0,7,clip,True,0.0,0.0,0.0,False,3.3224687499999996,3.6224687500000003
-UUCSKoHeMA$_$0,8,called,True,75.4530179793418,141.42798208451725,0.5335084109045064,True,3.72246875,4.02246875
-UUCSKoHeMA$_$0,9,monotone,True,100.05376553965942,130.8932651515209,0.7643920061420888,True,4.16246875,5.06246875
-UUCSKoHeMA$_$0,10,and,True,176.1081259755939,176.1081259755939,1.0,True,5.46246875,5.542468749999999
-UUCSKoHeMA$_$0,11,i,True,165.06140127929584,165.06140127929584,1.0,True,5.60246875,5.6224687499999995
-UUCSKoHeMA$_$0,12,want,True,175.54435283355232,175.54435283355232,1.0,True,5.64246875,5.76246875
-UUCSKoHeMA$_$0,13,to,True,186.47367216743842,186.47367216743842,1.0,True,5.78246875,5.8224687500000005
-UUCSKoHeMA$_$0,14,talk,True,175.5883332561592,181.2779012398068,0.9686141115671841,True,5.88246875,6.1224687499999995
-UUCSKoHeMA$_$0,15,about,True,15.5139107845592,146.49632780883377,0.1058996564391951,True,6.18246875,6.44246875
-UUCSKoHeMA$_$0,16,that,True,121.3465173243263,152.2457865565512,0.7970435180434535,True,6.48246875,6.64246875
-UUCSKoHeMA$_$0,17,briefly,True,109.71160207726093,132.89295725555775,0.8255637043751065,True,6.7024687499999995,7.16246875
-ri04Z7vwnc$_$0,0,going,False,95.16104377496603,125.0419202037898,0.7610331288888977,False,0.18246875,0.58246875
-ri04Z7vwnc$_$0,1,to,False,132.10743695389658,161.94234483494793,0.8157683346412011,False,0.62246875,0.70246875
-ri04Z7vwnc$_$0,2,get,False,114.9039551224918,150.98135854718868,0.7610472990053204,False,0.74246875,0.90246875
-ri04Z7vwnc$_$0,3,married,False,79.07379856118268,115.14515028247696,0.6867314721218989,False,0.92246875,1.42246875
-ri04Z7vwnc$_$0,4,or,False,84.80335281870265,118.96779987418522,0.712826100074026,False,1.48246875,1.58246875
-ri04Z7vwnc$_$0,5,are,False,95.439014923152,156.02853213049053,0.6116766825911941,False,1.64246875,1.76246875
-ri04Z7vwnc$_$0,6,already,False,111.88853502505397,216.57345081596893,0.5166308917528867,False,1.8624687500000001,2.2824687499999996
-ri04Z7vwnc$_$0,7,married,False,129.25546638563833,150.83938808642895,0.856907920572952,False,2.3224687499999996,2.6624687500000004
-ri04Z7vwnc$_$2,0,most,False,57.917496285692394,84.58845042356519,0.6846974497780535,False,2.4424687499999997,3.1624687500000004
-ri04Z7vwnc$_$2,1,people,False,93.24018886145774,103.94866645488274,0.8969830209599385,False,3.2024687500000004,3.64246875
-ri04Z7vwnc$_$2,2,think,False,104.1138759209258,138.38308747986696,0.7523598281912384,False,3.76246875,4.06246875
-ri04Z7vwnc$_$2,3,it'll,False,204.9587171289972,218.2033982303778,0.9393012152478168,False,4.08246875,4.26246875
-ri04Z7vwnc$_$2,4,sort,False,102.16394323825936,186.04177898766503,0.5491451640280921,False,4.26246875,4.402468750000001
-ri04Z7vwnc$_$2,5,itself,False,64.25723766497116,69.6224832340805,0.9229380320855458,False,4.402468750000001,4.542468749999999
-ri04Z7vwnc$_$2,6,out,False,57.87787548412508,65.990443275608,0.8770645052708478,False,4.542468749999999,4.60246875
-ri04Z7vwnc$_$2,7,we'll,False,64.50546477641178,78.64124824307473,0.8202497571888712,False,4.6224687499999995,4.7424687500000005
-ri04Z7vwnc$_$2,8,discuss,False,96.23049041153344,190.60959291652298,0.5048564919483215,False,4.76246875,4.92246875
-ri04Z7vwnc$_$2,9,it,False,234.47205925449597,235.73379142846102,0.9946476397536416,False,4.92246875,4.98246875
-ri04Z7vwnc$_$2,10,later,False,189.7430665340321,191.16731990773107,0.992549702666824,False,4.98246875,5.1224687499999995
-ri04Z7vwnc$_$2,11,it's,False,159.34138312782937,174.53810360334322,0.9129317887511254,False,5.1224687499999995,5.22246875
-ri04Z7vwnc$_$2,12,not,False,84.5923874905307,156.21771624598358,0.5415031631708775,False,5.2424687500000005,5.34246875
-ri04Z7vwnc$_$2,13,something,False,35.18349087638012,80.33598754114368,0.43795429611618414,False,5.36246875,5.56246875
-ri04Z7vwnc$_$2,14,too,False,63.36480079231439,82.02069771988823,0.7725464736805061,False,5.56246875,5.66246875
-ri04Z7vwnc$_$2,15,important,False,118.30584086473203,128.99730950980052,0.9171186694846826,False,5.68246875,5.913375
-ri04Z7vwnc$_$5,0,so,False,45.23392902278122,145.63626520997536,0.31059522817042773,False,0.02246875,0.08246875000000001
-ri04Z7vwnc$_$5,1,i,False,34.1646930272274,145.09648216589733,0.2354618976093776,False,0.08246875000000001,0.10246875
-ri04Z7vwnc$_$5,2,think,False,88.62186416192678,244.2263446059085,0.36286775001660804,False,0.12246875,0.64246875
-ri04Z7vwnc$_$5,3,it's,False,62.252952548101106,243.43986048702266,0.2557221008242391,False,0.6624687499999999,0.82246875
-ri04Z7vwnc$_$5,4,important,False,127.56834653964572,170.17411019914522,0.7496342797994339,False,0.82246875,1.32246875
-ri04Z7vwnc$_$5,5,to,False,151.3802326018216,152.40825134357036,0.9932548353997492,False,1.34246875,1.42246875
-ri04Z7vwnc$_$5,6,discuss,False,77.64313091310238,147.4360264662091,0.5266225140087956,False,1.54246875,2.1224687500000003
-ri04Z7vwnc$_$5,7,finances,False,113.53860858827913,202.81915332113297,0.5598022017600487,False,2.2424687499999996,2.8624687499999997
-s9qJ7ATP7w$_$1,0,but,False,9.032352532747401,116.56787052272168,0.07748578139279635,False,0.32246874999999997,0.84246875
-s9qJ7ATP7w$_$1,1,the,False,106.7100703862046,117.86279629771408,0.9053753494585485,False,1.34246875,1.42246875
-s9qJ7ATP7w$_$1,2,hardest,True,152.98423745000147,173.04994340989083,0.8840467349222925,True,1.46246875,1.74246875
-s9qJ7ATP7w$_$1,3,thing,True,140.6528693792208,148.63907175177067,0.9462711770301757,True,1.76246875,1.90246875
-s9qJ7ATP7w$_$1,4,in,True,123.83998186919202,123.83998186919202,1.0,True,1.92246875,1.98246875
-s9qJ7ATP7w$_$1,5,life,True,83.72341603274259,121.50566292058292,0.6890494979436874,True,2.02246875,2.18246875
-s9qJ7ATP7w$_$1,6,to,True,60.789801939328605,116.61921311590436,0.5212674679849831,True,2.2024687500000004,2.26246875
-s9qJ7ATP7w$_$1,7,learn,True,86.2378878824833,114.92498308764883,0.750384168572929,True,2.3224687499999996,2.56246875
-s9qJ7ATP7w$_$1,8,is,True,0.0,0.0,0.0,False,3.1224687500000003,3.2024687500000004
-s9qJ7ATP7w$_$1,9,to,True,0.0,0.0,0.0,False,3.2424687499999996,3.3224687499999996
-s9qJ7ATP7w$_$1,10,lose,True,0.0,0.0,0.0,False,3.4024687499999997,3.68246875
-s9qJ7ATP7w$_$0,0,they,False,95.53364173368082,95.69603461358577,0.9983030343884083,False,0.06246875,0.16246875
-s9qJ7ATP7w$_$0,1,have,False,84.49129038919688,84.49623692875608,0.9999414584632524,False,0.16246875,0.30246875
-s9qJ7ATP7w$_$0,2,doubt,False,92.26478907293472,111.75421772555428,0.8256045360141874,False,0.32246874999999997,0.62246875
-s9qJ7ATP7w$_$0,3,they,False,89.22507111031345,95.21536340529696,0.9370869145404086,False,0.68246875,0.8024687500000001
-s9qJ7ATP7w$_$0,4,have,False,68.82977719207771,86.3675616407154,0.7969401460979765,False,0.82246875,0.98246875
-s9qJ7ATP7w$_$0,5,fear,False,90.24228748612292,114.59875716043346,0.7874630556401889,False,1.04246875,1.3624687500000001
-s9qJ7ATP7w$_$0,6,they,True,83.95974415563622,114.40217215285539,0.7338999126996965,True,1.72246875,1.82246875
-s9qJ7ATP7w$_$0,7,lose,False,135.6168027664301,135.61680276643014,0.9999999999999998,False,1.88246875,2.1224687500000003
-s9qJ7ATP7w$_$0,8,in,True,128.48577130728637,128.4857713072864,0.9999999999999998,True,2.14246875,2.22246875
-s9qJ7ATP7w$_$0,9,a,True,116.93419444121169,116.94359790034841,0.9999195897910996,True,2.2424687499999996,2.26246875
-s9qJ7ATP7w$_$0,10,ferrari,True,99.1668590636951,118.17643022129758,0.8391424489468408,True,2.3224687499999996,2.7424687499999996
-s9qJ7ATP7w$_$0,11,race,True,98.23799997666536,120.85728618649878,0.8128430074548516,True,2.84246875,3.1224687500000003
-s9qJ7ATP7w$_$0,12,or,True,113.68023352018335,113.68206904970206,0.9999838538343464,True,3.14246875,3.2024687500000004
-s9qJ7ATP7w$_$0,13,they,True,104.46836582062292,104.46836582062292,1.0,True,3.2424687499999996,3.34246875
-s9qJ7ATP7w$_$0,14,lose,True,120.75457645340754,120.75457645340754,1.0,True,3.42246875,3.72246875
-s9qJ7ATP7w$_$0,15,in,True,111.98915116013657,112.01894196505106,0.999734055648162,True,3.76246875,3.84246875
-s9qJ7ATP7w$_$0,16,a,True,62.615547521821696,100.55735800088202,0.6226848911570696,True,3.96246875,3.98246875
-s9qJ7ATP7w$_$0,17,race,True,0.0,0.0,0.0,False,4.50246875,4.86246875
-s9qJ7ATP7w$_$0,18,and,False,94.37981187326183,104.59884577024043,0.9023026131719893,False,5.18246875,5.26246875
-s9qJ7ATP7w$_$0,19,then,True,113.8331020951971,113.8331020951971,1.0,True,5.26246875,5.38246875
-s9qJ7ATP7w$_$0,20,they,True,111.06190103388191,111.06190103388191,1.0,True,5.402468750000001,5.52246875
-s9qJ7ATP7w$_$0,21,just,True,3.7545828228327944,83.12378692626953,0.04516857281975248,True,5.56246875,5.72246875
-s9qJ7ATP7w$_$0,22,give,True,90.50211881064787,106.84349213198264,0.8470531709956799,True,5.76246875,5.94246875
-s9qJ7ATP7w$_$0,23,up,True,65.63115412371502,119.97181956940103,0.5470547530184691,True,6.00246875,6.16246875
-s9qJ7ATP7w$_$5,0,i,True,86.15362873077405,138.1912841796875,0.6234375000000009,True,1.24246875,1.26246875
-s9qJ7ATP7w$_$5,1,have,True,127.76206739635244,140.2662430011185,0.9108539921136524,True,1.30246875,1.44246875
-s9qJ7ATP7w$_$5,2,been,True,117.76027645289624,117.76580071077447,0.9999530911534172,True,1.48246875,1.62246875
-s9qJ7ATP7w$_$5,3,beat,True,122.59490535625903,132.80801818834857,0.9230986730213435,True,1.74246875,2.0024687500000002
-s9qJ7ATP7w$_$5,4,up,True,107.49033547090998,127.10186608600212,0.8457022605645915,True,2.10246875,2.4424687499999997
-s9qJ7ATP7w$_$5,5,and,True,90.9015775554137,90.90157755541368,1.0000000000000002,True,2.5424687500000003,2.68246875
-s9qJ7ATP7w$_$5,6,put,True,102.62873217610608,146.6124728051424,0.700000008270145,True,2.8224687499999996,3.02246875
-s9qJ7ATP7w$_$5,7,down,True,107.44145574517763,123.47741060747242,0.8701304571953475,True,3.0824687500000003,3.60246875
-s9qJ7ATP7w$_$5,8,and,True,99.82681831106972,99.89140522486983,0.9993534287193706,True,3.7824687499999996,4.02246875
-s9qJ7ATP7w$_$5,9,everything,True,150.4053667307565,182.92657889928557,0.822217130150155,True,4.86246875,5.2424687500000005
-s9qJ7ATP7w$_$5,10,that,True,136.09266807425013,136.09266807425013,1.0,True,5.26246875,5.36246875
-s9qJ7ATP7w$_$5,11,can,True,81.13470643377839,121.24474612590764,0.6691812142484374,True,5.402468750000001,5.52246875
-s9qJ7ATP7w$_$5,12,go,True,122.07615544748084,122.0761554474808,1.0000000000000002,True,5.58246875,5.68246875
-s9qJ7ATP7w$_$5,13,wrong,True,81.19872285468188,116.5257000199957,0.6968310238921394,True,5.80246875,6.26246875
-s9qJ7ATP7w$_$5,14,has,True,0.0,0.0,0.0,False,6.68246875,6.80246875
-s9qJ7ATP7w$_$5,15,gone,True,63.157075310390006,110.71363494024735,0.5704543559108701,True,6.86246875,7.06246875
-s9qJ7ATP7w$_$5,16,wrong,True,107.06098425059605,107.06098425059606,0.9999999999999998,True,7.10246875,7.38246875
-s9qJ7ATP7w$_$5,17,for,True,34.5587245386075,92.19844957024546,0.37482977967300213,True,7.46246875,7.64246875
-s9qJ7ATP7w$_$5,18,me,True,87.2897360039592,87.2897360039592,1.0,True,7.68246875,7.78246875
-s9qJ7ATP7w$_$4,0,i,True,157.2074479818343,157.2074479818343,1.0,True,0.6624687499999999,0.68246875
-s9qJ7ATP7w$_$4,1,have,True,166.33375091719603,166.33375091719603,1.0,True,0.70246875,0.86246875
-s9qJ7ATP7w$_$4,2,lost,True,37.00210887623596,127.30609473851518,0.2906546536694707,True,0.90246875,1.20246875
-s9qJ7ATP7w$_$4,3,at,False,0.0,0.0,0.0,False,1.28246875,1.38246875
-s9qJ7ATP7w$_$4,4,everything,True,103.38606830921725,125.15062487100602,0.8260931051345393,True,1.64246875,2.10246875
-s9qJ7ATP7w$_$4,5,you,True,109.53793615267604,109.53793615267605,0.9999999999999999,True,2.14246875,2.2424687499999996
-s9qJ7ATP7w$_$4,6,can,True,23.400024526457244,100.93828079847546,0.23182507509886846,True,2.26246875,2.4024687499999997
-s9qJ7ATP7w$_$4,7,imagine,True,63.49802789684587,96.7734725701598,0.6561511766647666,True,2.4424687499999997,2.88246875
-s9qJ7ATP7w$_$4,8,seriously,True,0.0,0.0,0.0,False,2.98246875,3.38246875
-s9qJ7ATP7w$_$7,0,i,False,108.73920707245364,108.73920707245364,1.0,False,0.60246875,0.62246875
-s9qJ7ATP7w$_$7,1,used,True,70.55479773982385,125.57631373012265,0.5618479762947486,True,0.6624687499999999,0.78246875
-s9qJ7ATP7w$_$7,2,to,True,94.66102101684241,121.85501654864413,0.776833188308288,True,0.8024687500000001,0.84246875
-s9qJ7ATP7w$_$7,3,work,True,107.16211396703687,107.16211396703687,1.0,True,0.88246875,1.00246875
-s9qJ7ATP7w$_$7,4,for,True,57.605058494540366,114.35944947747583,0.503719270753277,True,1.04246875,1.12246875
-s9qJ7ATP7w$_$7,5,warren,True,92.73364262606438,92.73364262606438,1.0,True,1.16246875,1.40246875
-s9qJ7ATP7w$_$7,6,avis,True,39.06418146417075,115.85175353641739,0.33719111080948055,True,1.44246875,1.70246875
-s9qJ7ATP7w$_$7,7,the,True,2.626977203390574,79.41483355688058,0.03307917533453006,False,1.90246875,1.96246875
-s9qJ7ATP7w$_$7,8,guy,True,92.8072646968127,92.80726469681271,0.9999999999999999,True,2.0024687500000002,2.1224687500000003
-s9qJ7ATP7w$_$7,9,who,False,92.79528652674928,92.79528652674928,1.0,False,2.14246875,2.2024687500000004
-s9qJ7ATP7w$_$7,10,started,True,78.38738481000713,93.11787289900369,0.8418081552939537,True,2.26246875,2.52246875
-s9qJ7ATP7w$_$7,11,avis,True,82.05593507180411,82.05593507180411,1.0,True,2.5424687500000003,2.7424687499999996
-s9qJ7ATP7w$_$7,12,rent,False,102.54890377207461,102.54890377207461,1.0,False,2.80246875,2.96246875
-s9qJ7ATP7w$_$7,13,a,False,93.7669050567007,93.76690505670071,0.9999999999999998,False,2.96246875,2.98246875
-s9qJ7ATP7w$_$7,14,car,False,9.141899538282797,115.99107155016296,0.07881554516313935,False,3.02246875,3.18246875
-s9qJ7ATP7w$_$7,15,and,True,96.81642851470264,96.81642851470264,1.0,True,3.2024687500000004,3.2824687499999996
-s9qJ7ATP7w$_$7,16,he,True,86.49081051077154,86.49081051077154,1.0,True,3.30246875,3.34246875
-s9qJ7ATP7w$_$7,17,said,False,82.9974725505819,118.12109238714606,0.70264735004782,False,3.42246875,3.5824687500000003
-s9qJ7ATP7w$_$7,18,to,False,123.05856384236755,123.05856384236756,0.9999999999999999,False,3.60246875,3.6624687500000004
-s9qJ7ATP7w$_$7,19,me,True,106.63842509424568,106.63842509424569,0.9999999999999999,True,3.68246875,3.7424687499999996
-s9qJ7ATP7w$_$7,20,one,True,81.23249253667673,81.23249253667673,1.0,True,3.88246875,3.98246875
-s9qJ7ATP7w$_$7,21,day,True,77.121741857421,77.121741857421,1.0,True,4.02246875,4.22246875
-s9qJ7ATP7w$_$7,22,robert,False,63.74844351993762,98.3140443240902,0.648416449126965,False,4.80246875,5.1224687499999995
-s9qJ7ATP7w$_$7,23,what's,True,0.0,0.0,0.0,False,5.16246875,5.34246875
-s9qJ7ATP7w$_$7,24,the,True,0.0,0.0,0.0,False,5.36246875,5.44246875
-s9qJ7ATP7w$_$7,25,purpose,True,0.0,0.0,0.0,False,5.48246875,5.80246875
-s9qJ7ATP7w$_$7,26,of,True,0.0,0.0,0.0,False,5.84246875,5.902468750000001
-s9qJ7ATP7w$_$7,27,business,True,46.004389676815435,108.61566478024122,0.42355207022757463,True,5.94246875,6.30246875
-s9qJ7ATP7w$_$6,0,but,True,104.57833215453837,108.70465383631996,0.9620409841146753,True,0.56246875,0.76246875
-s9qJ7ATP7w$_$6,1,i,False,0.10448193308074308,83.33580593697044,0.0012537459967659774,False,1.26246875,1.28246875
-s9qJ7ATP7w$_$6,2,just,True,0.0,0.0,0.0,False,1.32246875,1.46246875
-s9qJ7ATP7w$_$6,3,kept,True,0.0,0.0,0.0,False,1.46246875,1.62246875
-s9qJ7ATP7w$_$6,4,going,False,0.0,0.0,0.0,False,1.62246875,1.84246875
-s9qJ7ATP7w$_$8,0,and,True,0.0,0.0,0.0,False,0.52246875,0.62246875
-s9qJ7ATP7w$_$8,1,i,True,0.0,0.0,0.0,False,0.68246875,0.70246875
-s9qJ7ATP7w$_$8,2,said,True,0.0,0.0,0.0,False,0.76246875,0.90246875
-s9qJ7ATP7w$_$8,3,oh,False,0.0,0.0,0.0,False,0.94246875,1.08246875
-s9qJ7ATP7w$_$8,4,make,True,0.0,0.0,0.0,False,1.14246875,1.30246875
-s9qJ7ATP7w$_$8,5,a,True,0.0,0.0,0.0,False,1.32246875,1.34246875
-s9qJ7ATP7w$_$8,6,profit,True,94.1425954923592,134.0366604082205,0.7023645262843732,True,1.40246875,1.88246875
-s9qJ7ATP7w$_$8,7,and,True,53.61159027257514,98.03236508914095,0.5468764343676301,True,1.90246875,1.96246875
-s9qJ7ATP7w$_$8,8,all,True,96.03729248046875,96.03729248046875,1.0,True,1.98246875,2.06246875
-s9qJ7ATP7w$_$8,9,these,True,75.20878947333027,107.07378320777622,0.7024015330380915,True,2.06246875,2.2024687500000004
-s9qJ7ATP7w$_$8,10,other,True,110.43544590712126,110.43544590712126,1.0,True,2.22246875,2.38246875
-s9qJ7ATP7w$_$8,11,things,True,108.01138168016575,108.05558833560319,0.9995908896881841,True,2.4424687499999997,2.6624687500000004
-yRb-Jum7EQ$_$1,0,it,False,52.16567401983832,59.37177682201197,0.8786274693483319,False,1.40246875,1.64246875
-yRb-Jum7EQ$_$1,1,comes,False,56.386789322565086,76.32355784130114,0.7387861745099673,False,1.84246875,3.2824687499999996
-yRb-Jum7EQ$_$1,2,with,False,26.75434193488694,68.46079496298351,0.39079800270144266,False,3.48246875,4.34246875
-yRb-Jum7EQ$_$1,3,the,False,36.30418341791926,70.73333079117657,0.5132542609240158,False,4.52246875,5.18246875
-yRb-Jum7EQ$_$1,4,assistance,False,2.2166316651223807,78.05496943260623,0.028398341338615886,False,5.22246875,6.28246875
-yRb-Jum7EQ$_$1,5,and,False,40.37631068135641,77.46665933120644,0.5212088791479785,False,6.402468750000001,6.78246875
-yRb-Jum7EQ$_$1,6,agitation,False,39.51663441480011,77.01866873264856,0.513078647879158,False,6.96246875,8.02246875
-yRb-Jum7EQ$_$1,7,of,False,92.51958839840928,92.59282000482969,0.9992091005931497,False,8.06246875,8.12246875
-yRb-Jum7EQ$_$1,8,states,False,77.13787435058211,86.70248096803995,0.8896847413053437,False,8.142468749999999,8.44246875
-yRb-Jum7EQ$_$1,9,and,False,0.19462030383443168,74.8470595188281,0.002600239810162136,False,8.44246875,8.54246875
-yRb-Jum7EQ$_$1,10,regimes,False,52.858910127730304,75.93753099658767,0.6960841290732191,False,8.642468749999999,9.10246875
-yRb-Jum7EQ$_$1,11,yesterday,False,51.31935913650471,98.70945310155673,0.5199031858043529,False,9.20246875,9.74246875
-yRb-Jum7EQ$_$1,12,iran,False,84.91240570161489,92.73518723219996,0.9156438697751526,False,9.76246875,10.02246875
-yRb-Jum7EQ$_$1,13,announced,False,50.218001970343295,78.9512959596302,0.636063048236992,False,10.02246875,11.44246875
-yRb-Jum7EQ$_$1,14,that,False,49.342929204609185,90.54052801259662,0.544981681548668,False,11.72246875,11.882468750000001
-yRb-Jum7EQ$_$1,15,it,False,77.66274097586245,82.13534460144352,0.945545932177139,False,11.90246875,11.94246875
-yRb-Jum7EQ$_$1,16,will,False,81.10001389758001,85.79051176373159,0.9453261465665426,False,11.96246875,12.34246875
-yRb-Jum7EQ$_$1,17,finance,False,57.79534729973025,76.29160638110345,0.7575584004749111,False,12.44246875,13.68246875
-yRb-Jum7EQ$_$1,18,the,False,57.756865663741074,71.30942938286653,0.8099471018571672,False,13.84246875,14.30246875
-yRb-Jum7EQ$_$1,19,families,False,49.85667785452813,80.73827803685329,0.6175097991533937,False,14.32246875,14.50246875
-yRb-Jum7EQ$_$1,20,of,False,31.05711625162958,84.16315138740926,0.36901085260782784,False,14.52246875,14.62246875
-yRb-Jum7EQ$_$1,21,the,False,54.80955704274513,77.9019281062792,0.7035712513812257,False,14.94246875,15.50246875
-yRb-Jum7EQ$_$1,22,terrorists,False,73.4675069280899,80.96919095129186,0.9073513772946713,False,15.56246875,15.98246875
-yRb-Jum7EQ$_$1,23,and,False,79.32077520533733,79.32077520533734,0.9999999999999998,False,16.00246875,16.14246875
-yRb-Jum7EQ$_$1,24,murderers,False,51.214099287610594,72.57464264162259,0.7056748393582661,False,16.20246875,16.50246875
-yRb-Jum7EQ$_$1,25,this,False,58.213330517939674,91.83399939075613,0.6338973681222396,False,16.56246875,16.74246875
-yRb-Jum7EQ$_$1,26,shows,False,82.61952024961307,86.63546722369445,0.9536454629636599,False,17.70246875,18.082468749999997
-yRb-Jum7EQ$_$1,27,that,False,61.982880033775835,89.81874962965918,0.6900884313057546,False,18.082468749999997,18.24246875
-yRb-Jum7EQ$_$1,28,iran,False,85.56079037302796,85.56079037302796,1.0,False,18.24246875,18.442468750000003
-yRb-Jum7EQ$_$1,29,even,False,88.85512380210398,89.29255206823552,0.9951011785865715,False,18.442468750000003,18.52246875
-yRb-Jum7EQ$_$1,30,after,False,50.321564602394474,88.39339834123395,0.5692909826606403,False,18.56246875,18.88246875
-yRb-Jum7EQ$_$1,31,the,False,75.71781360094647,82.22660202186199,0.9208432762527995,False,18.92246875,19.042468749999998
-yRb-Jum7EQ$_$1,32,nuclear,False,58.44026176836186,89.41297075284638,0.6535993746354912,False,19.10246875,19.42246875
-yRb-Jum7EQ$_$1,33,agreement,False,44.94591751894574,88.78821281054802,0.5062149140770426,False,19.42246875,20.32246875
-yRb-Jum7EQ$_$1,34,is,False,0.0,0.0,0.0,False,20.342468750000002,20.402468749999997
-yRb-Jum7EQ$_$1,35,continuing,False,21.74155185821972,59.03995038637426,0.3682515265669569,False,20.542468749999998,21.74246875
-yRb-Jum7EQ$_$1,36,to,False,83.86494368145024,96.40889142853776,0.8698880615551356,False,21.78246875,21.88246875
-yRb-Jum7EQ$_$1,37,aid,False,63.82532414584704,92.54408089458211,0.6896748395886184,False,21.88246875,22.02246875
-yRb-Jum7EQ$_$1,38,terrorism,False,61.09330738401991,81.16258943903449,0.7527274302886839,False,22.10246875,23.182468749999998
-yRb-Jum7EQ$_$1,39,including,False,68.6826041138573,82.3991825318806,0.8335350182301104,False,23.342468750000002,23.982468750000002
-yRb-Jum7EQ$_$1,40,palestinian,False,49.90861249577285,78.45960580935339,0.636105827717823,False,24.082468749999997,24.842468750000002
-yRb-Jum7EQ$_$1,41,terrorism,False,53.28111353243504,76.31111647586614,0.6982090682592165,False,24.982468750000002,25.46246875
-yRb-Jum7EQ$_$1,42,hezbollah,False,62.46820277233448,77.03102326627653,0.8109486298318781,False,25.542468749999998,26.02246875
-yRb-Jum7EQ$_$1,43,terrorism,False,16.847521510574467,80.60387001479015,0.20901628553918175,False,26.082468749999997,26.96246875
-yRb-Jum7EQ$_$1,44,and,False,78.52768267238893,78.52768267238893,1.0,False,27.00246875,27.24246875
-yRb-Jum7EQ$_$1,45,its,False,75.93282367434986,76.13671246107697,0.9973220699957153,False,27.28246875,27.64246875
-yRb-Jum7EQ$_$1,46,assistance,False,63.08149733433306,79.41640637767391,0.7943131679157289,False,27.802468750000003,28.26246875
-yRb-Jum7EQ$_$1,47,to,False,21.029217309323325,71.7340461832712,0.2931553206352866,False,28.26246875,28.342468750000002
-yRb-Jum7EQ$_$1,48,hamas,False,45.462249570199944,75.72608400687959,0.6003512550057358,False,28.342468750000002,28.74246875
-yRb-Jum7EQ$_$5,0,yesterday,False,77.07615183159358,91.58774061535547,0.8415553360497584,False,0.0,0.68246875
-yRb-Jum7EQ$_$5,1,eliav,False,88.96878507352166,88.99922126258942,0.9996580173552536,False,0.70246875,0.94246875
-yRb-Jum7EQ$_$5,2,gelman,False,87.47284554709255,87.47284554709253,1.0000000000000002,False,1.00246875,1.48246875
-yRb-Jum7EQ$_$5,3,lost,False,30.8333695853504,70.39426174995339,0.4380097016270054,False,1.58246875,2.1224687500000003
-yRb-Jum7EQ$_$5,4,his,False,0.21004033030371375,67.83257931297233,0.003096452065232695,False,2.26246875,2.56246875
-yRb-Jum7EQ$_$5,5,life,False,1.5817048786103147,96.05534210470654,0.016466599815824445,False,2.76246875,2.88246875
-yRb-Jum7EQ$_$5,6,in,False,26.398628517891336,94.55960336942387,0.27917448442288423,False,2.88246875,2.92246875
-yRb-Jum7EQ$_$5,7,another,False,90.22385920291745,90.26840517817986,0.9995065164253818,False,2.96246875,3.3224687499999996
-yRb-Jum7EQ$_$5,8,terrorist,False,81.22479479975509,90.70600262292972,0.8954732040988669,False,3.3624687499999997,3.9424687499999997
-yRb-Jum7EQ$_$5,9,attack,False,40.169017577141624,91.63594602107928,0.43835437207033834,False,3.98246875,4.16246875
-yRb-Jum7EQ$_$5,10,not,False,68.70930138996911,92.06330720992939,0.7463266688138109,False,4.26246875,4.7424687500000005
-yRb-Jum7EQ$_$5,11,by,False,79.01928844918065,79.35720933797255,0.9957417745456152,False,4.84246875,5.2424687500000005
-yRb-Jum7EQ$_$5,12,the,False,32.762785323278955,88.11218962750125,0.37183033881901345,False,5.46246875,5.56246875
-yRb-Jum7EQ$_$5,13,students,False,0.0,0.0,0.0,False,5.56246875,6.48246875
-yRb-Jum7EQ$_$5,14,of,False,0.0,0.0,0.0,False,6.48246875,6.64246875
-yRb-Jum7EQ$_$5,15,terrorism,False,43.9520392316483,104.69764518979142,0.4197996922659905,False,6.80246875,8.16246875
-yRb-Jum7EQ$_$5,16,but,False,69.27023866861693,102.72675581395524,0.6743154509237086,False,8.26246875,8.42246875
-yRb-Jum7EQ$_$5,17,by,False,95.87410378511862,95.93537378128354,0.9993613409345273,False,8.62246875,8.70246875
-yRb-Jum7EQ$_$5,18,those,False,87.0882495097607,102.19821276431117,0.8521504158845031,False,9.06246875,9.44246875
-yRb-Jum7EQ$_$5,19,who,False,44.417254369420085,88.88822848380609,0.49969782418953435,False,9.50246875,9.76246875
-yRb-Jum7EQ$_$5,20,teach,False,69.69403331471582,94.38263791350758,0.7384200617340613,False,9.80246875,10.28246875
-yRb-Jum7EQ$_$5,21,terrorism,False,55.84664234479697,77.2147006815556,0.7232643764963418,False,10.44246875,10.98246875
-yRb-Jum7EQ$_$5,22,a,False,75.63253660179146,97.9481234550925,0.7721693273324185,False,11.06246875,11.08246875
-yRb-Jum7EQ$_$5,23,palestinian,False,5.909869355857441,101.1827071875989,0.058407899137351435,False,11.20246875,12.76246875
-yRb-Jum7EQ$_$5,24,teacher,False,65.98173783456848,96.81183538475875,0.6815461929043862,False,12.78246875,12.96246875
-yRb-Jum7EQ$_$6,0,therefore,False,89.60018194828037,95.08513051803207,0.9423153910619965,False,0.76246875,1.12246875
-yRb-Jum7EQ$_$6,1,the,False,26.67958549067663,96.60001377530479,0.2761861458191334,False,1.16246875,1.26246875
-yRb-Jum7EQ$_$6,2,world,False,54.20067540948809,99.92758869274273,0.5423995126725641,False,1.30246875,1.42246875
-yRb-Jum7EQ$_$6,3,needs,False,91.1156907532123,91.7399938978677,0.993194863895997,False,1.44246875,1.6024687499999999
-yRb-Jum7EQ$_$6,4,to,False,1.1568516319116144,90.7555954262799,0.012746890442158097,False,1.72246875,1.76246875
-yRb-Jum7EQ$_$6,5,stand,False,96.17964147390136,110.14348259212409,0.8732213582719852,False,1.76246875,2.0424687500000003
-yRb-Jum7EQ$_$6,6,with,False,99.81689856043793,142.6227188063624,0.6998667491113982,False,2.1224687500000003,2.42246875
-yRb-Jum7EQ$_$6,7,israel,False,22.4706238623289,89.65367897005899,0.2506380565802911,False,2.42246875,2.84246875
-yRb-Jum7EQ$_$6,8,against,False,46.93854800304379,106.33541651004329,0.44141970327083346,False,3.0824687500000003,3.98246875
-yRb-Jum7EQ$_$6,9,this,False,2.7699005772293908,88.28328177100012,0.03137514285450211,False,4.00246875,4.26246875
-yRb-Jum7EQ$_$6,10,incitement,False,38.444629554506676,80.21942450672991,0.479243397604796,False,4.26246875,4.88246875
-yRb-Jum7EQ$_$6,11,which,False,43.93337922641042,85.47376195451123,0.5139984273746085,False,5.44246875,5.60246875
-yRb-Jum7EQ$_$6,12,is,False,96.57586007518482,96.57907581109862,0.9999667035961279,False,5.6224687499999995,5.78246875
-yRb-Jum7EQ$_$6,13,the,False,94.04617161215272,94.04617161215273,0.9999999999999999,False,5.86246875,6.08246875
-yRb-Jum7EQ$_$6,14,number,False,34.17008634903349,119.41458045140925,0.2861466851021394,False,6.18246875,6.86246875
-yRb-Jum7EQ$_$6,15,one,False,0.0,0.0,0.0,False,6.86246875,6.94246875
-yRb-Jum7EQ$_$6,16,cause,False,0.0,0.0,0.0,False,6.98246875,7.36246875
-yRb-Jum7EQ$_$6,17,of,False,0.0025375061756202043,76.66641998291016,3.309801313516197e-05,False,7.38246875,7.48246875
-yRb-Jum7EQ$_$6,18,terrorism,False,22.565588024630433,59.42665029828861,0.3797216890294805,False,7.542468749999999,9.12246875
