sample_id,word_index,char_start,char_end,original_fragment,apostrophe_normalized_fragment,spoken_word,bert_positions,normalization
-3g5yACwYnA$_$13,0,0,7,They've,They've,they've,"[1, 2, 3]",lowercase / apostrophe normalization
-3g5yACwYnA$_$13,1,8,12,been,been,been,[4],lowercase / apostrophe normalization
-3g5yACwYnA$_$13,2,13,17,able,able,able,[5],lowercase / apostrophe normalization
-3g5yACwYnA$_$13,3,18,20,to,to,to,[6],lowercase / apostrophe normalization
-3g5yACwYnA$_$13,4,21,25,find,find,find,[7],lowercase / apostrophe normalization
-3g5yACwYnA$_$13,5,26,35,solutions,solutions,solutions,[8],lowercase / apostrophe normalization
-3g5yACwYnA$_$13,6,36,38,or,or,or,[9],lowercase / apostrophe normalization
-3g5yACwYnA$_$13,7,39,41,at,at,at,[10],lowercase / apostrophe normalization
-3g5yACwYnA$_$13,8,42,47,least,least,least,[11],lowercase / apostrophe normalization
-3g5yACwYnA$_$13,9,48,53,bring,bring,bring,[12],lowercase / apostrophe normalization
-3g5yACwYnA$_$13,10,54,58,some,some,some,[13],lowercase / apostrophe normalization
-3g5yACwYnA$_$13,11,59,66,answers,answers,answers,[14],lowercase / apostrophe normalization
-3g5yACwYnA$_$13,12,67,69,to,to,to,[15],lowercase / apostrophe normalization
-3g5yACwYnA$_$13,13,70,73,the,the,the,[16],lowercase / apostrophe normalization
-3g5yACwYnA$_$13,14,74,79,table,table,table,[17],lowercase / apostrophe normalization
-3g5yACwYnA$_$3,0,0,5,We're,We're,we're,"[1, 2, 3]",lowercase / apostrophe normalization
-3g5yACwYnA$_$3,1,6,7,a,a,a,[4],lowercase / apostrophe normalization
-3g5yACwYnA$_$3,2,8,12,huge,huge,huge,[5],lowercase / apostrophe normalization
-3g5yACwYnA$_$3,3,13,17,user,user,user,[6],lowercase / apostrophe normalization
-3g5yACwYnA$_$3,4,18,20,of,of,of,[7],lowercase / apostrophe normalization
-3g5yACwYnA$_$3,5,21,30,adhesives,adhesives,adhesives,"[8, 9, 10]",lowercase / apostrophe normalization
-3g5yACwYnA$_$3,6,31,34,for,for,for,[11],lowercase / apostrophe normalization
-3g5yACwYnA$_$3,7,35,38,our,our,our,[12],lowercase / apostrophe normalization
-3g5yACwYnA$_$3,8,39,48,operation,operation,operation,[13],lowercase / apostrophe normalization
-3g5yACwYnA$_$3,9,50,56,called,called,called,[15],lowercase / apostrophe normalization
-3g5yACwYnA$_$3,10,57,65,flocking,flocking,flocking,"[16, 17]",lowercase / apostrophe normalization
-3g5yACwYnA$_$3,11,67,70,and,and,and,[19],lowercase / apostrophe normalization
-3g5yACwYnA$_$3,12,71,73,we,we,we,[20],lowercase / apostrophe normalization
-3g5yACwYnA$_$3,13,74,79,don't,don't,don't,"[21, 22, 23]",lowercase / apostrophe normalization
-3g5yACwYnA$_$3,14,80,84,have,have,have,[24],lowercase / apostrophe normalization
-3g5yACwYnA$_$3,15,85,88,the,the,the,[25],lowercase / apostrophe normalization
-3g5yACwYnA$_$3,16,89,98,technical,technical,technical,[26],lowercase / apostrophe normalization
-3g5yACwYnA$_$3,17,99,105,inside,inside,inside,[27],lowercase / apostrophe normalization
-3g5yACwYnA$_$3,18,106,117,compounding,compounding,compounding,"[28, 29]",lowercase / apostrophe normalization
-3g5yACwYnA$_$3,19,118,120,or,or,or,[30],lowercase / apostrophe normalization
-3g5yACwYnA$_$3,20,121,124,the,the,the,[31],lowercase / apostrophe normalization
-3g5yACwYnA$_$3,21,125,134,technical,technical,technical,[32],lowercase / apostrophe normalization
-3g5yACwYnA$_$3,22,135,144,expertise,expertise,expertise,[33],lowercase / apostrophe normalization
-3g5yACwYnA$_$3,23,145,147,to,to,to,[34],lowercase / apostrophe normalization
-3g5yACwYnA$_$3,24,148,150,do,do,do,[35],lowercase / apostrophe normalization
-3g5yACwYnA$_$3,25,151,156,these,these,these,[36],lowercase / apostrophe normalization
-3g5yACwYnA$_$3,26,157,162,types,types,types,[37],lowercase / apostrophe normalization
-3g5yACwYnA$_$3,27,163,165,of,of,of,[38],lowercase / apostrophe normalization
-3g5yACwYnA$_$3,28,166,172,things,things,things,[39],lowercase / apostrophe normalization
-3g5yACwYnA$_$2,0,0,3,Key,Key,key,[1],lowercase / apostrophe normalization
-3g5yACwYnA$_$2,1,4,11,Polymer,Polymer,polymer,[2],lowercase / apostrophe normalization
-3g5yACwYnA$_$2,2,12,18,brings,brings,brings,[3],lowercase / apostrophe normalization
-3g5yACwYnA$_$2,3,19,20,a,a,a,[4],lowercase / apostrophe normalization
-3g5yACwYnA$_$2,4,21,30,technical,technical,technical,[5],lowercase / apostrophe normalization
-3g5yACwYnA$_$2,5,31,37,aspect,aspect,aspect,[6],lowercase / apostrophe normalization
-3g5yACwYnA$_$2,6,38,40,to,to,to,[7],lowercase / apostrophe normalization
-3g5yACwYnA$_$2,7,41,44,our,our,our,[8],lowercase / apostrophe normalization
-3g5yACwYnA$_$2,8,45,54,operation,operation,operation,[9],lowercase / apostrophe normalization
-3g5yACwYnA$_$2,9,55,59,that,that,that,[10],lowercase / apostrophe normalization
-3g5yACwYnA$_$2,10,60,62,we,we,we,[11],lowercase / apostrophe normalization
-3g5yACwYnA$_$2,11,63,68,don't,don't,don't,"[12, 13, 14]",lowercase / apostrophe normalization
-3g5yACwYnA$_$2,12,69,73,have,have,have,[15],lowercase / apostrophe normalization
-3g5yACwYnA$_$2,13,74,84,internally,internally,internally,[16],lowercase / apostrophe normalization
-3g5yACwYnA$_$9,0,0,2,We,We,we,[1],lowercase / apostrophe normalization
-3g5yACwYnA$_$9,1,3,7,have,have,have,[2],lowercase / apostrophe normalization
-3g5yACwYnA$_$9,2,8,12,many,many,many,[3],lowercase / apostrophe normalization
-3g5yACwYnA$_$9,3,13,16,new,new,new,[4],lowercase / apostrophe normalization
-3g5yACwYnA$_$9,4,17,30,opportunities,opportunities,opportunities,[5],lowercase / apostrophe normalization
-3g5yACwYnA$_$9,5,31,38,through,through,through,[6],lowercase / apostrophe normalization
-3g5yACwYnA$_$9,6,39,42,the,the,the,[7],lowercase / apostrophe normalization
-3g5yACwYnA$_$9,7,43,46,way,way,way,[8],lowercase / apostrophe normalization
-3g5yACwYnA$_$9,8,47,53,things,things,things,[9],lowercase / apostrophe normalization
-3g5yACwYnA$_$9,9,54,58,have,have,have,[10],lowercase / apostrophe normalization
-3g5yACwYnA$_$9,10,59,66,changed,changed,changed,[11],lowercase / apostrophe normalization
-3g5yACwYnA$_$9,11,67,74,through,through,through,[12],lowercase / apostrophe normalization
-3g5yACwYnA$_$9,12,75,78,the,the,the,[13],lowercase / apostrophe normalization
-3g5yACwYnA$_$9,13,79,84,years,years,years,[14],lowercase / apostrophe normalization
-3g5yACwYnA$_$9,14,86,93,looking,looking,looking,[16],lowercase / apostrophe normalization
-3g5yACwYnA$_$9,15,94,97,for,for,for,[17],lowercase / apostrophe normalization
-3g5yACwYnA$_$9,16,98,101,new,new,new,[18],lowercase / apostrophe normalization
-3g5yACwYnA$_$9,17,102,107,niche,niche,niche,[19],lowercase / apostrophe normalization
-3g5yACwYnA$_$9,18,108,112,high,high,high,[20],lowercase / apostrophe normalization
-3g5yACwYnA$_$9,19,113,116,end,end,end,[22],lowercase / apostrophe normalization
-3g5yACwYnA$_$9,20,118,123,value,value,value,[24],lowercase / apostrophe normalization
-3g5yACwYnA$_$9,21,124,129,added,added,added,[26],lowercase / apostrophe normalization
-3g5yACwYnA$_$9,22,130,138,products,products,products,[27],lowercase / apostrophe normalization
-3nNcZdcdvU$_$5,0,0,13,Noncompliance,Noncompliance,noncompliance,"[1, 2, 3, 4]",lowercase / apostrophe normalization
-3nNcZdcdvU$_$5,1,14,17,can,can,can,[5],lowercase / apostrophe normalization
-3nNcZdcdvU$_$5,2,18,24,result,result,result,[6],lowercase / apostrophe normalization
-3nNcZdcdvU$_$5,3,25,27,in,in,in,[7],lowercase / apostrophe normalization
-3nNcZdcdvU$_$5,4,28,33,legal,legal,legal,[8],lowercase / apostrophe normalization
-3nNcZdcdvU$_$5,5,34,43,liability,liability,liability,[9],lowercase / apostrophe normalization
-3nNcZdcdvU$_$5,6,44,46,to,to,to,[10],lowercase / apostrophe normalization
-3nNcZdcdvU$_$5,7,47,50,you,you,you,[11],lowercase / apostrophe normalization
-3nNcZdcdvU$_$5,8,51,54,and,and,and,[12],lowercase / apostrophe normalization
-3nNcZdcdvU$_$5,9,55,57,to,to,to,[13],lowercase / apostrophe normalization
-3nNcZdcdvU$_$5,10,58,61,the,the,the,[14],lowercase / apostrophe normalization
-3nNcZdcdvU$_$5,11,62,68,school,school,school,[15],lowercase / apostrophe normalization
-3nNcZdcdvU$_$5,12,69,77,district,district,district,[16],lowercase / apostrophe normalization
-3nNcZdcdvU$_$5,13,78,80,in,in,in,[17],lowercase / apostrophe normalization
-3nNcZdcdvU$_$5,14,81,86,which,which,which,[18],lowercase / apostrophe normalization
-3nNcZdcdvU$_$5,15,87,90,you,you,you,[19],lowercase / apostrophe normalization
-3nNcZdcdvU$_$5,16,91,94,are,are,are,[20],lowercase / apostrophe normalization
-3nNcZdcdvU$_$5,17,95,103,employed,employed,employed,[21],lowercase / apostrophe normalization
-HwX2H8Z4hY$_$2,0,30,34,Look,Look,look,[3],lowercase / apostrophe normalization
-HwX2H8Z4hY$_$2,1,35,37,at,at,at,[4],lowercase / apostrophe normalization
-HwX2H8Z4hY$_$2,2,38,41,the,the,the,[5],lowercase / apostrophe normalization
-HwX2H8Z4hY$_$2,3,42,48,record,record,record,[6],lowercase / apostrophe normalization
-HwX2H8Z4hY$_$5,0,2,11,President,President,president,[2],lowercase / apostrophe normalization
-HwX2H8Z4hY$_$5,1,12,18,Ronald,Ronald,ronald,[3],lowercase / apostrophe normalization
-HwX2H8Z4hY$_$5,2,19,25,Reagan,Reagan,reagan,[4],lowercase / apostrophe normalization
-HwX2H8Z4hY$_$5,3,26,32,blamed,blamed,blamed,[5],lowercase / apostrophe normalization
-HwX2H8Z4hY$_$5,4,33,36,the,the,the,[6],lowercase / apostrophe normalization
-HwX2H8Z4hY$_$5,5,37,49,professional,professional,professional,[7],lowercase / apostrophe normalization
-HwX2H8Z4hY$_$5,6,50,61,bureaucracy,bureaucracy,bureaucracy,[8],lowercase / apostrophe normalization
-HwX2H8Z4hY$_$5,7,62,64,of,of,of,[9],lowercase / apostrophe normalization
-HwX2H8Z4hY$_$5,8,65,74,education,education,education,[10],lowercase / apostrophe normalization
-HwX2H8Z4hY$_$6,0,0,3,And,And,and,[1],lowercase / apostrophe normalization
-HwX2H8Z4hY$_$6,1,4,6,in,in,in,[2],lowercase / apostrophe normalization
-HwX2H8Z4hY$_$6,2,7,11,part,part,part,[3],lowercase / apostrophe normalization
-HwX2H8Z4hY$_$6,3,13,15,Al,Al,al,[5],lowercase / apostrophe normalization
-HwX2H8Z4hY$_$6,4,16,23,Shanker,Shanker,shanker,"[6, 7]",lowercase / apostrophe normalization
-HwX2H8Z4hY$_$6,5,24,27,did,did,did,[8],lowercase / apostrophe normalization
-HwX2H8Z4hY$_$6,6,28,31,too,too,too,[9],lowercase / apostrophe normalization
-HwX2H8Z4hY$_$9,0,0,2,It,It,it,[1],lowercase / apostrophe normalization
-HwX2H8Z4hY$_$9,1,3,5,is,is,is,[2],lowercase / apostrophe normalization
-HwX2H8Z4hY$_$9,2,6,7,a,a,a,[3],lowercase / apostrophe normalization
-HwX2H8Z4hY$_$9,3,8,12,word,word,word,[4],lowercase / apostrophe normalization
-HwX2H8Z4hY$_$9,4,13,18,which,which,which,[5],lowercase / apostrophe normalization
-HwX2H8Z4hY$_$9,5,19,22,the,the,the,[6],lowercase / apostrophe normalization
-HwX2H8Z4hY$_$9,6,23,36,administrator,administrator,administrator,[7],lowercase / apostrophe normalization
-HwX2H8Z4hY$_$9,7,37,41,uses,uses,uses,[8],lowercase / apostrophe normalization
-HwX2H8Z4hY$_$9,8,42,46,when,when,when,[9],lowercase / apostrophe normalization
-HwX2H8Z4hY$_$9,9,47,49,he,he,he,[10],lowercase / apostrophe normalization
-HwX2H8Z4hY$_$9,10,50,55,turns,turns,turns,[11],lowercase / apostrophe normalization
-HwX2H8Z4hY$_$9,11,56,62,around,around,around,[12],lowercase / apostrophe normalization
-HwX2H8Z4hY$_$9,12,63,71,anything,anything,anything,[13],lowercase / apostrophe normalization
-HwX2H8Z4hY$_$9,13,72,77,which,which,which,[14],lowercase / apostrophe normalization
-HwX2H8Z4hY$_$9,14,78,80,he,he,he,[15],lowercase / apostrophe normalization
-HwX2H8Z4hY$_$9,15,81,88,doesn't,doesn't,doesn't,"[16, 17, 18]",lowercase / apostrophe normalization
-HwX2H8Z4hY$_$9,16,89,93,like,like,like,[19],lowercase / apostrophe normalization
-HwX2H8Z4hY$_$9,17,94,98,that,that,that,[20],lowercase / apostrophe normalization
-HwX2H8Z4hY$_$9,18,99,102,the,the,the,[21],lowercase / apostrophe normalization
-HwX2H8Z4hY$_$9,19,103,110,teacher,teacher,teacher,[22],lowercase / apostrophe normalization
-HwX2H8Z4hY$_$9,20,111,113,is,is,is,[23],lowercase / apostrophe normalization
-HwX2H8Z4hY$_$9,21,114,119,doing,doing,doing,[24],lowercase / apostrophe normalization
-NFrJFQijFE$_$1,0,0,10,Structural,Structural,structural,[1],lowercase / apostrophe normalization
-NFrJFQijFE$_$1,1,11,17,mounts,mounts,mounts,[2],lowercase / apostrophe normalization
-NFrJFQijFE$_$1,2,18,24,inside,inside,inside,[3],lowercase / apostrophe normalization
-NFrJFQijFE$_$1,3,25,29,have,have,have,[4],lowercase / apostrophe normalization
-NFrJFQijFE$_$1,4,30,32,to,to,to,[5],lowercase / apostrophe normalization
-NFrJFQijFE$_$1,5,33,35,be,be,be,[6],lowercase / apostrophe normalization
-NFrJFQijFE$_$1,6,36,44,properly,properly,properly,[7],lowercase / apostrophe normalization
-NFrJFQijFE$_$1,7,45,51,stress,stress,stress,[8],lowercase / apostrophe normalization
-NFrJFQijFE$_$1,8,52,60,analyzed,analyzed,analyzed,[9],lowercase / apostrophe normalization
-NFrJFQijFE$_$1,9,61,63,so,so,so,[10],lowercase / apostrophe normalization
-NFrJFQijFE$_$1,10,64,66,we,we,we,[11],lowercase / apostrophe normalization
-NFrJFQijFE$_$1,11,67,71,make,make,make,[12],lowercase / apostrophe normalization
-NFrJFQijFE$_$1,12,72,76,sure,sure,sure,[13],lowercase / apostrophe normalization
-NFrJFQijFE$_$1,13,77,80,all,all,all,[14],lowercase / apostrophe normalization
-NFrJFQijFE$_$1,14,81,85,that,that,that,[15],lowercase / apostrophe normalization
-NFrJFQijFE$_$1,15,86,93,happens,happens,happens,[16],lowercase / apostrophe normalization
-NFrJFQijFE$_$2,0,0,2,So,So,so,[1],lowercase / apostrophe normalization
-NFrJFQijFE$_$2,1,3,5,we,we,we,[2],lowercase / apostrophe normalization
-NFrJFQijFE$_$2,2,6,16,coordinate,coordinate,coordinate,[3],lowercase / apostrophe normalization
-NFrJFQijFE$_$2,3,17,21,with,with,with,[4],lowercase / apostrophe normalization
-NFrJFQijFE$_$2,4,22,25,all,all,all,[5],lowercase / apostrophe normalization
-NFrJFQijFE$_$2,5,26,29,the,the,the,[6],lowercase / apostrophe normalization
-NFrJFQijFE$_$2,6,30,36,proper,proper,proper,[7],lowercase / apostrophe normalization
-NFrJFQijFE$_$2,7,37,46,technical,technical,technical,[8],lowercase / apostrophe normalization
-NFrJFQijFE$_$2,8,47,53,fields,fields,fields,[9],lowercase / apostrophe normalization
-NFrJFQijFE$_$2,9,54,56,to,to,to,[10],lowercase / apostrophe normalization
-NFrJFQijFE$_$2,10,57,60,get,get,get,[11],lowercase / apostrophe normalization
-NFrJFQijFE$_$2,11,61,66,ready,ready,ready,[12],lowercase / apostrophe normalization
-NFrJFQijFE$_$2,12,67,70,for,for,for,[13],lowercase / apostrophe normalization
-NFrJFQijFE$_$2,13,71,74,the,the,the,[14],lowercase / apostrophe normalization
-NFrJFQijFE$_$2,14,75,85,instrument,instrument,instrument,[15],lowercase / apostrophe normalization
-NFrJFQijFE$_$2,15,86,88,to,to,to,[16],lowercase / apostrophe normalization
-NFrJFQijFE$_$2,16,89,95,arrive,arrive,arrive,[17],lowercase / apostrophe normalization
-NFrJFQijFE$_$2,17,96,100,here,here,here,[18],lowercase / apostrophe normalization
-THoVjtIkeU$_$12,0,0,4,What,What,what,[1],lowercase / apostrophe normalization
-THoVjtIkeU$_$12,1,5,9,ever,ever,ever,[2],lowercase / apostrophe normalization
-THoVjtIkeU$_$12,2,10,12,we,we,we,[3],lowercase / apostrophe normalization
-THoVjtIkeU$_$12,3,13,17,turn,turn,turn,[4],lowercase / apostrophe normalization
-THoVjtIkeU$_$12,4,18,21,our,our,our,[5],lowercase / apostrophe normalization
-THoVjtIkeU$_$12,5,22,31,attention,attention,attention,[6],lowercase / apostrophe normalization
-THoVjtIkeU$_$12,6,32,34,to,to,to,[7],lowercase / apostrophe normalization
-THoVjtIkeU$_$12,7,35,37,is,is,is,[8],lowercase / apostrophe normalization
-THoVjtIkeU$_$12,8,38,42,what,what,what,[9],lowercase / apostrophe normalization
-THoVjtIkeU$_$12,9,43,48,grows,grows,grows,[10],lowercase / apostrophe normalization
-THoVjtIkeU$_$12,10,49,52,and,and,and,[11],lowercase / apostrophe normalization
-THoVjtIkeU$_$12,11,53,55,so,so,so,[12],lowercase / apostrophe normalization
-THoVjtIkeU$_$12,12,56,58,if,if,if,[13],lowercase / apostrophe normalization
-THoVjtIkeU$_$12,13,59,61,we,we,we,[14],lowercase / apostrophe normalization
-THoVjtIkeU$_$12,14,62,69,believe,believe,believe,[15],lowercase / apostrophe normalization
-THoVjtIkeU$_$12,15,70,74,that,that,that,[16],lowercase / apostrophe normalization
-THoVjtIkeU$_$12,16,75,83,anything,anything,anything,[17],lowercase / apostrophe normalization
-THoVjtIkeU$_$12,17,84,86,is,is,is,[18],lowercase / apostrophe normalization
-THoVjtIkeU$_$12,18,87,95,possible,possible,possible,[19],lowercase / apostrophe normalization
-THoVjtIkeU$_$12,19,97,99,if,if,if,[21],lowercase / apostrophe normalization
-THoVjtIkeU$_$12,20,100,102,we,we,we,[22],lowercase / apostrophe normalization
-THoVjtIkeU$_$12,21,103,110,believe,believe,believe,[23],lowercase / apostrophe normalization
-THoVjtIkeU$_$12,22,111,115,that,that,that,[24],lowercase / apostrophe normalization
-THoVjtIkeU$_$12,23,116,122,social,social,social,[25],lowercase / apostrophe normalization
-THoVjtIkeU$_$12,24,123,130,justice,justice,justice,[26],lowercase / apostrophe normalization
-THoVjtIkeU$_$12,25,131,134,can,can,can,[27],lowercase / apostrophe normalization
-THoVjtIkeU$_$12,26,135,137,be,be,be,[28],lowercase / apostrophe normalization
-THoVjtIkeU$_$12,27,138,146,achieved,achieved,achieved,[29],lowercase / apostrophe normalization
-THoVjtIkeU$_$12,28,147,150,and,and,and,[30],lowercase / apostrophe normalization
-THoVjtIkeU$_$12,29,151,153,if,if,if,[31],lowercase / apostrophe normalization
-THoVjtIkeU$_$12,30,154,156,we,we,we,[32],lowercase / apostrophe normalization
-THoVjtIkeU$_$12,31,157,164,believe,believe,believe,[33],lowercase / apostrophe normalization
-THoVjtIkeU$_$12,32,165,167,in,in,in,[34],lowercase / apostrophe normalization
-THoVjtIkeU$_$12,33,168,173,youth,youth,youth,[35],lowercase / apostrophe normalization
-THoVjtIkeU$_$12,34,175,179,they,they,they,[37],lowercase / apostrophe normalization
-THoVjtIkeU$_$12,35,180,184,will,will,will,[38],lowercase / apostrophe normalization
-THoVjtIkeU$_$12,36,185,192,believe,believe,believe,[39],lowercase / apostrophe normalization
-THoVjtIkeU$_$12,37,193,195,in,in,in,[40],lowercase / apostrophe normalization
-THoVjtIkeU$_$12,38,196,206,themselves,themselves,themselves,[41],lowercase / apostrophe normalization
-THoVjtIkeU$_$2,0,0,1,I,I,i,[1],lowercase / apostrophe normalization
-THoVjtIkeU$_$2,1,2,7,think,think,think,[2],lowercase / apostrophe normalization
-THoVjtIkeU$_$2,2,8,14,social,social,social,[3],lowercase / apostrophe normalization
-THoVjtIkeU$_$2,3,15,22,justice,justice,justice,[4],lowercase / apostrophe normalization
-THoVjtIkeU$_$2,4,23,25,is,is,is,[5],lowercase / apostrophe normalization
-THoVjtIkeU$_$2,5,26,35,extremely,extremely,extremely,[6],lowercase / apostrophe normalization
-THoVjtIkeU$_$2,6,36,45,important,important,important,[7],lowercase / apostrophe normalization
-THoVjtIkeU$_$2,7,46,49,for,for,for,[8],lowercase / apostrophe normalization
-THoVjtIkeU$_$2,8,50,55,young,young,young,[9],lowercase / apostrophe normalization
-THoVjtIkeU$_$2,9,56,62,people,people,people,[10],lowercase / apostrophe normalization
-THoVjtIkeU$_$6,0,0,3,You,You,you,[1],lowercase / apostrophe normalization
-THoVjtIkeU$_$6,1,4,8,know,know,know,[2],lowercase / apostrophe normalization
-THoVjtIkeU$_$6,2,9,13,that,that,that,[3],lowercase / apostrophe normalization
-THoVjtIkeU$_$6,3,14,15,I,I,i,[4],lowercase / apostrophe normalization
-THoVjtIkeU$_$6,4,16,21,think,think,think,[5],lowercase / apostrophe normalization
-THoVjtIkeU$_$6,5,22,31,listening,listening,listening,[6],lowercase / apostrophe normalization
-THoVjtIkeU$_$6,6,32,34,to,to,to,[7],lowercase / apostrophe normalization
-THoVjtIkeU$_$6,7,35,40,young,young,young,[8],lowercase / apostrophe normalization
-THoVjtIkeU$_$6,8,41,47,people,people,people,[9],lowercase / apostrophe normalization
-THoVjtIkeU$_$6,9,49,55,taking,taking,taking,[11],lowercase / apostrophe normalization
-THoVjtIkeU$_$6,10,56,58,in,in,in,[12],lowercase / apostrophe normalization
-THoVjtIkeU$_$6,11,59,63,what,what,what,[13],lowercase / apostrophe normalization
-THoVjtIkeU$_$6,12,64,68,they,they,they,[14],lowercase / apostrophe normalization
-THoVjtIkeU$_$6,13,69,73,have,have,have,[15],lowercase / apostrophe normalization
-THoVjtIkeU$_$6,14,74,76,to,to,to,[16],lowercase / apostrophe normalization
-THoVjtIkeU$_$6,15,77,80,say,say,say,[17],lowercase / apostrophe normalization
-THoVjtIkeU$_$6,16,81,88,because,because,because,[18],lowercase / apostrophe normalization
-THoVjtIkeU$_$6,17,89,93,what,what,what,[19],lowercase / apostrophe normalization
-THoVjtIkeU$_$6,18,94,96,we,we,we,[20],lowercase / apostrophe normalization
-THoVjtIkeU$_$6,19,97,101,have,have,have,[21],lowercase / apostrophe normalization
-THoVjtIkeU$_$6,20,102,106,seen,seen,seen,[22],lowercase / apostrophe normalization
-THoVjtIkeU$_$6,21,107,110,all,all,all,[23],lowercase / apostrophe normalization
-THoVjtIkeU$_$6,22,111,117,around,around,around,[24],lowercase / apostrophe normalization
-THoVjtIkeU$_$6,23,118,121,the,the,the,[25],lowercase / apostrophe normalization
-THoVjtIkeU$_$6,24,122,127,world,world,world,[26],lowercase / apostrophe normalization
-THoVjtIkeU$_$6,25,128,130,is,is,is,[27],lowercase / apostrophe normalization
-THoVjtIkeU$_$6,26,131,134,the,the,the,[28],lowercase / apostrophe normalization
-THoVjtIkeU$_$6,27,135,140,power,power,power,[29],lowercase / apostrophe normalization
-THoVjtIkeU$_$6,28,141,143,of,of,of,[30],lowercase / apostrophe normalization
-THoVjtIkeU$_$6,29,144,149,youth,youth,youth,[31],lowercase / apostrophe normalization
-UuX1xuaiiE$_$1,0,1,4,And,And,and,[1],lowercase / apostrophe normalization
-UuX1xuaiiE$_$1,1,5,8,all,all,all,[2],lowercase / apostrophe normalization
-UuX1xuaiiE$_$1,2,9,11,of,of,of,[3],lowercase / apostrophe normalization
-UuX1xuaiiE$_$1,3,12,16,them,them,them,[4],lowercase / apostrophe normalization
-UuX1xuaiiE$_$1,4,17,20,are,are,are,[5],lowercase / apostrophe normalization
-UuX1xuaiiE$_$1,5,21,27,really,really,really,[6],lowercase / apostrophe normalization
-UuX1xuaiiE$_$1,6,28,33,being,being,being,[7],lowercase / apostrophe normalization
-UuX1xuaiiE$_$1,7,34,38,able,able,able,[8],lowercase / apostrophe normalization
-UuX1xuaiiE$_$1,8,39,41,to,to,to,[9],lowercase / apostrophe normalization
-UuX1xuaiiE$_$1,9,42,49,explore,explore,explore,[10],lowercase / apostrophe normalization
-UuX1xuaiiE$_$1,10,51,56,these,these,these,[11],lowercase / apostrophe normalization
-UuX1xuaiiE$_$1,11,57,66,different,different,different,[12],lowercase / apostrophe normalization
-UuX1xuaiiE$_$1,12,67,72,areas,areas,areas,[13],lowercase / apostrophe normalization
-UuX1xuaiiE$_$1,13,73,75,in,in,in,[14],lowercase / apostrophe normalization
-UuX1xuaiiE$_$1,14,76,81,depth,depth,depth,[15],lowercase / apostrophe normalization
-UuX1xuaiiE$_$1,15,83,85,in,in,in,[16],lowercase / apostrophe normalization
-UuX1xuaiiE$_$1,16,86,87,a,a,a,[17],lowercase / apostrophe normalization
-UuX1xuaiiE$_$1,17,88,91,way,way,way,[18],lowercase / apostrophe normalization
-UuX1xuaiiE$_$1,18,92,96,that,that,that,[19],lowercase / apostrophe normalization
-UuX1xuaiiE$_$1,19,97,103,really,really,really,[20],lowercase / apostrophe normalization
-UuX1xuaiiE$_$1,20,104,110,wasn't,wasn't,wasn't,"[21, 22, 23]",lowercase / apostrophe normalization
-UuX1xuaiiE$_$1,21,111,120,available,available,available,[24],lowercase / apostrophe normalization
-UuX1xuaiiE$_$1,22,122,128,before,before,before,[25],lowercase / apostrophe normalization
-UuX1xuaiiE$_$1,23,129,132,the,the,the,[26],lowercase / apostrophe normalization
-UuX1xuaiiE$_$1,24,133,139,center,center,center,[27],lowercase / apostrophe normalization
-UuX1xuaiiE$_$1,25,140,143,was,was,was,[28],lowercase / apostrophe normalization
-UuX1xuaiiE$_$1,26,144,148,here,here,here,[29],lowercase / apostrophe normalization
-UuX1xuaiiE$_$0,0,1,5,it's,it's,it's,"[1, 2, 3]",lowercase / apostrophe normalization
-UuX1xuaiiE$_$0,1,6,13,amazing,amazing,amazing,[4],lowercase / apostrophe normalization
-UuX1xuaiiE$_$0,2,14,16,to,to,to,[5],lowercase / apostrophe normalization
-UuX1xuaiiE$_$0,3,17,20,see,see,see,[6],lowercase / apostrophe normalization
-UuX1xuaiiE$_$0,4,21,26,their,their,their,[7],lowercase / apostrophe normalization
-UuX1xuaiiE$_$0,5,27,37,enthusiasm,enthusiasm,enthusiasm,[8],lowercase / apostrophe normalization
-UuX1xuaiiE$_$0,6,38,41,and,and,and,[9],lowercase / apostrophe normalization
-UuX1xuaiiE$_$0,7,42,47,their,their,their,[10],lowercase / apostrophe normalization
-UuX1xuaiiE$_$0,8,48,55,passion,passion,passion,[11],lowercase / apostrophe normalization
-UuX1xuaiiE$_$3,0,0,2,My,My,my,[1],lowercase / apostrophe normalization
-UuX1xuaiiE$_$3,1,3,7,goal,goal,goal,[2],lowercase / apostrophe normalization
-UuX1xuaiiE$_$3,2,8,10,is,is,is,[3],lowercase / apostrophe normalization
-UuX1xuaiiE$_$3,3,11,13,to,to,to,[4],lowercase / apostrophe normalization
-UuX1xuaiiE$_$3,4,14,20,become,become,become,[5],lowercase / apostrophe normalization
-UuX1xuaiiE$_$3,5,21,22,a,a,a,[6],lowercase / apostrophe normalization
-UuX1xuaiiE$_$3,6,23,28,human,human,human,[7],lowercase / apostrophe normalization
-UuX1xuaiiE$_$3,7,29,35,rights,rights,rights,[8],lowercase / apostrophe normalization
-UuX1xuaiiE$_$3,8,36,42,lawyer,lawyer,lawyer,[9],lowercase / apostrophe normalization
-UuX1xuaiiE$_$6,0,0,1,I,I,i,[1],lowercase / apostrophe normalization
-UuX1xuaiiE$_$6,1,2,7,ended,ended,ended,[2],lowercase / apostrophe normalization
-UuX1xuaiiE$_$6,2,8,10,up,up,up,[3],lowercase / apostrophe normalization
-UuX1xuaiiE$_$6,3,11,16,going,going,going,[4],lowercase / apostrophe normalization
-UuX1xuaiiE$_$6,4,17,19,to,to,to,[5],lowercase / apostrophe normalization
-UuX1xuaiiE$_$6,5,20,24,work,work,work,[6],lowercase / apostrophe normalization
-UuX1xuaiiE$_$6,6,25,28,for,for,for,[7],lowercase / apostrophe normalization
-UuX1xuaiiE$_$6,7,29,32,the,the,the,[8],lowercase / apostrophe normalization
-UuX1xuaiiE$_$6,8,33,35,US,US,u,[9],initialism spelled as letters
-UuX1xuaiiE$_$6,9,33,35,US,US,s,[9],initialism spelled as letters
-UuX1xuaiiE$_$6,10,36,46,government,government,government,[10],lowercase / apostrophe normalization
-UuX1xuaiiE$_$6,11,47,49,as,as,as,[11],lowercase / apostrophe normalization
-UuX1xuaiiE$_$6,12,50,52,an,an,an,[12],lowercase / apostrophe normalization
-UuX1xuaiiE$_$6,13,53,65,intelligence,intelligence,intelligence,[13],lowercase / apostrophe normalization
-UuX1xuaiiE$_$6,14,66,73,analyst,analyst,analyst,[14],lowercase / apostrophe normalization
-UuX1xuaiiE$_$6,15,75,87,specializing,specializing,specializing,[16],lowercase / apostrophe normalization
-UuX1xuaiiE$_$6,16,88,90,in,in,in,[17],lowercase / apostrophe normalization
-UuX1xuaiiE$_$6,17,91,94,war,war,war,[18],lowercase / apostrophe normalization
-UuX1xuaiiE$_$6,18,95,101,crimes,crimes,crimes,[19],lowercase / apostrophe normalization
-UuX1xuaiiE$_$6,19,102,105,and,and,and,[20],lowercase / apostrophe normalization
-UuX1xuaiiE$_$6,20,106,111,human,human,human,[21],lowercase / apostrophe normalization
-UuX1xuaiiE$_$6,21,112,118,rights,rights,rights,[22],lowercase / apostrophe normalization
-UuX1xuaiiE$_$6,22,119,125,issues,issues,issues,[23],lowercase / apostrophe normalization
-a55Q6RWvTA$_$3,0,0,3,And,And,and,[1],lowercase / apostrophe normalization
-a55Q6RWvTA$_$3,1,4,6,if,if,if,[2],lowercase / apostrophe normalization
-a55Q6RWvTA$_$3,2,7,10,you,you,you,[3],lowercase / apostrophe normalization
-a55Q6RWvTA$_$3,3,11,15,clip,clip,clip,[4],lowercase / apostrophe normalization
-a55Q6RWvTA$_$3,4,16,23,coupons,coupons,coupons,"[5, 6]",lowercase / apostrophe normalization
-a55Q6RWvTA$_$3,5,25,27,if,if,if,[8],lowercase / apostrophe normalization
-a55Q6RWvTA$_$3,6,28,31,you,you,you,[9],lowercase / apostrophe normalization
-a55Q6RWvTA$_$3,7,32,37,don't,don't,don't,"[10, 11, 12]",lowercase / apostrophe normalization
-a55Q6RWvTA$_$3,8,38,40,go,go,go,[13],lowercase / apostrophe normalization
-a55Q6RWvTA$_$3,9,41,44,out,out,out,[14],lowercase / apostrophe normalization
-a55Q6RWvTA$_$3,10,45,48,for,for,for,[15],lowercase / apostrophe normalization
-a55Q6RWvTA$_$3,11,49,55,dinner,dinner,dinner,[16],lowercase / apostrophe normalization
-a55Q6RWvTA$_$3,12,56,59,and,and,and,[17],lowercase / apostrophe normalization
-a55Q6RWvTA$_$3,13,60,66,movies,movies,movies,[18],lowercase / apostrophe normalization
-a55Q6RWvTA$_$3,14,67,70,and,and,and,[19],lowercase / apostrophe normalization
-a55Q6RWvTA$_$3,15,71,77,things,things,things,[20],lowercase / apostrophe normalization
-a55Q6RWvTA$_$3,16,78,80,of,of,of,[21],lowercase / apostrophe normalization
-a55Q6RWvTA$_$3,17,81,85,that,that,that,[22],lowercase / apostrophe normalization
-a55Q6RWvTA$_$3,18,86,92,nature,nature,nature,[23],lowercase / apostrophe normalization
-a55Q6RWvTA$_$3,19,93,96,and,and,and,[24],lowercase / apostrophe normalization
-a55Q6RWvTA$_$3,20,97,100,try,try,try,[25],lowercase / apostrophe normalization
-a55Q6RWvTA$_$3,21,101,103,to,to,to,[26],lowercase / apostrophe normalization
-a55Q6RWvTA$_$3,22,104,108,take,take,take,[27],lowercase / apostrophe normalization
-a55Q6RWvTA$_$3,23,109,111,up,up,up,[28],lowercase / apostrophe normalization
-a55Q6RWvTA$_$3,24,112,118,things,things,things,[29],lowercase / apostrophe normalization
-a55Q6RWvTA$_$3,25,119,121,in,in,in,[30],lowercase / apostrophe normalization
-a55Q6RWvTA$_$3,26,122,126,life,life,life,[31],lowercase / apostrophe normalization
-a55Q6RWvTA$_$3,27,127,131,that,that,that,[32],lowercase / apostrophe normalization
-a55Q6RWvTA$_$3,28,133,137,well,well,well,[34],lowercase / apostrophe normalization
-a55Q6RWvTA$_$3,29,139,143,they,they,they,[36],lowercase / apostrophe normalization
-a55Q6RWvTA$_$3,30,144,150,always,always,always,[37],lowercase / apostrophe normalization
-a55Q6RWvTA$_$3,31,151,154,say,say,say,[38],lowercase / apostrophe normalization
-a55Q6RWvTA$_$3,32,157,160,the,the,the,[41],lowercase / apostrophe normalization
-a55Q6RWvTA$_$3,33,161,165,best,best,best,[42],lowercase / apostrophe normalization
-a55Q6RWvTA$_$3,34,166,172,things,things,things,[43],lowercase / apostrophe normalization
-a55Q6RWvTA$_$3,35,173,175,in,in,in,[44],lowercase / apostrophe normalization
-a55Q6RWvTA$_$3,36,176,180,life,life,life,[45],lowercase / apostrophe normalization
-a55Q6RWvTA$_$3,37,181,184,are,are,are,[46],lowercase / apostrophe normalization
-a55Q6RWvTA$_$3,38,185,189,free,free,free,[47],lowercase / apostrophe normalization
-a55Q6RWvTA$_$3,39,192,199,Reading,Reading,reading,[50],lowercase / apostrophe normalization
-a55Q6RWvTA$_$3,40,200,201,a,a,a,[51],lowercase / apostrophe normalization
-a55Q6RWvTA$_$3,41,202,206,book,book,book,[52],lowercase / apostrophe normalization
-a55Q6RWvTA$_$3,42,208,213,going,going,going,[54],lowercase / apostrophe normalization
-a55Q6RWvTA$_$3,43,214,217,for,for,for,[55],lowercase / apostrophe normalization
-a55Q6RWvTA$_$3,44,218,219,a,a,a,[56],lowercase / apostrophe normalization
-a55Q6RWvTA$_$3,45,220,224,nice,nice,nice,[57],lowercase / apostrophe normalization
-a55Q6RWvTA$_$3,46,225,229,walk,walk,walk,[58],lowercase / apostrophe normalization
-a55Q6RWvTA$_$3,47,231,234,and,and,and,[60],lowercase / apostrophe normalization
-a55Q6RWvTA$_$3,48,236,238,of,of,of,[62],lowercase / apostrophe normalization
-a55Q6RWvTA$_$3,49,239,245,course,course,course,[63],lowercase / apostrophe normalization
-a55Q6RWvTA$_$3,50,247,256,combining,combining,combining,[65],lowercase / apostrophe normalization
-a55Q6RWvTA$_$3,51,257,265,exercise,exercise,exercise,[66],lowercase / apostrophe normalization
-a55Q6RWvTA$_$3,52,266,269,and,and,and,[67],lowercase / apostrophe normalization
-a55Q6RWvTA$_$3,53,270,277,various,various,various,[68],lowercase / apostrophe normalization
-a55Q6RWvTA$_$3,54,278,284,things,things,things,[69],lowercase / apostrophe normalization
-a55Q6RWvTA$_$3,55,285,287,of,of,of,[70],lowercase / apostrophe normalization
-a55Q6RWvTA$_$3,56,288,292,that,that,that,[71],lowercase / apostrophe normalization
-a55Q6RWvTA$_$3,57,293,299,nature,nature,nature,[72],lowercase / apostrophe normalization
-a55Q6RWvTA$_$3,58,300,305,where,where,where,[73],lowercase / apostrophe normalization
-a55Q6RWvTA$_$3,59,306,312,you're,you're,you're,"[74, 75, 76]",lowercase / apostrophe normalization
-a55Q6RWvTA$_$3,60,313,316,not,not,not,[77],lowercase / apostrophe normalization
-a55Q6RWvTA$_$3,61,317,325,spending,spending,spending,[78],lowercase / apostrophe normalization
-a55Q6RWvTA$_$3,62,326,331,money,money,money,[79],lowercase / apostrophe normalization
-a55Q6RWvTA$_$3,63,332,335,per,per,per,[80],lowercase / apostrophe normalization
-a55Q6RWvTA$_$3,64,336,338,se,se,se,[81],lowercase / apostrophe normalization
-aNfi7CP8vM$_$7,0,0,5,Maybe,Maybe,maybe,[1],lowercase / apostrophe normalization
-aNfi7CP8vM$_$7,1,6,10,they,they,they,[2],lowercase / apostrophe normalization
-aNfi7CP8vM$_$7,2,11,15,have,have,have,[3],lowercase / apostrophe normalization
-aNfi7CP8vM$_$7,3,16,18,no,no,no,[4],lowercase / apostrophe normalization
-aNfi7CP8vM$_$7,4,19,28,political,political,political,[5],lowercase / apostrophe normalization
-aNfi7CP8vM$_$7,5,29,34,party,party,party,[6],lowercase / apostrophe normalization
-aNfi7CP8vM$_$7,6,35,46,affiliation,affiliation,affiliation,[7],lowercase / apostrophe normalization
-aNfi7CP8vM$_$7,7,48,55,they're,they're,they're,"[9, 10, 11]",lowercase / apostrophe normalization
-aNfi7CP8vM$_$7,8,56,59,not,not,not,[12],lowercase / apostrophe normalization
-aNfi7CP8vM$_$7,9,60,70,interested,interested,interested,[13],lowercase / apostrophe normalization
-aNfi7CP8vM$_$7,10,71,73,in,in,in,[14],lowercase / apostrophe normalization
-aNfi7CP8vM$_$7,11,74,82,politics,politics,politics,[15],lowercase / apostrophe normalization
-aNfi7CP8vM$_$7,12,84,88,they,they,they,[17],lowercase / apostrophe normalization
-aNfi7CP8vM$_$7,13,89,94,could,could,could,[18],lowercase / apostrophe normalization
-aNfi7CP8vM$_$7,14,95,99,care,care,care,[19],lowercase / apostrophe normalization
-aNfi7CP8vM$_$7,15,100,104,less,less,less,[20],lowercase / apostrophe normalization
-aNfi7CP8vM$_$7,16,105,110,about,about,about,[21],lowercase / apostrophe normalization
-aNfi7CP8vM$_$7,17,111,119,politics,politics,politics,[22],lowercase / apostrophe normalization
-aqamKhZ1Ec$_$0,0,0,2,In,In,in,[1],lowercase / apostrophe normalization
-aqamKhZ1Ec$_$0,1,3,7,2008,2008,two,[2],English number expansion
-aqamKhZ1Ec$_$0,2,3,7,2008,2008,thousand,[2],English number expansion
-aqamKhZ1Ec$_$0,3,3,7,2008,2008,and,[2],English number expansion
-aqamKhZ1Ec$_$0,4,3,7,2008,2008,eight,[2],English number expansion
-aqamKhZ1Ec$_$0,5,9,14,there,there,there,[4],lowercase / apostrophe normalization
-aqamKhZ1Ec$_$0,6,15,19,were,were,were,[5],lowercase / apostrophe normalization
-aqamKhZ1Ec$_$0,7,20,24,very,very,very,[6],lowercase / apostrophe normalization
-aqamKhZ1Ec$_$0,8,25,32,serious,serious,serious,[7],lowercase / apostrophe normalization
-aqamKhZ1Ec$_$0,9,33,39,tribal,tribal,tribal,[8],lowercase / apostrophe normalization
-aqamKhZ1Ec$_$0,10,40,47,warfare,warfare,warfare,[9],lowercase / apostrophe normalization
-aqamKhZ1Ec$_$0,11,48,50,in,in,in,[10],lowercase / apostrophe normalization
-aqamKhZ1Ec$_$0,12,51,56,Kenya,Kenya,kenya,[11],lowercase / apostrophe normalization
-aqamKhZ1Ec$_$0,13,57,66,following,following,following,[12],lowercase / apostrophe normalization
-aqamKhZ1Ec$_$0,14,67,68,a,a,a,[13],lowercase / apostrophe normalization
-aqamKhZ1Ec$_$0,15,69,77,disputed,disputed,disputed,[14],lowercase / apostrophe normalization
-aqamKhZ1Ec$_$0,16,78,86,election,election,election,[15],lowercase / apostrophe normalization
-dxfTGcXJoc$_$1,0,0,3,For,For,for,[1],lowercase / apostrophe normalization
-dxfTGcXJoc$_$1,1,4,7,the,the,the,[2],lowercase / apostrophe normalization
-dxfTGcXJoc$_$1,2,8,12,10th,10th,tenth,[3],English number expansion
-dxfTGcXJoc$_$1,3,13,21,straight,straight,straight,[4],lowercase / apostrophe normalization
-dxfTGcXJoc$_$1,4,22,26,year,year,year,[5],lowercase / apostrophe normalization
-dxfTGcXJoc$_$1,5,28,32,some,some,some,[7],lowercase / apostrophe normalization
-dxfTGcXJoc$_$1,6,33,35,of,of,of,[8],lowercase / apostrophe normalization
-dxfTGcXJoc$_$1,7,36,46,Kentucky’s,Kentucky's,kentucky's,"[9, 10, 11]",lowercase / apostrophe normalization
-dxfTGcXJoc$_$1,8,47,51,best,best,best,[12],lowercase / apostrophe normalization
-dxfTGcXJoc$_$1,9,52,55,and,and,and,[13],lowercase / apostrophe normalization
-dxfTGcXJoc$_$1,10,56,60,most,most,most,[14],lowercase / apostrophe normalization
-dxfTGcXJoc$_$1,11,61,71,innovative,innovative,innovative,[15],lowercase / apostrophe normalization
-dxfTGcXJoc$_$1,12,72,79,biotech,biotech,biotech,"[16, 17]",lowercase / apostrophe normalization
-dxfTGcXJoc$_$1,13,80,89,companies,companies,companies,[18],lowercase / apostrophe normalization
-dxfTGcXJoc$_$1,14,90,93,and,and,and,[19],lowercase / apostrophe normalization
-dxfTGcXJoc$_$1,15,94,106,technologies,technologies,technologies,[20],lowercase / apostrophe normalization
-dxfTGcXJoc$_$1,16,107,111,were,were,were,[21],lowercase / apostrophe normalization
-dxfTGcXJoc$_$1,17,112,114,on,on,on,[22],lowercase / apostrophe normalization
-dxfTGcXJoc$_$1,18,115,122,display,display,display,[23],lowercase / apostrophe normalization
-dxfTGcXJoc$_$1,19,123,125,at,at,at,[24],lowercase / apostrophe normalization
-dxfTGcXJoc$_$1,20,126,129,the,the,the,[25],lowercase / apostrophe normalization
-dxfTGcXJoc$_$1,21,130,136,annual,annual,annual,[26],lowercase / apostrophe normalization
-dxfTGcXJoc$_$1,22,137,140,BIO,BIO,b,[27],initialism spelled as letters
-dxfTGcXJoc$_$1,23,137,140,BIO,BIO,i,[27],initialism spelled as letters
-dxfTGcXJoc$_$1,24,137,140,BIO,BIO,o,[27],initialism spelled as letters
-dxfTGcXJoc$_$1,25,141,154,International,International,international,[28],lowercase / apostrophe normalization
-dxfTGcXJoc$_$1,26,155,165,Convention,Convention,convention,[29],lowercase / apostrophe normalization
-dxfTGcXJoc$_$1,27,167,172,which,which,which,[31],lowercase / apostrophe normalization
-dxfTGcXJoc$_$1,28,173,174,I,I,i,[32],lowercase / apostrophe normalization
-dxfTGcXJoc$_$1,29,175,178,and,and,and,[33],lowercase / apostrophe normalization
-dxfTGcXJoc$_$1,30,179,184,other,other,other,[34],lowercase / apostrophe normalization
-dxfTGcXJoc$_$1,31,185,190,state,state,state,[35],lowercase / apostrophe normalization
-dxfTGcXJoc$_$1,32,191,200,officials,officials,officials,[36],lowercase / apostrophe normalization
-dxfTGcXJoc$_$1,33,201,209,attended,attended,attended,[37],lowercase / apostrophe normalization
-dxfTGcXJoc$_$1,34,210,214,this,this,this,[38],lowercase / apostrophe normalization
-dxfTGcXJoc$_$1,35,215,219,week,week,week,[39],lowercase / apostrophe normalization
-dxfTGcXJoc$_$1,36,220,222,in,in,in,[40],lowercase / apostrophe normalization
-dxfTGcXJoc$_$1,37,223,230,Chicago,Chicago,chicago,[41],lowercase / apostrophe normalization
-dxfTGcXJoc$_$0,0,0,4,This,This,this,[1],lowercase / apostrophe normalization
-dxfTGcXJoc$_$0,1,5,7,is,is,is,[2],lowercase / apostrophe normalization
-dxfTGcXJoc$_$0,2,8,16,Governor,Governor,governor,[3],lowercase / apostrophe normalization
-dxfTGcXJoc$_$0,3,17,22,Steve,Steve,steve,[4],lowercase / apostrophe normalization
-dxfTGcXJoc$_$0,4,23,30,Beshear,Beshear,beshear,"[5, 6, 7]",lowercase / apostrophe normalization
-dxfTGcXJoc$_$0,5,35,40,About,About,about,[11],lowercase / apostrophe normalization
-dxfTGcXJoc$_$0,6,41,49,Kentucky,Kentucky,kentucky,[12],lowercase / apostrophe normalization
-dxfTGcXJoc$_$0,7,50,53,Our,Our,our,[13],lowercase / apostrophe normalization
-dxfTGcXJoc$_$0,8,54,59,state,state,state,[14],lowercase / apostrophe normalization
-dxfTGcXJoc$_$0,9,60,62,is,is,is,[15],lowercase / apostrophe normalization
-dxfTGcXJoc$_$0,10,63,67,home,home,home,[16],lowercase / apostrophe normalization
-dxfTGcXJoc$_$0,11,68,70,to,to,to,[17],lowercase / apostrophe normalization
-dxfTGcXJoc$_$0,12,71,75,more,more,more,[18],lowercase / apostrophe normalization
-dxfTGcXJoc$_$0,13,76,80,than,than,than,[19],lowercase / apostrophe normalization
-dxfTGcXJoc$_$0,14,81,86,"1,500","1,500",one,"[20, 21, 22]",English number expansion
-dxfTGcXJoc$_$0,15,81,86,"1,500","1,500",thousand,"[20, 21, 22]",English number expansion
-dxfTGcXJoc$_$0,16,81,86,"1,500","1,500",five,"[20, 21, 22]",English number expansion
-dxfTGcXJoc$_$0,17,81,86,"1,500","1,500",hundred,"[20, 21, 22]",English number expansion
-dxfTGcXJoc$_$0,18,87,97,bioscience,bioscience,bioscience,"[23, 24, 25]",lowercase / apostrophe normalization
-dxfTGcXJoc$_$0,19,98,101,and,and,and,[26],lowercase / apostrophe normalization
-dxfTGcXJoc$_$0,20,102,113,lifescience,lifescience,lifescience,"[27, 28, 29]",lowercase / apostrophe normalization
-dxfTGcXJoc$_$0,21,114,123,companies,companies,companies,[30],lowercase / apostrophe normalization
-dxfTGcXJoc$_$0,22,124,127,and,and,and,[31],lowercase / apostrophe normalization
-dxfTGcXJoc$_$0,23,128,132,more,more,more,[32],lowercase / apostrophe normalization
-dxfTGcXJoc$_$0,24,133,137,than,than,than,[33],lowercase / apostrophe normalization
-dxfTGcXJoc$_$0,25,138,145,"100,000","100,000",one,"[34, 35, 36]",English number expansion
-dxfTGcXJoc$_$0,26,138,145,"100,000","100,000",hundred,"[34, 35, 36]",English number expansion
-dxfTGcXJoc$_$0,27,138,145,"100,000","100,000",thousand,"[34, 35, 36]",English number expansion
-dxfTGcXJoc$_$0,28,146,152,people,people,people,[37],lowercase / apostrophe normalization
-dxfTGcXJoc$_$0,29,153,156,who,who,who,[38],lowercase / apostrophe normalization
-dxfTGcXJoc$_$0,30,157,161,work,work,work,[39],lowercase / apostrophe normalization
-dxfTGcXJoc$_$0,31,162,165,for,for,for,[40],lowercase / apostrophe normalization
-dxfTGcXJoc$_$0,32,166,171,these,these,these,[41],lowercase / apostrophe normalization
-dxfTGcXJoc$_$0,33,172,177,firms,firms,firms,[42],lowercase / apostrophe normalization
-dxfTGcXJoc$_$0,34,179,181,in,in,in,[44],lowercase / apostrophe normalization
-dxfTGcXJoc$_$0,35,182,187,areas,areas,areas,[45],lowercase / apostrophe normalization
-dxfTGcXJoc$_$0,36,188,192,from,from,from,[46],lowercase / apostrophe normalization
-dxfTGcXJoc$_$0,37,193,206,nutrigenomics,nutrigenomics,nutrigenomics,"[47, 48, 49, 50]",lowercase / apostrophe normalization
-dxfTGcXJoc$_$0,38,207,210,and,and,and,[51],lowercase / apostrophe normalization
-dxfTGcXJoc$_$0,39,211,226,pharmaceuticals,pharmaceuticals,pharmaceuticals,[52],lowercase / apostrophe normalization
-dxfTGcXJoc$_$0,40,227,229,to,to,to,[53],lowercase / apostrophe normalization
-dxfTGcXJoc$_$0,41,230,244,nanotechnology,nanotechnology,nanotechnology,"[54, 55, 56]",lowercase / apostrophe normalization
-dxfTGcXJoc$_$0,42,245,248,and,and,and,[57],lowercase / apostrophe normalization
-dxfTGcXJoc$_$0,43,249,256,medical,medical,medical,[58],lowercase / apostrophe normalization
-dxfTGcXJoc$_$0,44,257,264,devices,devices,devices,[59],lowercase / apostrophe normalization
-dxfTGcXJoc$_$2,0,0,2,An,An,an,[1],lowercase / apostrophe normalization
-dxfTGcXJoc$_$2,1,3,12,estimated,estimated,estimated,[2],lowercase / apostrophe normalization
-dxfTGcXJoc$_$2,2,13,19,"20,000","20,000",twenty,"[3, 4, 5]",English number expansion
-dxfTGcXJoc$_$2,3,13,19,"20,000","20,000",thousand,"[3, 4, 5]",English number expansion
-dxfTGcXJoc$_$2,4,20,27,biotech,biotech,biotech,"[6, 7]",lowercase / apostrophe normalization
-dxfTGcXJoc$_$2,5,28,38,scientists,scientists,scientists,[8],lowercase / apostrophe normalization
-dxfTGcXJoc$_$2,6,40,50,executives,executives,executives,[10],lowercase / apostrophe normalization
-dxfTGcXJoc$_$2,7,51,54,and,and,and,[11],lowercase / apostrophe normalization
-dxfTGcXJoc$_$2,8,55,63,industry,industry,industry,[12],lowercase / apostrophe normalization
-dxfTGcXJoc$_$2,9,64,71,experts,experts,experts,[13],lowercase / apostrophe normalization
-dxfTGcXJoc$_$2,10,72,76,from,from,from,[14],lowercase / apostrophe normalization
-dxfTGcXJoc$_$2,11,77,81,more,more,more,[15],lowercase / apostrophe normalization
-dxfTGcXJoc$_$2,12,82,86,than,than,than,[16],lowercase / apostrophe normalization
-dxfTGcXJoc$_$2,13,87,89,50,50,fifty,[17],English number expansion
-dxfTGcXJoc$_$2,14,90,97,nations,nations,nations,[18],lowercase / apostrophe normalization
-dxfTGcXJoc$_$2,15,98,102,were,were,were,[19],lowercase / apostrophe normalization
-dxfTGcXJoc$_$2,16,103,105,at,at,at,[20],lowercase / apostrophe normalization
-dxfTGcXJoc$_$2,17,106,109,the,the,the,[21],lowercase / apostrophe normalization
-dxfTGcXJoc$_$2,18,110,113,BIO,BIO,b,[22],initialism spelled as letters
-dxfTGcXJoc$_$2,19,110,113,BIO,BIO,i,[22],initialism spelled as letters
-dxfTGcXJoc$_$2,20,110,113,BIO,BIO,o,[22],initialism spelled as letters
-dxfTGcXJoc$_$2,21,114,124,conference,conference,conference,[23],lowercase / apostrophe normalization
-dxfTGcXJoc$_$2,22,125,127,to,to,to,[24],lowercase / apostrophe normalization
-dxfTGcXJoc$_$2,23,128,133,learn,learn,learn,[25],lowercase / apostrophe normalization
-dxfTGcXJoc$_$2,24,134,139,about,about,about,[26],lowercase / apostrophe normalization
-dxfTGcXJoc$_$2,25,140,143,the,the,the,[27],lowercase / apostrophe normalization
-dxfTGcXJoc$_$2,26,144,150,latest,latest,latest,[28],lowercase / apostrophe normalization
-dxfTGcXJoc$_$2,27,151,161,scientific,scientific,scientific,[29],lowercase / apostrophe normalization
-dxfTGcXJoc$_$2,28,162,170,advances,advances,advances,[30],lowercase / apostrophe normalization
-dxfTGcXJoc$_$2,29,172,175,and,and,and,[32],lowercase / apostrophe normalization
-dxfTGcXJoc$_$2,30,176,178,to,to,to,[33],lowercase / apostrophe normalization
-dxfTGcXJoc$_$2,31,179,187,exchange,exchange,exchange,[34],lowercase / apostrophe normalization
-dxfTGcXJoc$_$2,32,188,193,ideas,ideas,ideas,[35],lowercase / apostrophe normalization
-dxfTGcXJoc$_$2,33,194,197,and,and,and,[36],lowercase / apostrophe normalization
-dxfTGcXJoc$_$2,34,198,207,establish,establish,establish,[37],lowercase / apostrophe normalization
-dxfTGcXJoc$_$2,35,208,216,business,business,business,[38],lowercase / apostrophe normalization
-dxfTGcXJoc$_$2,36,217,230,relationships,relationships,relationships,[39],lowercase / apostrophe normalization
-dxfTGcXJoc$_$6,0,0,10,Kentucky’s,Kentucky's,kentucky's,"[1, 2, 3]",lowercase / apostrophe normalization
-dxfTGcXJoc$_$6,1,11,24,participation,participation,participation,[4],lowercase / apostrophe normalization
-dxfTGcXJoc$_$6,2,25,27,at,at,at,[5],lowercase / apostrophe normalization
-dxfTGcXJoc$_$6,3,28,31,the,the,the,[6],lowercase / apostrophe normalization
-dxfTGcXJoc$_$6,4,32,38,annual,annual,annual,[7],lowercase / apostrophe normalization
-dxfTGcXJoc$_$6,5,39,42,BIO,BIO,b,[8],initialism spelled as letters
-dxfTGcXJoc$_$6,6,39,42,BIO,BIO,i,[8],initialism spelled as letters
-dxfTGcXJoc$_$6,7,39,42,BIO,BIO,o,[8],initialism spelled as letters
-dxfTGcXJoc$_$6,8,43,56,International,International,international,[9],lowercase / apostrophe normalization
-dxfTGcXJoc$_$6,9,57,67,Convention,Convention,convention,[10],lowercase / apostrophe normalization
-dxfTGcXJoc$_$6,10,68,70,is,is,is,[11],lowercase / apostrophe normalization
-dxfTGcXJoc$_$6,11,71,74,the,the,the,[12],lowercase / apostrophe normalization
-dxfTGcXJoc$_$6,12,75,82,primary,primary,primary,[13],lowercase / apostrophe normalization
-dxfTGcXJoc$_$6,13,83,88,means,means,means,[14],lowercase / apostrophe normalization
-dxfTGcXJoc$_$6,14,89,91,by,by,by,[15],lowercase / apostrophe normalization
-dxfTGcXJoc$_$6,15,92,97,which,which,which,[16],lowercase / apostrophe normalization
-dxfTGcXJoc$_$6,16,98,101,our,our,our,[17],lowercase / apostrophe normalization
-dxfTGcXJoc$_$6,17,102,106,high,high,high,[18],lowercase / apostrophe normalization
-dxfTGcXJoc$_$6,18,107,111,tech,tech,tech,[20],lowercase / apostrophe normalization
-dxfTGcXJoc$_$6,19,112,121,companies,companies,companies,[21],lowercase / apostrophe normalization
-dxfTGcXJoc$_$6,20,122,125,and,and,and,[22],lowercase / apostrophe normalization
-dxfTGcXJoc$_$6,21,126,138,institutions,institutions,institutions,[23],lowercase / apostrophe normalization
-dxfTGcXJoc$_$6,22,139,142,can,can,can,[24],lowercase / apostrophe normalization
-dxfTGcXJoc$_$6,23,143,148,reach,reach,reach,[25],lowercase / apostrophe normalization
-dxfTGcXJoc$_$6,24,149,152,out,out,out,[26],lowercase / apostrophe normalization
-dxfTGcXJoc$_$6,25,153,155,to,to,to,[27],lowercase / apostrophe normalization
-dxfTGcXJoc$_$6,26,156,159,the,the,the,[28],lowercase / apostrophe normalization
-dxfTGcXJoc$_$6,27,160,166,global,global,global,[29],lowercase / apostrophe normalization
-dxfTGcXJoc$_$6,28,167,177,scientific,scientific,scientific,[30],lowercase / apostrophe normalization
-dxfTGcXJoc$_$6,29,178,187,community,community,community,[31],lowercase / apostrophe normalization
-egA8-b7-3M$_$26,0,0,5,We're,We're,we're,"[1, 2, 3]",lowercase / apostrophe normalization
-egA8-b7-3M$_$26,1,6,14,updating,updating,updating,"[4, 5]",lowercase / apostrophe normalization
-egA8-b7-3M$_$26,2,15,17,it,it,it,[6],lowercase / apostrophe normalization
-egA8-b7-3M$_$26,3,18,21,all,all,all,[7],lowercase / apostrophe normalization
-egA8-b7-3M$_$26,4,22,25,the,the,the,[8],lowercase / apostrophe normalization
-egA8-b7-3M$_$26,5,26,30,time,time,time,[9],lowercase / apostrophe normalization
-egA8-b7-3M$_$26,6,31,34,and,and,and,[10],lowercase / apostrophe normalization
-egA8-b7-3M$_$26,7,35,42,looking,looking,looking,[11],lowercase / apostrophe normalization
-egA8-b7-3M$_$26,8,43,50,forward,forward,forward,[12],lowercase / apostrophe normalization
-egA8-b7-3M$_$26,9,51,53,to,to,to,[13],lowercase / apostrophe normalization
-egA8-b7-3M$_$26,10,54,58,your,your,your,[14],lowercase / apostrophe normalization
-egA8-b7-3M$_$26,11,59,67,comments,comments,comments,[15],lowercase / apostrophe normalization
-egA8-b7-3M$_$26,12,68,70,on,on,on,[16],lowercase / apostrophe normalization
-egA8-b7-3M$_$26,13,71,74,our,our,our,[17],lowercase / apostrophe normalization
-egA8-b7-3M$_$26,14,75,81,videos,videos,videos,[18],lowercase / apostrophe normalization
-egA8-b7-3M$_$17,0,0,2,As,As,as,[1],lowercase / apostrophe normalization
-egA8-b7-3M$_$17,1,3,6,you,you,you,[2],lowercase / apostrophe normalization
-egA8-b7-3M$_$17,2,7,11,have,have,have,[3],lowercase / apostrophe normalization
-egA8-b7-3M$_$17,3,12,16,more,more,more,[4],lowercase / apostrophe normalization
-egA8-b7-3M$_$17,4,17,27,experience,experience,experience,[5],lowercase / apostrophe normalization
-egA8-b7-3M$_$17,5,29,32,you,you,you,[7],lowercase / apostrophe normalization
-egA8-b7-3M$_$17,6,33,37,have,have,have,[8],lowercase / apostrophe normalization
-egA8-b7-3M$_$17,7,38,42,more,more,more,[9],lowercase / apostrophe normalization
-egA8-b7-3M$_$17,8,43,48,times,times,times,[10],lowercase / apostrophe normalization
-egA8-b7-3M$_$17,9,49,59,exhibiting,exhibiting,exhibiting,[11],lowercase / apostrophe normalization
-egA8-b7-3M$_$17,10,61,64,you,you,you,[13],lowercase / apostrophe normalization
-egA8-b7-3M$_$17,11,65,68,get,get,get,[14],lowercase / apostrophe normalization
-egA8-b7-3M$_$17,12,69,71,to,to,to,[15],lowercase / apostrophe normalization
-egA8-b7-3M$_$17,13,72,76,know,know,know,[16],lowercase / apostrophe normalization
-egA8-b7-3M$_$17,14,77,81,more,more,more,[17],lowercase / apostrophe normalization
-egA8-b7-3M$_$17,15,82,88,people,people,people,[18],lowercase / apostrophe normalization
-egA8-b7-3M$_$18,0,0,2,It,It,it,[1],lowercase / apostrophe normalization
-egA8-b7-3M$_$18,1,3,10,becomes,becomes,becomes,[2],lowercase / apostrophe normalization
-egA8-b7-3M$_$18,2,11,17,easier,easier,easier,[3],lowercase / apostrophe normalization
-egA8-b7-3M$_$18,3,18,20,at,at,at,[4],lowercase / apostrophe normalization
-egA8-b7-3M$_$18,4,21,25,each,each,each,[5],lowercase / apostrophe normalization
-egA8-b7-3M$_$18,5,26,29,one,one,one,[6],lowercase / apostrophe normalization
-egA8-b7-3M$_$18,6,30,32,of,of,of,[7],lowercase / apostrophe normalization
-egA8-b7-3M$_$18,7,33,38,these,these,these,[8],lowercase / apostrophe normalization
-egA8-b7-3M$_$18,8,39,50,conferences,conferences,conferences,[9],lowercase / apostrophe normalization
-egA8-b7-3M$_$18,9,51,53,to,to,to,[10],lowercase / apostrophe normalization
-egA8-b7-3M$_$18,10,54,61,connect,connect,connect,[11],lowercase / apostrophe normalization
-egA8-b7-3M$_$18,11,62,66,with,with,with,[12],lowercase / apostrophe normalization
-egA8-b7-3M$_$18,12,67,73,people,people,people,[13],lowercase / apostrophe normalization
-egA8-b7-3M$_$18,13,74,78,that,that,that,[14],lowercase / apostrophe normalization
-egA8-b7-3M$_$18,14,79,85,you've,you've,you've,"[15, 16, 17]",lowercase / apostrophe normalization
-egA8-b7-3M$_$18,15,86,89,met,met,met,[18],lowercase / apostrophe normalization
-egA8-b7-3M$_$18,16,90,92,or,or,or,[19],lowercase / apostrophe normalization
-egA8-b7-3M$_$18,17,93,97,that,that,that,[20],lowercase / apostrophe normalization
-egA8-b7-3M$_$18,18,98,104,you're,you're,you're,"[21, 22, 23]",lowercase / apostrophe normalization
-egA8-b7-3M$_$18,19,105,110,doing,doing,doing,[24],lowercase / apostrophe normalization
-egA8-b7-3M$_$18,20,111,119,business,business,business,[25],lowercase / apostrophe normalization
-egA8-b7-3M$_$18,21,120,124,with,with,with,[26],lowercase / apostrophe normalization
-egA8-b7-3M$_$16,0,0,5,Third,Third,third,[1],lowercase / apostrophe normalization
-egA8-b7-3M$_$16,1,7,14,another,another,another,[3],lowercase / apostrophe normalization
-egA8-b7-3M$_$16,2,15,18,big,big,big,[4],lowercase / apostrophe normalization
-egA8-b7-3M$_$16,3,19,26,benefit,benefit,benefit,[5],lowercase / apostrophe normalization
-egA8-b7-3M$_$16,4,27,29,of,of,of,[6],lowercase / apostrophe normalization
-egA8-b7-3M$_$16,5,30,40,exhibiting,exhibiting,exhibiting,[7],lowercase / apostrophe normalization
-egA8-b7-3M$_$16,6,41,43,is,is,is,[8],lowercase / apostrophe normalization
-egA8-b7-3M$_$16,7,44,54,connecting,connecting,connecting,[9],lowercase / apostrophe normalization
-egA8-b7-3M$_$16,8,55,59,with,with,with,[10],lowercase / apostrophe normalization
-egA8-b7-3M$_$16,9,60,68,existing,existing,existing,[11],lowercase / apostrophe normalization
-egA8-b7-3M$_$16,10,69,76,clients,clients,clients,[12],lowercase / apostrophe normalization
-egA8-b7-3M$_$13,0,0,4,What,What,what,[1],lowercase / apostrophe normalization
-egA8-b7-3M$_$13,1,5,8,are,are,are,[2],lowercase / apostrophe normalization
-egA8-b7-3M$_$13,2,9,12,you,you,you,[3],lowercase / apostrophe normalization
-egA8-b7-3M$_$13,3,13,18,doing,doing,doing,[4],lowercase / apostrophe normalization
-egA8-b7-3M$_$13,4,19,25,that's,that's,that's,"[5, 6, 7]",lowercase / apostrophe normalization
-egA8-b7-3M$_$13,5,26,35,different,different,different,[8],lowercase / apostrophe normalization
-egA8-b7-3M$_$13,6,38,42,They,They,they,[11],lowercase / apostrophe normalization
-egA8-b7-3M$_$13,7,43,49,always,always,always,[12],lowercase / apostrophe normalization
-egA8-b7-3M$_$13,8,50,54,want,want,want,[13],lowercase / apostrophe normalization
-egA8-b7-3M$_$13,9,55,57,an,an,an,[14],lowercase / apostrophe normalization
-egA8-b7-3M$_$13,10,58,64,answer,answer,answer,[15],lowercase / apostrophe normalization
-egA8-b7-3M$_$1,0,0,1,I,I,i,[1],lowercase / apostrophe normalization
-egA8-b7-3M$_$1,1,2,9,started,started,started,[2],lowercase / apostrophe normalization
-egA8-b7-3M$_$1,2,10,11,a,a,a,[3],lowercase / apostrophe normalization
-egA8-b7-3M$_$1,3,12,22,successful,successful,successful,[4],lowercase / apostrophe normalization
-egA8-b7-3M$_$1,4,23,28,Legal,Legal,legal,[5],lowercase / apostrophe normalization
-egA8-b7-3M$_$1,5,29,34,Nurse,Nurse,nurse,[6],lowercase / apostrophe normalization
-egA8-b7-3M$_$1,6,35,45,Consulting,Consulting,consulting,[7],lowercase / apostrophe normalization
-egA8-b7-3M$_$1,7,46,54,Business,Business,business,[8],lowercase / apostrophe normalization
-egA8-b7-3M$_$1,8,55,57,in,in,in,[9],lowercase / apostrophe normalization
-egA8-b7-3M$_$1,9,58,62,1989,1989,nineteen,[10],English number expansion
-egA8-b7-3M$_$1,10,58,62,1989,1989,eighty,[10],English number expansion
-egA8-b7-3M$_$1,11,58,62,1989,1989,nine,[10],English number expansion
-egA8-b7-3M$_$1,12,64,65,I,I,i,[12],lowercase / apostrophe normalization
-egA8-b7-3M$_$1,13,66,72,mentor,mentor,mentor,[13],lowercase / apostrophe normalization
-egA8-b7-3M$_$1,14,73,79,nurses,nurses,nurses,[14],lowercase / apostrophe normalization
-egA8-b7-3M$_$1,15,80,83,who,who,who,[15],lowercase / apostrophe normalization
-egA8-b7-3M$_$1,16,84,88,want,want,want,[16],lowercase / apostrophe normalization
-egA8-b7-3M$_$1,17,89,91,to,to,to,[17],lowercase / apostrophe normalization
-egA8-b7-3M$_$1,18,92,98,become,become,become,[18],lowercase / apostrophe normalization
-egA8-b7-3M$_$1,19,99,104,Legal,Legal,legal,[19],lowercase / apostrophe normalization
-egA8-b7-3M$_$1,20,105,110,Nurse,Nurse,nurse,[20],lowercase / apostrophe normalization
-egA8-b7-3M$_$1,21,111,122,Consultants,Consultants,consultants,[21],lowercase / apostrophe normalization
-egA8-b7-3M$_$6,0,0,5,First,First,first,[1],lowercase / apostrophe normalization
-egA8-b7-3M$_$6,1,6,16,exhibiting,exhibiting,exhibiting,[2],lowercase / apostrophe normalization
-egA8-b7-3M$_$6,2,17,19,is,is,is,[3],lowercase / apostrophe normalization
-egA8-b7-3M$_$6,3,20,21,a,a,a,[4],lowercase / apostrophe normalization
-egA8-b7-3M$_$6,4,22,31,wonderful,wonderful,wonderful,[5],lowercase / apostrophe normalization
-egA8-b7-3M$_$6,5,32,43,opportunity,opportunity,opportunity,[6],lowercase / apostrophe normalization
-egA8-b7-3M$_$6,6,44,46,to,to,to,[7],lowercase / apostrophe normalization
-egA8-b7-3M$_$6,7,47,54,network,network,network,[8],lowercase / apostrophe normalization
-egA8-b7-3M$_$6,8,55,59,with,with,with,[9],lowercase / apostrophe normalization
-egA8-b7-3M$_$6,9,60,65,other,other,other,[10],lowercase / apostrophe normalization
-egA8-b7-3M$_$6,10,66,71,legal,legal,legal,[11],lowercase / apostrophe normalization
-egA8-b7-3M$_$6,11,72,79,vendors,vendors,vendors,[12],lowercase / apostrophe normalization
-egA8-b7-3M$_$9,0,0,8,Secondly,Secondly,secondly,[1],lowercase / apostrophe normalization
-egA8-b7-3M$_$9,1,10,17,another,another,another,[3],lowercase / apostrophe normalization
-egA8-b7-3M$_$9,2,18,22,goal,goal,goal,[4],lowercase / apostrophe normalization
-egA8-b7-3M$_$9,3,23,25,of,of,of,[5],lowercase / apostrophe normalization
-egA8-b7-3M$_$9,4,26,36,exhibiting,exhibiting,exhibiting,[6],lowercase / apostrophe normalization
-egA8-b7-3M$_$9,5,38,40,is,is,is,[7],lowercase / apostrophe normalization
-egA8-b7-3M$_$9,6,41,49,building,building,building,[8],lowercase / apostrophe normalization
-egA8-b7-3M$_$9,7,50,54,your,your,your,[9],lowercase / apostrophe normalization
-egA8-b7-3M$_$9,8,55,62,company,company,company,[10],lowercase / apostrophe normalization
-egA8-b7-3M$_$9,9,63,68,image,image,image,[11],lowercase / apostrophe normalization
-egA8-b7-3M$_$20,0,0,3,Now,Now,now,[1],lowercase / apostrophe normalization
-egA8-b7-3M$_$20,1,4,10,you've,you've,you've,"[2, 3, 4]",lowercase / apostrophe normalization
-egA8-b7-3M$_$20,2,11,14,got,got,got,[5],lowercase / apostrophe normalization
-egA8-b7-3M$_$20,3,15,16,a,a,a,[6],lowercase / apostrophe normalization
-egA8-b7-3M$_$20,4,17,21,face,face,face,[7],lowercase / apostrophe normalization
-egA8-b7-3M$_$20,5,22,26,that,that,that,[8],lowercase / apostrophe normalization
-egA8-b7-3M$_$20,6,27,30,you,you,you,[9],lowercase / apostrophe normalization
-egA8-b7-3M$_$20,7,31,34,can,can,can,[10],lowercase / apostrophe normalization
-egA8-b7-3M$_$20,8,35,42,connect,connect,connect,[11],lowercase / apostrophe normalization
-egA8-b7-3M$_$20,9,43,47,with,with,with,[12],lowercase / apostrophe normalization
-egA8-b7-3M$_$20,10,48,49,a,a,a,[13],lowercase / apostrophe normalization
-egA8-b7-3M$_$20,11,50,55,voice,voice,voice,[14],lowercase / apostrophe normalization
-egA8-b7-3M$_$20,12,57,60,and,and,and,[16],lowercase / apostrophe normalization
-egA8-b7-3M$_$20,13,61,65,that,that,that,[17],lowercase / apostrophe normalization
-egA8-b7-3M$_$20,14,66,71,makes,makes,makes,[18],lowercase / apostrophe normalization
-egA8-b7-3M$_$20,15,72,75,you,you,you,[19],lowercase / apostrophe normalization
-egA8-b7-3M$_$20,16,76,82,closer,closer,closer,[20],lowercase / apostrophe normalization
-egA8-b7-3M$_$20,17,83,85,to,to,to,[21],lowercase / apostrophe normalization
-egA8-b7-3M$_$20,18,86,90,that,that,that,[22],lowercase / apostrophe normalization
-egA8-b7-3M$_$20,19,91,97,client,client,client,[23],lowercase / apostrophe normalization
-iRBcNs9oI8$_$3,0,0,4,Well,Well,well,[1],lowercase / apostrophe normalization
-iRBcNs9oI8$_$3,1,6,8,it,it,it,[3],lowercase / apostrophe normalization
-iRBcNs9oI8$_$3,2,9,11,is,is,is,[4],lowercase / apostrophe normalization
-iRBcNs9oI8$_$3,3,12,15,the,the,the,[5],lowercase / apostrophe normalization
-iRBcNs9oI8$_$3,4,16,22,secret,secret,secret,[6],lowercase / apostrophe normalization
-iRBcNs9oI8$_$3,5,23,25,of,of,of,[7],lowercase / apostrophe normalization
-iRBcNs9oI8$_$3,6,26,31,power,power,power,[8],lowercase / apostrophe normalization
-iRBcNs9oI8$_$3,7,32,36,pose,pose,pose,[9],lowercase / apostrophe normalization
-iRBcNs9oI8$_$7,0,0,4,Well,Well,well,[1],lowercase / apostrophe normalization
-iRBcNs9oI8$_$7,1,6,9,for,for,for,[3],lowercase / apostrophe normalization
-iRBcNs9oI8$_$7,2,10,18,starters,starters,starters,[4],lowercase / apostrophe normalization
-iRBcNs9oI8$_$7,3,20,25,let's,let's,let's,"[6, 7, 8]",lowercase / apostrophe normalization
-iRBcNs9oI8$_$7,4,26,30,look,look,look,[9],lowercase / apostrophe normalization
-iRBcNs9oI8$_$7,5,31,33,at,at,at,[10],lowercase / apostrophe normalization
-iRBcNs9oI8$_$7,6,34,37,the,the,the,[11],lowercase / apostrophe normalization
-iRBcNs9oI8$_$7,7,38,42,word,word,word,[12],lowercase / apostrophe normalization
-iRBcNs9oI8$_$7,8,44,49,power,power,power,[14],lowercase / apostrophe normalization
-iRBcNs9oI8$_$6,0,0,4,What,What,what,[1],lowercase / apostrophe normalization
-iRBcNs9oI8$_$6,1,5,7,is,is,is,[2],lowercase / apostrophe normalization
-iRBcNs9oI8$_$6,2,8,9,a,a,a,[3],lowercase / apostrophe normalization
-iRBcNs9oI8$_$6,3,10,15,power,power,power,[4],lowercase / apostrophe normalization
-iRBcNs9oI8$_$6,4,16,20,pose,pose,pose,[5],lowercase / apostrophe normalization
-iRBcNs9oI8$_$9,0,0,5,Power,Power,power,[1],lowercase / apostrophe normalization
-iRBcNs9oI8$_$9,1,6,8,is,is,is,[2],lowercase / apostrophe normalization
-iRBcNs9oI8$_$9,2,9,16,similar,similar,similar,[3],lowercase / apostrophe normalization
-iRBcNs9oI8$_$9,3,17,19,to,to,to,[4],lowercase / apostrophe normalization
-iRBcNs9oI8$_$9,4,20,28,strength,strength,strength,[5],lowercase / apostrophe normalization
-iRBcNs9oI8$_$8,0,0,4,I've,I've,i've,"[1, 2, 3]",lowercase / apostrophe normalization
-iRBcNs9oI8$_$8,1,5,10,drawn,drawn,drawn,[4],lowercase / apostrophe normalization
-iRBcNs9oI8$_$8,2,11,15,this,this,this,[5],lowercase / apostrophe normalization
-iRBcNs9oI8$_$8,3,16,19,man,man,man,[6],lowercase / apostrophe normalization
-iRBcNs9oI8$_$8,4,20,24,here,here,here,[7],lowercase / apostrophe normalization
-iRBcNs9oI8$_$8,5,26,29,and,and,and,[9],lowercase / apostrophe normalization
-iRBcNs9oI8$_$8,6,30,32,if,if,if,[10],lowercase / apostrophe normalization
-iRBcNs9oI8$_$8,7,33,36,you,you,you,[11],lowercase / apostrophe normalization
-iRBcNs9oI8$_$8,8,37,40,can,can,can,[12],lowercase / apostrophe normalization
-iRBcNs9oI8$_$8,9,41,45,tell,tell,tell,[13],lowercase / apostrophe normalization
-iRBcNs9oI8$_$8,10,47,49,he,he,he,[15],lowercase / apostrophe normalization
-iRBcNs9oI8$_$8,11,50,53,has,has,has,[16],lowercase / apostrophe normalization
-iRBcNs9oI8$_$8,12,54,55,a,a,a,[17],lowercase / apostrophe normalization
-iRBcNs9oI8$_$8,13,56,59,lot,lot,lot,[18],lowercase / apostrophe normalization
-iRBcNs9oI8$_$8,14,60,62,of,of,of,[19],lowercase / apostrophe normalization
-iRBcNs9oI8$_$8,15,63,66,big,big,big,[20],lowercase / apostrophe normalization
-iRBcNs9oI8$_$8,16,67,74,muscles,muscles,muscles,[21],lowercase / apostrophe normalization
-iRBcNs9oI8$_$8,17,76,78,he,he,he,[23],lowercase / apostrophe normalization
-iRBcNs9oI8$_$8,18,79,84,looks,looks,looks,[24],lowercase / apostrophe normalization
-iRBcNs9oI8$_$8,19,85,89,very,very,very,[25],lowercase / apostrophe normalization
-iRBcNs9oI8$_$8,20,90,96,strong,strong,strong,[26],lowercase / apostrophe normalization
-lzEya4AM_4$_$5,0,0,2,If,If,if,[1],lowercase / apostrophe normalization
-lzEya4AM_4$_$5,1,3,5,it,it,it,[2],lowercase / apostrophe normalization
-lzEya4AM_4$_$5,2,6,11,falls,falls,falls,[3],lowercase / apostrophe normalization
-lzEya4AM_4$_$5,3,12,16,into,into,into,[4],lowercase / apostrophe normalization
-lzEya4AM_4$_$5,4,17,19,oh,oh,oh,[5],lowercase / apostrophe normalization
-lzEya4AM_4$_$5,5,20,23,any,any,any,[6],lowercase / apostrophe normalization
-lzEya4AM_4$_$5,6,24,26,of,of,of,[7],lowercase / apostrophe normalization
-lzEya4AM_4$_$5,7,27,32,those,those,those,[8],lowercase / apostrophe normalization
-lzEya4AM_4$_$5,8,33,38,three,three,three,[9],lowercase / apostrophe normalization
-lzEya4AM_4$_$5,9,39,49,categories,categories,categories,[10],lowercase / apostrophe normalization
-lzEya4AM_4$_$5,10,51,59,inducing,inducing,inducing,[12],lowercase / apostrophe normalization
-lzEya4AM_4$_$5,11,60,66,nausea,nausea,nausea,[13],lowercase / apostrophe normalization
-lzEya4AM_4$_$5,12,67,70,and,and,and,[14],lowercase / apostrophe normalization
-lzEya4AM_4$_$5,13,71,79,vomiting,vomiting,vomiting,[15],lowercase / apostrophe normalization
-lzEya4AM_4$_$5,14,80,85,would,would,would,[16],lowercase / apostrophe normalization
-lzEya4AM_4$_$5,15,86,88,be,be,be,[17],lowercase / apostrophe normalization
-lzEya4AM_4$_$5,16,89,93,your,your,your,[18],lowercase / apostrophe normalization
-lzEya4AM_4$_$5,17,94,98,next,next,next,[19],lowercase / apostrophe normalization
-lzEya4AM_4$_$5,18,99,103,step,step,step,[20],lowercase / apostrophe normalization
-lzEya4AM_4$_$6,0,0,2,If,If,if,[1],lowercase / apostrophe normalization
-lzEya4AM_4$_$6,1,3,6,the,the,the,[2],lowercase / apostrophe normalization
-lzEya4AM_4$_$6,2,7,14,product,product,product,[3],lowercase / apostrophe normalization
-lzEya4AM_4$_$6,3,15,17,or,or,or,[4],lowercase / apostrophe normalization
-lzEya4AM_4$_$6,4,18,24,poison,poison,poison,[5],lowercase / apostrophe normalization
-lzEya4AM_4$_$6,5,25,27,is,is,is,[6],lowercase / apostrophe normalization
-lzEya4AM_4$_$6,6,28,32,some,some,some,[7],lowercase / apostrophe normalization
-lzEya4AM_4$_$6,7,33,37,type,type,type,[8],lowercase / apostrophe normalization
-lzEya4AM_4$_$6,8,38,40,of,of,of,[9],lowercase / apostrophe normalization
-lzEya4AM_4$_$6,9,41,50,petroleum,petroleum,petroleum,[10],lowercase / apostrophe normalization
-lzEya4AM_4$_$6,10,51,58,product,product,product,[11],lowercase / apostrophe normalization
-lzEya4AM_4$_$6,11,59,61,or,or,or,[12],lowercase / apostrophe normalization
-lzEya4AM_4$_$6,12,62,71,corrosive,corrosive,corrosive,"[13, 14, 15]",lowercase / apostrophe normalization
-lzEya4AM_4$_$6,13,72,79,product,product,product,[16],lowercase / apostrophe normalization
-lzEya4AM_4$_$6,14,81,84,you,you,you,[18],lowercase / apostrophe normalization
-lzEya4AM_4$_$6,15,85,90,would,would,would,[19],lowercase / apostrophe normalization
-lzEya4AM_4$_$6,16,91,94,not,not,not,[20],lowercase / apostrophe normalization
-lzEya4AM_4$_$6,17,95,102,attempt,attempt,attempt,[21],lowercase / apostrophe normalization
-lzEya4AM_4$_$6,18,103,105,to,to,to,[22],lowercase / apostrophe normalization
-lzEya4AM_4$_$6,19,106,112,induce,induce,induce,[23],lowercase / apostrophe normalization
-lzEya4AM_4$_$6,20,113,121,vomiting,vomiting,vomiting,[24],lowercase / apostrophe normalization
-lzEya4AM_4$_$6,21,122,125,and,and,and,[25],lowercase / apostrophe normalization
-lzEya4AM_4$_$6,22,126,132,nausea,nausea,nausea,[26],lowercase / apostrophe normalization
-lzEya4AM_4$_$6,23,134,136,as,as,as,[28],lowercase / apostrophe normalization
-lzEya4AM_4$_$6,24,137,139,as,as,as,[29],lowercase / apostrophe normalization
-lzEya4AM_4$_$6,25,140,143,the,the,the,[30],lowercase / apostrophe normalization
-lzEya4AM_4$_$6,26,144,151,product,product,product,[31],lowercase / apostrophe normalization
-lzEya4AM_4$_$6,27,152,158,burned,burned,burned,[32],lowercase / apostrophe normalization
-lzEya4AM_4$_$6,28,159,161,on,on,on,[33],lowercase / apostrophe normalization
-lzEya4AM_4$_$6,29,162,165,the,the,the,[34],lowercase / apostrophe normalization
-lzEya4AM_4$_$6,30,166,169,way,way,way,[35],lowercase / apostrophe normalization
-lzEya4AM_4$_$6,31,170,174,down,down,down,[36],lowercase / apostrophe normalization
-lzEya4AM_4$_$6,32,175,177,it,it,it,[37],lowercase / apostrophe normalization
-lzEya4AM_4$_$6,33,178,183,could,could,could,[38],lowercase / apostrophe normalization
-lzEya4AM_4$_$6,34,184,189,cause,cause,cause,[39],lowercase / apostrophe normalization
-lzEya4AM_4$_$6,35,190,196,damage,damage,damage,[40],lowercase / apostrophe normalization
-lzEya4AM_4$_$6,36,197,200,and,and,and,[41],lowercase / apostrophe normalization
-lzEya4AM_4$_$6,37,201,208,burning,burning,burning,[42],lowercase / apostrophe normalization
-lzEya4AM_4$_$6,38,209,211,on,on,on,[43],lowercase / apostrophe normalization
-lzEya4AM_4$_$6,39,212,215,the,the,the,[44],lowercase / apostrophe normalization
-lzEya4AM_4$_$6,40,216,219,way,way,way,[45],lowercase / apostrophe normalization
-lzEya4AM_4$_$6,41,220,224,back,back,back,[46],lowercase / apostrophe normalization
-lzEya4AM_4$_$6,42,225,227,up,up,up,[47],lowercase / apostrophe normalization
-mJ2ud6oKI8$_$1,0,0,5,There,There,there,[1],lowercase / apostrophe normalization
-mJ2ud6oKI8$_$1,1,6,9,are,are,are,[2],lowercase / apostrophe normalization
-mJ2ud6oKI8$_$1,2,10,11,a,a,a,[3],lowercase / apostrophe normalization
-mJ2ud6oKI8$_$1,3,12,17,dozen,dozen,dozen,[4],lowercase / apostrophe normalization
-mJ2ud6oKI8$_$1,4,18,20,or,or,or,[5],lowercase / apostrophe normalization
-mJ2ud6oKI8$_$1,5,21,25,more,more,more,[6],lowercase / apostrophe normalization
-mJ2ud6oKI8$_$1,6,26,31,hands,hands,hands,[7],lowercase / apostrophe normalization
-mJ2ud6oKI8$_$1,7,32,34,on,on,on,[8],lowercase / apostrophe normalization
-mJ2ud6oKI8$_$1,8,35,45,techniques,techniques,techniques,[9],lowercase / apostrophe normalization
-mJ2ud6oKI8$_$1,9,46,50,that,that,that,[10],lowercase / apostrophe normalization
-mJ2ud6oKI8$_$1,10,51,53,we,we,we,[11],lowercase / apostrophe normalization
-mJ2ud6oKI8$_$1,11,54,57,can,can,can,[12],lowercase / apostrophe normalization
-mJ2ud6oKI8$_$1,12,58,60,do,do,do,[13],lowercase / apostrophe normalization
-mJ2ud6oKI8$_$2,0,0,2,So,So,so,[1],lowercase / apostrophe normalization
-mJ2ud6oKI8$_$2,1,3,11,physical,physical,physical,[2],lowercase / apostrophe normalization
-mJ2ud6oKI8$_$2,2,12,22,therapists,therapists,therapists,"[3, 4]",lowercase / apostrophe normalization
-mJ2ud6oKI8$_$2,3,23,26,and,and,and,[5],lowercase / apostrophe normalization
-mJ2ud6oKI8$_$2,4,27,40,chiropractors,chiropractors,chiropractors,"[6, 7, 8, 9]",lowercase / apostrophe normalization
-mJ2ud6oKI8$_$2,5,41,45,will,will,will,[10],lowercase / apostrophe normalization
-mJ2ud6oKI8$_$2,6,46,48,do,do,do,[11],lowercase / apostrophe normalization
-mJ2ud6oKI8$_$2,7,49,54,joint,joint,joint,[12],lowercase / apostrophe normalization
-mJ2ud6oKI8$_$2,8,55,68,manipulations,manipulations,manipulations,"[13, 14]",lowercase / apostrophe normalization
-mJ2ud6oKI8$_$2,9,69,72,and,and,and,[15],lowercase / apostrophe normalization
-mJ2ud6oKI8$_$2,10,73,86,mobilizations,mobilizations,mobilizations,"[16, 17]",lowercase / apostrophe normalization
-mJ2ud6oKI8$_$6,0,0,4,They,They,they,[1],lowercase / apostrophe normalization
-mJ2ud6oKI8$_$6,1,5,8,are,are,are,[2],lowercase / apostrophe normalization
-mJ2ud6oKI8$_$6,2,9,12,all,all,all,[3],lowercase / apostrophe normalization
-mJ2ud6oKI8$_$6,3,13,17,very,very,very,[4],lowercase / apostrophe normalization
-mJ2ud6oKI8$_$6,4,18,22,safe,safe,safe,[5],lowercase / apostrophe normalization
-mJ2ud6oKI8$_$9,0,0,4,It's,It's,it's,"[1, 2, 3]",lowercase / apostrophe normalization
-mJ2ud6oKI8$_$9,1,5,9,safe,safe,safe,[4],lowercase / apostrophe normalization
-mJ2ud6oKI8$_$9,2,10,13,and,and,and,[5],lowercase / apostrophe normalization
-mJ2ud6oKI8$_$9,3,14,17,the,the,the,[6],lowercase / apostrophe normalization
-mJ2ud6oKI8$_$9,4,18,24,person,person,person,[7],lowercase / apostrophe normalization
-mJ2ud6oKI8$_$9,5,25,29,will,will,will,[8],lowercase / apostrophe normalization
-mJ2ud6oKI8$_$9,6,30,34,feel,feel,feel,[9],lowercase / apostrophe normalization
-mJ2ud6oKI8$_$9,7,35,41,better,better,better,[10],lowercase / apostrophe normalization
-mJ2ud6oKI8$_$9,8,42,47,later,later,later,[11],lowercase / apostrophe normalization
-mJ2ud6oKI8$_$9,9,48,50,on,on,on,[12],lowercase / apostrophe normalization
-mJ2ud6oKI8$_$9,10,52,55,but,but,but,[14],lowercase / apostrophe normalization
-mJ2ud6oKI8$_$9,11,56,60,it's,it's,it's,"[15, 16, 17]",lowercase / apostrophe normalization
-mJ2ud6oKI8$_$9,12,61,65,sort,sort,sort,[18],lowercase / apostrophe normalization
-mJ2ud6oKI8$_$9,13,66,68,of,of,of,[19],lowercase / apostrophe normalization
-mJ2ud6oKI8$_$9,14,69,73,like,like,like,[20],lowercase / apostrophe normalization
-mJ2ud6oKI8$_$9,15,74,82,flossing,flossing,flossing,"[21, 22, 23]",lowercase / apostrophe normalization
-mJ2ud6oKI8$_$9,16,83,87,your,your,your,[24],lowercase / apostrophe normalization
-mJ2ud6oKI8$_$9,17,88,93,teeth,teeth,teeth,[25],lowercase / apostrophe normalization
-mJ2ud6oKI8$_$9,18,94,97,for,for,for,[26],lowercase / apostrophe normalization
-mJ2ud6oKI8$_$9,19,98,101,the,the,the,[27],lowercase / apostrophe normalization
-mJ2ud6oKI8$_$9,20,102,107,first,first,first,[28],lowercase / apostrophe normalization
-mJ2ud6oKI8$_$9,21,108,112,time,time,time,[29],lowercase / apostrophe normalization
-mJ2ud6oKI8$_$8,0,0,9,Sometimes,Sometimes,sometimes,[1],lowercase / apostrophe normalization
-mJ2ud6oKI8$_$8,1,10,12,we,we,we,[2],lowercase / apostrophe normalization
-mJ2ud6oKI8$_$8,2,13,17,have,have,have,[3],lowercase / apostrophe normalization
-mJ2ud6oKI8$_$8,3,18,20,to,to,to,[4],lowercase / apostrophe normalization
-mJ2ud6oKI8$_$8,4,21,28,stretch,stretch,stretch,[5],lowercase / apostrophe normalization
-mJ2ud6oKI8$_$8,5,29,33,that,that,that,[6],lowercase / apostrophe normalization
-mJ2ud6oKI8$_$8,6,34,39,joint,joint,joint,[7],lowercase / apostrophe normalization
-mJ2ud6oKI8$_$8,7,40,44,that,that,that,[8],lowercase / apostrophe normalization
-mJ2ud6oKI8$_$8,8,45,47,is,is,is,[9],lowercase / apostrophe normalization
-mJ2ud6oKI8$_$8,9,48,55,already,already,already,[10],lowercase / apostrophe normalization
-mJ2ud6oKI8$_$8,10,56,65,irritated,irritated,irritated,[11],lowercase / apostrophe normalization
-mqbVkbCndg$_$0,0,0,3,How,How,how,[1],lowercase / apostrophe normalization
-mqbVkbCndg$_$0,1,5,7,at,at,at,[3],lowercase / apostrophe normalization
-mqbVkbCndg$_$0,2,8,9,a,a,a,[4],lowercase / apostrophe normalization
-mqbVkbCndg$_$0,3,10,20,particular,particular,particular,[5],lowercase / apostrophe normalization
-mqbVkbCndg$_$0,4,21,27,moment,moment,moment,[6],lowercase / apostrophe normalization
-mqbVkbCndg$_$0,5,28,30,in,in,in,[7],lowercase / apostrophe normalization
-mqbVkbCndg$_$0,6,31,35,time,time,time,[8],lowercase / apostrophe normalization
-mqbVkbCndg$_$0,7,36,39,our,our,our,[10],lowercase / apostrophe normalization
-mqbVkbCndg$_$0,8,40,46,moment,moment,moment,[11],lowercase / apostrophe normalization
-mqbVkbCndg$_$0,9,47,49,in,in,in,[12],lowercase / apostrophe normalization
-mqbVkbCndg$_$0,10,50,54,time,time,time,[13],lowercase / apostrophe normalization
-mqbVkbCndg$_$0,11,55,58,are,are,are,[15],lowercase / apostrophe normalization
-mqbVkbCndg$_$0,12,59,63,they,they,they,[16],lowercase / apostrophe normalization
-mqbVkbCndg$_$0,13,64,71,limited,limited,limited,[17],lowercase / apostrophe normalization
-t217m2on-s$_$2,0,0,3,But,But,but,[1],lowercase / apostrophe normalization
-t217m2on-s$_$2,1,4,5,a,a,a,[2],lowercase / apostrophe normalization
-t217m2on-s$_$2,2,6,10,good,good,good,[3],lowercase / apostrophe normalization
-t217m2on-s$_$2,3,11,16,thing,thing,thing,[4],lowercase / apostrophe normalization
-t217m2on-s$_$2,4,17,19,to,to,to,[5],lowercase / apostrophe normalization
-t217m2on-s$_$2,5,20,22,do,do,do,[6],lowercase / apostrophe normalization
-t217m2on-s$_$2,6,23,25,is,is,is,[7],lowercase / apostrophe normalization
-t217m2on-s$_$2,7,26,33,yawning,yawning,yawning,"[8, 9, 10]",lowercase / apostrophe normalization
-t217m2on-s$_$2,8,35,42,chewing,chewing,chewing,[12],lowercase / apostrophe normalization
-t217m2on-s$_$2,9,43,46,gum,gum,gum,[13],lowercase / apostrophe normalization
-t217m2on-s$_$2,10,47,49,is,is,is,[14],lowercase / apostrophe normalization
-t217m2on-s$_$2,11,50,59,effective,effective,effective,[15],lowercase / apostrophe normalization
-t217m2on-s$_$7,0,0,2,If,If,if,[1],lowercase / apostrophe normalization
-t217m2on-s$_$7,1,3,6,you,you,you,[2],lowercase / apostrophe normalization
-t217m2on-s$_$7,2,7,11,find,find,find,[3],lowercase / apostrophe normalization
-t217m2on-s$_$7,3,12,16,that,that,that,[4],lowercase / apostrophe normalization
-t217m2on-s$_$7,4,17,21,your,your,your,[5],lowercase / apostrophe normalization
-t217m2on-s$_$7,5,22,26,ears,ears,ears,[6],lowercase / apostrophe normalization
-t217m2on-s$_$7,6,27,39,consistently,consistently,consistently,[7],lowercase / apostrophe normalization
-t217m2on-s$_$7,7,40,42,do,do,do,[8],lowercase / apostrophe normalization
-t217m2on-s$_$7,8,43,47,this,this,this,[9],lowercase / apostrophe normalization
-t217m2on-s$_$7,9,48,51,and,and,and,[10],lowercase / apostrophe normalization
-t217m2on-s$_$7,10,52,55,you,you,you,[11],lowercase / apostrophe normalization
-t217m2on-s$_$7,11,56,61,can't,can't,can't,"[12, 13, 14]",lowercase / apostrophe normalization
-t217m2on-s$_$7,12,62,65,pop,pop,pop,[15],lowercase / apostrophe normalization
-t217m2on-s$_$7,13,66,70,them,them,them,[16],lowercase / apostrophe normalization
-t217m2on-s$_$7,14,71,76,often,often,often,[17],lowercase / apostrophe normalization
-t217m2on-s$_$7,15,78,84,you'll,you'll,you'll,"[19, 20, 21]",lowercase / apostrophe normalization
-t217m2on-s$_$7,16,85,95,definitely,definitely,definitely,[22],lowercase / apostrophe normalization
-t217m2on-s$_$7,17,96,100,need,need,need,[23],lowercase / apostrophe normalization
-t217m2on-s$_$7,18,101,103,to,to,to,[24],lowercase / apostrophe normalization
-t217m2on-s$_$7,19,104,107,see,see,see,[25],lowercase / apostrophe normalization
-t217m2on-s$_$7,20,108,109,a,a,a,[26],lowercase / apostrophe normalization
-t217m2on-s$_$7,21,110,119,physician,physician,physician,[27],lowercase / apostrophe normalization
-t217m2on-s$_$7,22,120,129,regarding,regarding,regarding,[28],lowercase / apostrophe normalization
-t217m2on-s$_$7,23,130,135,those,those,those,[29],lowercase / apostrophe normalization
-t217m2on-s$_$7,24,136,142,things,things,things,[30],lowercase / apostrophe normalization
-t217m2on-s$_$7,25,144,146,it,it,it,[32],lowercase / apostrophe normalization
-t217m2on-s$_$7,26,147,152,could,could,could,[33],lowercase / apostrophe normalization
-t217m2on-s$_$7,27,153,155,be,be,be,[34],lowercase / apostrophe normalization
-t217m2on-s$_$7,28,156,165,something,something,something,[35],lowercase / apostrophe normalization
-t217m2on-s$_$7,29,166,170,more,more,more,[36],lowercase / apostrophe normalization
-t217m2on-s$_$7,30,171,173,of,of,of,[37],lowercase / apostrophe normalization
-t217m2on-s$_$7,31,174,175,a,a,a,[38],lowercase / apostrophe normalization
-t217m2on-s$_$7,32,176,181,nasal,nasal,nasal,[39],lowercase / apostrophe normalization
-t217m2on-s$_$7,33,182,191,infection,infection,infection,[40],lowercase / apostrophe normalization
-t217m2on-s$_$7,34,192,194,or,or,or,[41],lowercase / apostrophe normalization
-t217m2on-s$_$7,35,195,196,a,a,a,[42],lowercase / apostrophe normalization
-t217m2on-s$_$7,36,197,202,sinus,sinus,sinus,"[43, 44]",lowercase / apostrophe normalization
-t217m2on-s$_$7,37,203,212,infection,infection,infection,[45],lowercase / apostrophe normalization
-t217m2on-s$_$7,38,213,217,that,that,that,[46],lowercase / apostrophe normalization
-t217m2on-s$_$7,39,218,220,he,he,he,[47],lowercase / apostrophe normalization
-t217m2on-s$_$7,40,221,226,would,would,would,[48],lowercase / apostrophe normalization
-t217m2on-s$_$7,41,227,231,need,need,need,[49],lowercase / apostrophe normalization
-t217m2on-s$_$7,42,232,234,to,to,to,[50],lowercase / apostrophe normalization
-t217m2on-s$_$7,43,235,239,deal,deal,deal,[51],lowercase / apostrophe normalization
-t217m2on-s$_$7,44,240,244,with,with,with,[52],lowercase / apostrophe normalization
-tANM6ETl_M$_$3,0,0,3,The,The,the,[1],lowercase / apostrophe normalization
-tANM6ETl_M$_$3,1,4,9,first,first,first,[2],lowercase / apostrophe normalization
-tANM6ETl_M$_$3,2,10,15,place,place,place,[3],lowercase / apostrophe normalization
-tANM6ETl_M$_$3,3,16,18,is,is,is,[4],lowercase / apostrophe normalization
-tANM6ETl_M$_$3,4,19,25,either,either,either,[5],lowercase / apostrophe normalization
-tANM6ETl_M$_$3,5,26,29,you,you,you,[6],lowercase / apostrophe normalization
-tANM6ETl_M$_$3,6,30,34,have,have,have,[7],lowercase / apostrophe normalization
-tANM6ETl_M$_$3,7,35,36,a,a,a,[8],lowercase / apostrophe normalization
-tANM6ETl_M$_$3,8,37,45,prospect,prospect,prospect,[9],lowercase / apostrophe normalization
-tANM6ETl_M$_$3,9,47,49,or,or,or,[11],lowercase / apostrophe normalization
-tANM6ETl_M$_$3,10,50,51,a,a,a,[12],lowercase / apostrophe normalization
-tANM6ETl_M$_$3,11,52,60,customer,customer,customer,[13],lowercase / apostrophe normalization
-tANM6ETl_M$_$3,12,61,66,who's,who's,who's,"[14, 15, 16]",lowercase / apostrophe normalization
-tANM6ETl_M$_$3,13,67,72,never,never,never,[17],lowercase / apostrophe normalization
-tANM6ETl_M$_$3,14,73,77,done,done,done,[18],lowercase / apostrophe normalization
-tANM6ETl_M$_$3,15,78,80,it,it,it,[19],lowercase / apostrophe normalization
-tANM6ETl_M$_$3,16,81,87,before,before,before,[20],lowercase / apostrophe normalization
-tANM6ETl_M$_$3,17,89,91,or,or,or,[22],lowercase / apostrophe normalization
-tANM6ETl_M$_$3,18,92,99,they've,they've,they've,"[23, 24, 25]",lowercase / apostrophe normalization
-tANM6ETl_M$_$3,19,100,105,never,never,never,[26],lowercase / apostrophe normalization
-tANM6ETl_M$_$3,20,106,111,tried,tried,tried,[27],lowercase / apostrophe normalization
-tANM6ETl_M$_$3,21,112,114,it,it,it,[28],lowercase / apostrophe normalization
-tPCytz4rww$_$11,0,0,4,Make,Make,make,[1],lowercase / apostrophe normalization
-tPCytz4rww$_$11,1,5,9,sure,sure,sure,[2],lowercase / apostrophe normalization
-tPCytz4rww$_$11,2,10,14,that,that,that,[3],lowercase / apostrophe normalization
-tPCytz4rww$_$11,3,15,19,your,your,your,[4],lowercase / apostrophe normalization
-tPCytz4rww$_$11,4,20,25,using,using,using,[5],lowercase / apostrophe normalization
-tPCytz4rww$_$11,5,26,31,comps,comps,comps,"[6, 7]",lowercase / apostrophe normalization
-tPCytz4rww$_$11,6,32,36,that,that,that,[8],lowercase / apostrophe normalization
-tPCytz4rww$_$11,7,37,40,are,are,are,[9],lowercase / apostrophe normalization
-tPCytz4rww$_$11,8,41,44,not,not,not,[10],lowercase / apostrophe normalization
-tPCytz4rww$_$11,9,45,51,larger,larger,larger,[11],lowercase / apostrophe normalization
-tPCytz4rww$_$11,10,53,55,no,no,no,[13],lowercase / apostrophe normalization
-tPCytz4rww$_$11,11,56,62,larger,larger,larger,[14],lowercase / apostrophe normalization
-tPCytz4rww$_$11,12,63,67,than,than,than,[15],lowercase / apostrophe normalization
-tPCytz4rww$_$11,13,68,74,twelve,twelve,twelve,[16],lowercase / apostrophe normalization
-tPCytz4rww$_$11,14,75,82,hundred,hundred,hundred,[17],lowercase / apostrophe normalization
-tPCytz4rww$_$11,15,83,89,square,square,square,[18],lowercase / apostrophe normalization
-tPCytz4rww$_$11,16,90,94,feet,feet,feet,[19],lowercase / apostrophe normalization
-tPCytz4rww$_$10,0,0,3,Say,Say,say,[1],lowercase / apostrophe normalization
-tPCytz4rww$_$10,1,4,10,twenty,twenty,twenty,[2],lowercase / apostrophe normalization
-tPCytz4rww$_$10,2,11,18,percent,percent,percent,[3],lowercase / apostrophe normalization
-tPCytz4rww$_$10,3,19,21,so,so,so,[4],lowercase / apostrophe normalization
-tPCytz4rww$_$10,4,22,24,if,if,if,[5],lowercase / apostrophe normalization
-tPCytz4rww$_$10,5,25,31,you've,you've,you've,"[6, 7, 8]",lowercase / apostrophe normalization
-tPCytz4rww$_$10,6,32,35,got,got,got,[9],lowercase / apostrophe normalization
-tPCytz4rww$_$10,7,36,37,a,a,a,[10],lowercase / apostrophe normalization
-tPCytz4rww$_$10,8,38,46,thousand,thousand,thousand,[11],lowercase / apostrophe normalization
-tPCytz4rww$_$10,9,47,53,square,square,square,[12],lowercase / apostrophe normalization
-tPCytz4rww$_$10,10,54,58,foot,foot,foot,[13],lowercase / apostrophe normalization
-tPCytz4rww$_$10,11,59,64,condo,condo,condo,[14],lowercase / apostrophe normalization
-tPCytz4rww$_$12,0,0,2,No,No,no,[1],lowercase / apostrophe normalization
-tPCytz4rww$_$12,1,3,7,less,less,less,[2],lowercase / apostrophe normalization
-tPCytz4rww$_$12,2,8,12,than,than,than,[3],lowercase / apostrophe normalization
-tPCytz4rww$_$12,3,13,18,eight,eight,eight,[4],lowercase / apostrophe normalization
-tPCytz4rww$_$12,4,19,26,hundred,hundred,hundred,[5],lowercase / apostrophe normalization
-tPCytz4rww$_$12,5,27,33,squire,squire,squire,[6],lowercase / apostrophe normalization
-tPCytz4rww$_$12,6,34,38,feet,feet,feet,[7],lowercase / apostrophe normalization
-tPCytz4rww$_$12,7,39,42,and,and,and,[8],lowercase / apostrophe normalization
-tPCytz4rww$_$12,8,43,48,going,going,going,[9],lowercase / apostrophe normalization
-tPCytz4rww$_$12,9,49,51,to,to,to,[10],lowercase / apostrophe normalization
-tPCytz4rww$_$12,10,52,59,similar,similar,similar,[11],lowercase / apostrophe normalization
-tPCytz4rww$_$12,11,60,62,in,in,in,[12],lowercase / apostrophe normalization
-tPCytz4rww$_$12,12,64,71,similar,similar,similar,[14],lowercase / apostrophe normalization
-tPCytz4rww$_$12,13,72,76,with,with,with,[15],lowercase / apostrophe normalization
-tPCytz4rww$_$12,14,77,85,bedrooms,bedrooms,bedrooms,[16],lowercase / apostrophe normalization
-tPCytz4rww$_$12,15,86,89,and,and,and,[17],lowercase / apostrophe normalization
-tPCytz4rww$_$12,16,90,99,bathrooms,bathrooms,bathrooms,[18],lowercase / apostrophe normalization
-tPCytz4rww$_$12,17,100,102,as,as,as,[19],lowercase / apostrophe normalization
-tPCytz4rww$_$12,18,103,107,well,well,well,[20],lowercase / apostrophe normalization
-tPCytz4rww$_$12,19,108,111,and,and,and,[21],lowercase / apostrophe normalization
-tPCytz4rww$_$12,20,112,121,hopefully,hopefully,hopefully,[22],lowercase / apostrophe normalization
-tPCytz4rww$_$12,21,122,125,the,the,the,[23],lowercase / apostrophe normalization
-tPCytz4rww$_$12,22,126,135,complexes,complexes,complexes,[24],lowercase / apostrophe normalization
-tPCytz4rww$_$12,23,136,140,have,have,have,[25],lowercase / apostrophe normalization
-tPCytz4rww$_$12,24,141,148,similar,similar,similar,[26],lowercase / apostrophe normalization
-tPCytz4rww$_$12,25,149,158,amenities,amenities,amenities,[27],lowercase / apostrophe normalization
-tPCytz4rww$_$16,0,0,2,So,So,so,[1],lowercase / apostrophe normalization
-tPCytz4rww$_$16,1,3,7,make,make,make,[2],lowercase / apostrophe normalization
-tPCytz4rww$_$16,2,8,12,sure,sure,sure,[3],lowercase / apostrophe normalization
-tPCytz4rww$_$16,3,13,15,to,to,to,[4],lowercase / apostrophe normalization
-tPCytz4rww$_$16,4,16,19,get,get,get,[5],lowercase / apostrophe normalization
-tPCytz4rww$_$16,5,20,21,a,a,a,[6],lowercase / apostrophe normalization
-tPCytz4rww$_$16,6,22,29,through,through,through,[7],lowercase / apostrophe normalization
-tPCytz4rww$_$16,7,30,32,or,or,or,[8],lowercase / apostrophe normalization
-tPCytz4rww$_$16,8,33,35,to,to,to,[9],lowercase / apostrophe normalization
-tPCytz4rww$_$16,9,36,38,do,do,do,[10],lowercase / apostrophe normalization
-tPCytz4rww$_$16,10,39,40,a,a,a,[11],lowercase / apostrophe normalization
-tPCytz4rww$_$16,11,41,48,through,through,through,[12],lowercase / apostrophe normalization
-tPCytz4rww$_$16,12,49,57,cleaning,cleaning,cleaning,[13],lowercase / apostrophe normalization
-tPCytz4rww$_$16,13,58,60,of,of,of,[14],lowercase / apostrophe normalization
-tPCytz4rww$_$16,14,61,64,the,the,the,[15],lowercase / apostrophe normalization
-tPCytz4rww$_$16,15,65,73,property,property,property,[16],lowercase / apostrophe normalization
-tPCytz4rww$_$18,0,0,2,Do,Do,do,[1],lowercase / apostrophe normalization
-tPCytz4rww$_$18,1,3,5,so,so,so,[2],lowercase / apostrophe normalization
-tPCytz4rww$_$18,2,6,9,and,and,and,[3],lowercase / apostrophe normalization
-tPCytz4rww$_$18,3,10,12,as,as,as,[4],lowercase / apostrophe normalization
-tPCytz4rww$_$18,4,13,17,well,well,well,[5],lowercase / apostrophe normalization
-tPCytz4rww$_$18,5,18,24,you'll,you'll,you'll,"[6, 7, 8]",lowercase / apostrophe normalization
-tPCytz4rww$_$18,6,25,29,also,also,also,[9],lowercase / apostrophe normalization
-tPCytz4rww$_$18,7,30,34,want,want,want,[10],lowercase / apostrophe normalization
-tPCytz4rww$_$18,8,35,37,to,to,to,[11],lowercase / apostrophe normalization
-tPCytz4rww$_$18,9,38,44,remove,remove,remove,[12],lowercase / apostrophe normalization
-tPCytz4rww$_$18,10,45,48,any,any,any,[13],lowercase / apostrophe normalization
-tPCytz4rww$_$18,11,49,56,clutter,clutter,clutter,"[14, 15]",lowercase / apostrophe normalization
-tPCytz4rww$_$18,12,57,61,from,from,from,[16],lowercase / apostrophe normalization
-tPCytz4rww$_$18,13,62,66,that,that,that,[17],lowercase / apostrophe normalization
-tPCytz4rww$_$18,14,67,73,you've,you've,you've,"[18, 19, 20]",lowercase / apostrophe normalization
-tPCytz4rww$_$18,15,74,85,accumulated,accumulated,accumulated,[21],lowercase / apostrophe normalization
-vxjVxOeScU$_$4,0,0,6,You're,You're,you're,"[1, 2, 3]",lowercase / apostrophe normalization
-vxjVxOeScU$_$4,1,7,12,going,going,going,[4],lowercase / apostrophe normalization
-vxjVxOeScU$_$4,2,13,15,to,to,to,[5],lowercase / apostrophe normalization
-vxjVxOeScU$_$4,3,16,20,talk,talk,talk,[6],lowercase / apostrophe normalization
-vxjVxOeScU$_$4,4,21,26,about,about,about,[7],lowercase / apostrophe normalization
-vxjVxOeScU$_$4,5,27,32,their,their,their,[8],lowercase / apostrophe normalization
-vxjVxOeScU$_$4,6,33,37,life,life,life,[9],lowercase / apostrophe normalization
-vxjVxOeScU$_$4,7,39,44,their,their,their,[11],lowercase / apostrophe normalization
-vxjVxOeScU$_$4,8,45,53,marriage,marriage,marriage,[12],lowercase / apostrophe normalization
-vxjVxOeScU$_$4,9,54,57,and,and,and,[13],lowercase / apostrophe normalization
-vxjVxOeScU$_$4,10,58,65,usually,usually,usually,[14],lowercase / apostrophe normalization
-vxjVxOeScU$_$4,11,66,69,how,how,how,[15],lowercase / apostrophe normalization
-vxjVxOeScU$_$4,12,70,77,amazing,amazing,amazing,[16],lowercase / apostrophe normalization
-vxjVxOeScU$_$4,13,78,80,it,it,it,[17],lowercase / apostrophe normalization
-vxjVxOeScU$_$4,14,81,83,is,is,is,[18],lowercase / apostrophe normalization
-vxjVxOeScU$_$4,15,84,88,that,that,that,[19],lowercase / apostrophe normalization
-vxjVxOeScU$_$4,16,89,96,they've,they've,they've,"[20, 21, 22]",lowercase / apostrophe normalization
-vxjVxOeScU$_$4,17,97,103,stayed,stayed,stayed,[23],lowercase / apostrophe normalization
-vxjVxOeScU$_$4,18,104,112,together,together,together,[24],lowercase / apostrophe normalization
-vxjVxOeScU$_$4,19,113,117,this,this,this,[25],lowercase / apostrophe normalization
-vxjVxOeScU$_$4,20,118,122,long,long,long,[26],lowercase / apostrophe normalization
-wMB_hJL-3o$_$7,0,0,2,So,So,so,[1],lowercase / apostrophe normalization
-wMB_hJL-3o$_$7,1,3,5,if,if,if,[2],lowercase / apostrophe normalization
-wMB_hJL-3o$_$7,2,6,9,you,you,you,[3],lowercase / apostrophe normalization
-wMB_hJL-3o$_$7,3,10,14,have,have,have,[4],lowercase / apostrophe normalization
-wMB_hJL-3o$_$7,4,15,16,a,a,a,[5],lowercase / apostrophe normalization
-wMB_hJL-3o$_$7,5,17,22,loved,loved,loved,[6],lowercase / apostrophe normalization
-wMB_hJL-3o$_$7,6,23,26,one,one,one,[7],lowercase / apostrophe normalization
-wMB_hJL-3o$_$7,7,27,30,who,who,who,[8],lowercase / apostrophe normalization
-wMB_hJL-3o$_$7,8,31,33,is,is,is,[9],lowercase / apostrophe normalization
-wMB_hJL-3o$_$7,9,34,43,depressed,depressed,depressed,[10],lowercase / apostrophe normalization
-wMB_hJL-3o$_$7,10,44,49,those,those,those,[11],lowercase / apostrophe normalization
-wMB_hJL-3o$_$7,11,50,53,are,are,are,[12],lowercase / apostrophe normalization
-wMB_hJL-3o$_$7,12,54,58,some,some,some,[13],lowercase / apostrophe normalization
-wMB_hJL-3o$_$7,13,59,61,of,of,of,[14],lowercase / apostrophe normalization
-wMB_hJL-3o$_$7,14,62,65,the,the,the,[15],lowercase / apostrophe normalization
-wMB_hJL-3o$_$7,15,66,72,things,things,things,[16],lowercase / apostrophe normalization
-wMB_hJL-3o$_$7,16,73,77,that,that,that,[17],lowercase / apostrophe normalization
-wMB_hJL-3o$_$7,17,78,81,you,you,you,[18],lowercase / apostrophe normalization
-wMB_hJL-3o$_$7,18,82,88,should,should,should,[19],lowercase / apostrophe normalization
-wMB_hJL-3o$_$7,19,89,94,think,think,think,[20],lowercase / apostrophe normalization
-wMB_hJL-3o$_$7,20,95,100,about,about,about,[21],lowercase / apostrophe normalization
-wMB_hJL-3o$_$7,21,101,106,doing,doing,doing,[22],lowercase / apostrophe normalization
-wny0OAz3g8$_$1,0,0,3,And,And,and,[1],lowercase / apostrophe normalization
-wny0OAz3g8$_$1,1,4,11,because,because,because,[2],lowercase / apostrophe normalization
-wny0OAz3g8$_$1,2,12,16,they,they,they,[3],lowercase / apostrophe normalization
-wny0OAz3g8$_$1,3,17,25,couldn’t,couldn't,couldn't,"[4, 5, 6]",lowercase / apostrophe normalization
-wny0OAz3g8$_$1,4,26,30,join,join,join,[7],lowercase / apostrophe normalization
-wny0OAz3g8$_$1,5,31,37,unions,unions,unions,[8],lowercase / apostrophe normalization
-wny0OAz3g8$_$1,6,39,43,many,many,many,[10],lowercase / apostrophe normalization
-wny0OAz3g8$_$1,7,44,49,Black,Black,black,[11],lowercase / apostrophe normalization
-wny0OAz3g8$_$1,8,50,57,workers,workers,workers,[12],lowercase / apostrophe normalization
-wny0OAz3g8$_$1,9,58,66,couldn’t,couldn't,couldn't,"[13, 14, 15]",lowercase / apostrophe normalization
-wny0OAz3g8$_$1,10,67,70,get,get,get,[16],lowercase / apostrophe normalization
-wny0OAz3g8$_$1,11,71,84,manufacturing,manufacturing,manufacturing,[17],lowercase / apostrophe normalization
-wny0OAz3g8$_$1,12,85,87,or,or,or,[18],lowercase / apostrophe normalization
-wny0OAz3g8$_$1,13,88,93,trade,trade,trade,[19],lowercase / apostrophe normalization
-wny0OAz3g8$_$1,14,94,98,work,work,work,[20],lowercase / apostrophe normalization
-wny0OAz3g8$_$1,15,101,106,which,which,which,[22],lowercase / apostrophe normalization
-wny0OAz3g8$_$1,16,107,111,paid,paid,paid,[23],lowercase / apostrophe normalization
-wny0OAz3g8$_$1,17,112,116,much,much,much,[24],lowercase / apostrophe normalization
-wny0OAz3g8$_$1,18,117,123,better,better,better,[25],lowercase / apostrophe normalization
-wny0OAz3g8$_$1,19,124,128,than,than,than,[26],lowercase / apostrophe normalization
-wny0OAz3g8$_$1,20,129,136,service,service,service,[27],lowercase / apostrophe normalization
-wny0OAz3g8$_$1,21,137,141,work,work,work,[28],lowercase / apostrophe normalization
-wny0OAz3g8$_$0,0,0,5,trade,trade,trade,[1],lowercase / apostrophe normalization
-wny0OAz3g8$_$0,1,6,11,labor,labor,labor,[2],lowercase / apostrophe normalization
-wny0OAz3g8$_$0,2,12,18,unions,unions,unions,[3],lowercase / apostrophe normalization
-wny0OAz3g8$_$0,3,19,25,didn’t,didn't,didn't,"[4, 5, 6]",lowercase / apostrophe normalization
-wny0OAz3g8$_$0,4,26,31,allow,allow,allow,[7],lowercase / apostrophe normalization
-wny0OAz3g8$_$0,5,32,37,Black,Black,black,[8],lowercase / apostrophe normalization
-wny0OAz3g8$_$0,6,38,45,workers,workers,workers,[9],lowercase / apostrophe normalization
-wny0OAz3g8$_$0,7,46,48,to,to,to,[10],lowercase / apostrophe normalization
-wny0OAz3g8$_$0,8,49,53,join,join,join,[11],lowercase / apostrophe normalization
-wny0OAz3g8$_$3,0,0,5,Which,Which,which,[1],lowercase / apostrophe normalization
-wny0OAz3g8$_$3,1,6,10,then,then,then,[2],lowercase / apostrophe normalization
-wny0OAz3g8$_$3,2,11,18,allowed,allowed,allowed,[3],lowercase / apostrophe normalization
-wny0OAz3g8$_$3,3,19,22,the,the,the,[4],lowercase / apostrophe normalization
-wny0OAz3g8$_$3,4,23,28,white,white,white,[5],lowercase / apostrophe normalization
-wny0OAz3g8$_$3,5,29,36,workers,workers,workers,[6],lowercase / apostrophe normalization
-wny0OAz3g8$_$3,6,37,40,and,and,and,[7],lowercase / apostrophe normalization
-wny0OAz3g8$_$3,7,41,47,unions,unions,unions,[8],lowercase / apostrophe normalization
-wny0OAz3g8$_$3,8,48,50,to,to,to,[9],lowercase / apostrophe normalization
-wny0OAz3g8$_$3,9,51,58,justify,justify,justify,[10],lowercase / apostrophe normalization
-wny0OAz3g8$_$3,10,59,64,their,their,their,[11],lowercase / apostrophe normalization
-wny0OAz3g8$_$3,11,65,73,decision,decision,decision,[12],lowercase / apostrophe normalization
-wny0OAz3g8$_$3,12,74,76,to,to,to,[13],lowercase / apostrophe normalization
-wny0OAz3g8$_$3,13,77,80,not,not,not,[14],lowercase / apostrophe normalization
-wny0OAz3g8$_$3,14,81,86,allow,allow,allow,[15],lowercase / apostrophe normalization
-wny0OAz3g8$_$3,15,87,92,black,black,black,[16],lowercase / apostrophe normalization
-wny0OAz3g8$_$3,16,93,100,workers,workers,workers,[17],lowercase / apostrophe normalization
-wny0OAz3g8$_$3,17,101,105,into,into,into,[18],lowercase / apostrophe normalization
-wny0OAz3g8$_$3,18,106,111,their,their,their,[19],lowercase / apostrophe normalization
-wny0OAz3g8$_$3,19,112,117,union,union,union,[20],lowercase / apostrophe normalization
-wny0OAz3g8$_$2,0,0,3,And,And,and,[1],lowercase / apostrophe normalization
-wny0OAz3g8$_$2,1,4,11,because,because,because,[2],lowercase / apostrophe normalization
-wny0OAz3g8$_$2,2,12,16,they,they,they,[3],lowercase / apostrophe normalization
-wny0OAz3g8$_$2,3,17,25,couldn’t,couldn't,couldn't,"[4, 5, 6]",lowercase / apostrophe normalization
-wny0OAz3g8$_$2,4,26,29,get,get,get,[7],lowercase / apostrophe normalization
-wny0OAz3g8$_$2,5,30,35,these,these,these,[8],lowercase / apostrophe normalization
-wny0OAz3g8$_$2,6,36,40,jobs,jobs,jobs,[9],lowercase / apostrophe normalization
-wny0OAz3g8$_$2,7,42,47,Black,Black,black,[11],lowercase / apostrophe normalization
-wny0OAz3g8$_$2,8,48,59,communities,communities,communities,[12],lowercase / apostrophe normalization
-wny0OAz3g8$_$2,9,60,63,had,had,had,[13],lowercase / apostrophe normalization
-wny0OAz3g8$_$2,10,64,68,more,more,more,[14],lowercase / apostrophe normalization
-wny0OAz3g8$_$2,11,69,72,men,men,men,[15],lowercase / apostrophe normalization
-wny0OAz3g8$_$2,12,73,76,out,out,out,[16],lowercase / apostrophe normalization
-wny0OAz3g8$_$2,13,77,79,of,of,of,[17],lowercase / apostrophe normalization
-wny0OAz3g8$_$2,14,80,84,work,work,work,[18],lowercase / apostrophe normalization
-wny0OAz3g8$_$2,15,86,92,higher,higher,higher,[20],lowercase / apostrophe normalization
-wny0OAz3g8$_$2,16,93,98,rates,rates,rates,[21],lowercase / apostrophe normalization
-wny0OAz3g8$_$2,17,99,101,of,of,of,[22],lowercase / apostrophe normalization
-wny0OAz3g8$_$2,18,102,109,poverty,poverty,poverty,[23],lowercase / apostrophe normalization
-wny0OAz3g8$_$2,19,111,114,and,and,and,[25],lowercase / apostrophe normalization
-wny0OAz3g8$_$2,20,115,119,more,more,more,[26],lowercase / apostrophe normalization
-wny0OAz3g8$_$2,21,120,128,criminal,criminal,criminal,[27],lowercase / apostrophe normalization
-wny0OAz3g8$_$2,22,129,137,behavior,behavior,behavior,[28],lowercase / apostrophe normalization
-wny0OAz3g8$_$5,0,0,4,This,This,this,[1],lowercase / apostrophe normalization
-wny0OAz3g8$_$5,1,5,7,is,is,is,[2],lowercase / apostrophe normalization
-wny0OAz3g8$_$5,2,8,14,what’s,what's,what's,"[3, 4, 5]",lowercase / apostrophe normalization
-wny0OAz3g8$_$5,3,15,18,now,now,now,[6],lowercase / apostrophe normalization
-wny0OAz3g8$_$5,4,19,24,known,known,known,[7],lowercase / apostrophe normalization
-wny0OAz3g8$_$5,5,25,27,as,as,as,[8],lowercase / apostrophe normalization
-wny0OAz3g8$_$5,6,28,34,racial,racial,racial,[9],lowercase / apostrophe normalization
-wny0OAz3g8$_$5,7,35,44,formation,formation,formation,[10],lowercase / apostrophe normalization
-wny0OAz3g8$_$5,8,45,51,theory,theory,theory,[11],lowercase / apostrophe normalization
-wny0OAz3g8$_$5,9,53,54,a,a,a,[13],lowercase / apostrophe normalization
-wny0OAz3g8$_$5,10,55,61,theory,theory,theory,[14],lowercase / apostrophe normalization
-wny0OAz3g8$_$5,11,62,72,formalized,formalized,formalized,"[15, 16]",lowercase / apostrophe normalization
-wny0OAz3g8$_$5,12,73,75,by,by,by,[17],lowercase / apostrophe normalization
-wny0OAz3g8$_$5,13,76,82,modern,modern,modern,[18],lowercase / apostrophe normalization
-wny0OAz3g8$_$5,14,83,95,sociologists,sociologists,sociologists,"[19, 20]",lowercase / apostrophe normalization
-wny0OAz3g8$_$5,15,96,103,Michael,Michael,michael,[21],lowercase / apostrophe normalization
-wny0OAz3g8$_$5,16,104,107,Omi,Omi,omi,"[22, 23]",lowercase / apostrophe normalization
-wny0OAz3g8$_$5,17,108,111,and,and,and,[24],lowercase / apostrophe normalization
-wny0OAz3g8$_$5,18,112,118,Howard,Howard,howard,[25],lowercase / apostrophe normalization
-wny0OAz3g8$_$5,19,119,125,Winant,Winant,winant,"[26, 27]",lowercase / apostrophe normalization
-wny0OAz3g8$_$7,0,0,3,Omi,Omi,omi,"[1, 2]",lowercase / apostrophe normalization
-wny0OAz3g8$_$7,1,4,7,and,and,and,[3],lowercase / apostrophe normalization
-wny0OAz3g8$_$7,2,8,14,Winant,Winant,winant,"[4, 5]",lowercase / apostrophe normalization
-wny0OAz3g8$_$7,3,15,20,argue,argue,argue,[6],lowercase / apostrophe normalization
-wny0OAz3g8$_$7,4,21,25,that,that,that,[7],lowercase / apostrophe normalization
-wny0OAz3g8$_$7,5,26,29,the,the,the,[8],lowercase / apostrophe normalization
-wny0OAz3g8$_$7,6,30,37,concept,concept,concept,[9],lowercase / apostrophe normalization
-wny0OAz3g8$_$7,7,38,40,of,of,of,[10],lowercase / apostrophe normalization
-wny0OAz3g8$_$7,8,41,45,race,race,race,[11],lowercase / apostrophe normalization
-wny0OAz3g8$_$7,9,46,50,came,came,came,[12],lowercase / apostrophe normalization
-wny0OAz3g8$_$7,10,51,56,about,about,about,[13],lowercase / apostrophe normalization
-wny0OAz3g8$_$7,11,57,59,as,as,as,[14],lowercase / apostrophe normalization
-wny0OAz3g8$_$7,12,60,61,a,a,a,[15],lowercase / apostrophe normalization
-wny0OAz3g8$_$7,13,62,66,tool,tool,tool,[16],lowercase / apostrophe normalization
-wny0OAz3g8$_$7,14,67,69,to,to,to,[17],lowercase / apostrophe normalization
-wny0OAz3g8$_$7,15,70,77,justify,justify,justify,[18],lowercase / apostrophe normalization
-wny0OAz3g8$_$7,16,78,81,and,and,and,[19],lowercase / apostrophe normalization
-wny0OAz3g8$_$7,17,82,90,maintain,maintain,maintain,[20],lowercase / apostrophe normalization
-wny0OAz3g8$_$7,18,91,94,the,the,the,[21],lowercase / apostrophe normalization
-wny0OAz3g8$_$7,19,95,103,economic,economic,economic,[22],lowercase / apostrophe normalization
-wny0OAz3g8$_$7,20,104,107,and,and,and,[23],lowercase / apostrophe normalization
-wny0OAz3g8$_$7,21,108,117,political,political,political,[24],lowercase / apostrophe normalization
-wny0OAz3g8$_$7,22,118,123,power,power,power,[25],lowercase / apostrophe normalization
-wny0OAz3g8$_$7,23,124,128,held,held,held,[26],lowercase / apostrophe normalization
-wny0OAz3g8$_$7,24,129,131,by,by,by,[27],lowercase / apostrophe normalization
-wny0OAz3g8$_$7,25,132,137,those,those,those,[28],lowercase / apostrophe normalization
-wny0OAz3g8$_$7,26,138,140,of,of,of,[29],lowercase / apostrophe normalization
-wny0OAz3g8$_$7,27,141,149,European,European,european,[30],lowercase / apostrophe normalization
-wny0OAz3g8$_$7,28,150,157,descent,descent,descent,[31],lowercase / apostrophe normalization
-wny0OAz3g8$_$9,0,0,2,He,He,he,[1],lowercase / apostrophe normalization
-wny0OAz3g8$_$9,1,3,11,explores,explores,explores,[2],lowercase / apostrophe normalization
-wny0OAz3g8$_$9,2,12,15,why,why,why,[3],lowercase / apostrophe normalization
-wny0OAz3g8$_$9,3,16,21,Black,Black,black,[4],lowercase / apostrophe normalization
-wny0OAz3g8$_$9,4,22,25,and,and,and,[5],lowercase / apostrophe normalization
-wny0OAz3g8$_$9,5,26,31,White,White,white,[6],lowercase / apostrophe normalization
-wny0OAz3g8$_$9,6,32,41,Americans,Americans,americans,[7],lowercase / apostrophe normalization
-wny0OAz3g8$_$9,7,42,46,tend,tend,tend,[8],lowercase / apostrophe normalization
-wny0OAz3g8$_$9,8,47,49,to,to,to,[9],lowercase / apostrophe normalization
-wny0OAz3g8$_$9,9,50,54,have,have,have,[10],lowercase / apostrophe normalization
-wny0OAz3g8$_$9,10,55,59,such,such,such,[11],lowercase / apostrophe normalization
-wny0OAz3g8$_$9,11,60,69,different,different,different,[12],lowercase / apostrophe normalization
-wny0OAz3g8$_$9,12,70,78,outcomes,outcomes,outcomes,[13],lowercase / apostrophe normalization
-wny0OAz3g8$_$9,13,79,81,in,in,in,[14],lowercase / apostrophe normalization
-wny0OAz3g8$_$9,14,82,87,terms,terms,terms,[15],lowercase / apostrophe normalization
-wny0OAz3g8$_$9,15,88,90,of,of,of,[16],lowercase / apostrophe normalization
-wny0OAz3g8$_$9,16,91,97,income,income,income,[17],lowercase / apostrophe normalization
-wny0OAz3g8$_$9,17,99,108,education,education,education,[19],lowercase / apostrophe normalization
-wny0OAz3g8$_$9,18,110,113,and,and,and,[21],lowercase / apostrophe normalization
-wny0OAz3g8$_$9,19,114,118,more,more,more,[22],lowercase / apostrophe normalization
-571d8cVauQ$_$0,0,0,4,This,This,this,[1],lowercase / apostrophe normalization
-571d8cVauQ$_$0,1,5,7,is,is,is,[2],lowercase / apostrophe normalization
-571d8cVauQ$_$0,2,8,13,Rhett,Rhett,rhett,"[3, 4]",lowercase / apostrophe normalization
-571d8cVauQ$_$0,3,14,20,Reiger,Reiger,reiger,"[5, 6]",lowercase / apostrophe normalization
-571d8cVauQ$_$0,4,22,27,White,White,white,[8],lowercase / apostrophe normalization
-571d8cVauQ$_$0,5,28,35,Caspian,Caspian,caspian,[9],lowercase / apostrophe normalization
-571d8cVauQ$_$0,6,36,43,Studios,Studios,studios,[10],lowercase / apostrophe normalization
-571d8cVauQ$_$0,7,44,46,on,on,on,[11],lowercase / apostrophe normalization
-571d8cVauQ$_$0,8,47,53,behalf,behalf,behalf,[12],lowercase / apostrophe normalization
-571d8cVauQ$_$0,9,54,56,of,of,of,[13],lowercase / apostrophe normalization
-571d8cVauQ$_$0,10,57,63,Expert,Expert,expert,[14],lowercase / apostrophe normalization
-571d8cVauQ$_$0,11,64,71,Village,Village,village,[15],lowercase / apostrophe normalization
-571d8cVauQ$_$5,0,0,2,So,So,so,[1],lowercase / apostrophe normalization
-571d8cVauQ$_$5,1,3,7,very,very,very,[2],lowercase / apostrophe normalization
-571d8cVauQ$_$5,2,8,17,important,important,important,[3],lowercase / apostrophe normalization
-571d8cVauQ$_$5,3,18,20,to,to,to,[4],lowercase / apostrophe normalization
-571d8cVauQ$_$5,4,21,23,go,go,go,[5],lowercase / apostrophe normalization
-571d8cVauQ$_$5,5,24,27,out,out,out,[6],lowercase / apostrophe normalization
-571d8cVauQ$_$5,6,28,30,to,to,to,[7],lowercase / apostrophe normalization
-571d8cVauQ$_$5,7,31,34,the,the,the,[8],lowercase / apostrophe normalization
-571d8cVauQ$_$5,8,35,44,locations,locations,locations,[9],lowercase / apostrophe normalization
-571d8cVauQ$_$5,9,46,50,walk,walk,walk,[11],lowercase / apostrophe normalization
-571d8cVauQ$_$5,10,51,57,around,around,around,[12],lowercase / apostrophe normalization
-571d8cVauQ$_$5,11,59,63,talk,talk,talk,[14],lowercase / apostrophe normalization
-571d8cVauQ$_$5,12,64,68,with,with,with,[15],lowercase / apostrophe normalization
-571d8cVauQ$_$5,13,69,72,the,the,the,[16],lowercase / apostrophe normalization
-571d8cVauQ$_$5,14,73,79,owners,owners,owners,[17],lowercase / apostrophe normalization
-571d8cVauQ$_$5,15,80,82,if,if,if,[18],lowercase / apostrophe normalization
-571d8cVauQ$_$5,16,83,86,you,you,you,[19],lowercase / apostrophe normalization
-571d8cVauQ$_$5,17,87,90,can,can,can,[20],lowercase / apostrophe normalization
-571d8cVauQ$_$5,18,92,96,tell,tell,tell,[22],lowercase / apostrophe normalization
-571d8cVauQ$_$5,19,97,101,them,them,them,[23],lowercase / apostrophe normalization
-571d8cVauQ$_$5,20,102,106,what,what,what,[24],lowercase / apostrophe normalization
-571d8cVauQ$_$5,21,107,113,you're,you're,you're,"[25, 26, 27]",lowercase / apostrophe normalization
-571d8cVauQ$_$5,22,114,119,doing,doing,doing,[28],lowercase / apostrophe normalization
-571d8cVauQ$_$5,23,121,126,build,build,build,[30],lowercase / apostrophe normalization
-571d8cVauQ$_$5,24,127,128,a,a,a,[31],lowercase / apostrophe normalization
-571d8cVauQ$_$5,25,129,135,little,little,little,[32],lowercase / apostrophe normalization
-571d8cVauQ$_$5,26,136,146,excitement,excitement,excitement,[33],lowercase / apostrophe normalization
-571d8cVauQ$_$5,27,148,151,put,put,put,[35],lowercase / apostrophe normalization
-571d8cVauQ$_$5,28,152,153,a,a,a,[36],lowercase / apostrophe normalization
-571d8cVauQ$_$5,29,154,160,little,little,little,[37],lowercase / apostrophe normalization
-571d8cVauQ$_$5,30,161,166,glitz,glitz,glitz,"[38, 39]",lowercase / apostrophe normalization
-571d8cVauQ$_$5,31,167,169,on,on,on,[40],lowercase / apostrophe normalization
-571d8cVauQ$_$5,32,170,175,there,there,there,[41],lowercase / apostrophe normalization
-571d8cVauQ$_$5,33,176,179,and,and,and,[42],lowercase / apostrophe normalization
-571d8cVauQ$_$5,34,180,183,let,let,let,[43],lowercase / apostrophe normalization
-571d8cVauQ$_$5,35,184,193,everybody,everybody,everybody,[44],lowercase / apostrophe normalization
-571d8cVauQ$_$5,36,194,199,knows,knows,knows,[45],lowercase / apostrophe normalization
-571d8cVauQ$_$5,37,200,204,this,this,this,[46],lowercase / apostrophe normalization
-571d8cVauQ$_$5,38,205,207,is,is,is,[47],lowercase / apostrophe normalization
-571d8cVauQ$_$5,39,208,209,a,a,a,[48],lowercase / apostrophe normalization
-571d8cVauQ$_$5,40,210,214,very,very,very,[49],lowercase / apostrophe normalization
-571d8cVauQ$_$5,41,215,223,valuable,valuable,valuable,[50],lowercase / apostrophe normalization
-571d8cVauQ$_$5,42,224,228,spot,spot,spot,[51],lowercase / apostrophe normalization
-I_e4mIh0yE$_$1,0,0,2,In,In,in,[1],lowercase / apostrophe normalization
-I_e4mIh0yE$_$1,1,3,6,the,the,the,[2],lowercase / apostrophe normalization
-I_e4mIh0yE$_$1,2,7,13,United,United,united,[3],lowercase / apostrophe normalization
-I_e4mIh0yE$_$1,3,14,20,States,States,states,[4],lowercase / apostrophe normalization
-I_e4mIh0yE$_$1,4,21,23,we,we,we,[5],lowercase / apostrophe normalization
-I_e4mIh0yE$_$1,5,24,29,don't,don't,don't,"[6, 7, 8]",lowercase / apostrophe normalization
-I_e4mIh0yE$_$1,6,30,36,punish,punish,punish,[9],lowercase / apostrophe normalization
-I_e4mIh0yE$_$1,7,37,44,failure,failure,failure,[10],lowercase / apostrophe normalization
-I_e4mIh0yE$_$1,8,45,47,to,to,to,[11],lowercase / apostrophe normalization
-I_e4mIh0yE$_$1,9,48,51,the,the,the,[12],lowercase / apostrophe normalization
-I_e4mIh0yE$_$1,10,52,58,degree,degree,degree,[13],lowercase / apostrophe normalization
-I_e4mIh0yE$_$1,11,59,61,to,to,to,[14],lowercase / apostrophe normalization
-I_e4mIh0yE$_$1,12,62,67,which,which,which,[15],lowercase / apostrophe normalization
-I_e4mIh0yE$_$1,13,68,75,failure,failure,failure,[16],lowercase / apostrophe normalization
-I_e4mIh0yE$_$1,14,76,78,is,is,is,[17],lowercase / apostrophe normalization
-I_e4mIh0yE$_$1,15,79,87,punished,punished,punished,[18],lowercase / apostrophe normalization
-I_e4mIh0yE$_$1,16,88,90,in,in,in,[19],lowercase / apostrophe normalization
-I_e4mIh0yE$_$1,17,91,97,Europe,Europe,europe,[20],lowercase / apostrophe normalization
-I_e4mIh0yE$_$3,0,0,4,It's,It's,it's,"[1, 2, 3]",lowercase / apostrophe normalization
-I_e4mIh0yE$_$3,1,5,14,perceived,perceived,perceived,[4],lowercase / apostrophe normalization
-I_e4mIh0yE$_$3,2,15,19,that,that,that,[5],lowercase / apostrophe normalization
-I_e4mIh0yE$_$3,3,20,23,you,you,you,[6],lowercase / apostrophe normalization
-I_e4mIh0yE$_$3,4,24,28,have,have,have,[7],lowercase / apostrophe normalization
-I_e4mIh0yE$_$3,5,29,37,actually,actually,actually,[8],lowercase / apostrophe normalization
-I_e4mIh0yE$_$3,6,38,45,learned,learned,learned,[9],lowercase / apostrophe normalization
-I_e4mIh0yE$_$3,7,46,55,something,something,something,[10],lowercase / apostrophe normalization
-I_e4mIh0yE$_$3,8,57,61,over,over,over,[12],lowercase / apostrophe normalization
-I_e4mIh0yE$_$3,9,62,65,the,the,the,[13],lowercase / apostrophe normalization
-I_e4mIh0yE$_$3,10,66,72,course,course,course,[14],lowercase / apostrophe normalization
-I_e4mIh0yE$_$3,11,73,75,of,of,of,[15],lowercase / apostrophe normalization
-I_e4mIh0yE$_$3,12,76,80,your,your,your,[16],lowercase / apostrophe normalization
-I_e4mIh0yE$_$3,13,81,88,carreer,carreer,carreer,"[17, 18]",lowercase / apostrophe normalization
-I_e4mIh0yE$_$3,14,90,93,and,and,and,[20],lowercase / apostrophe normalization
-I_e4mIh0yE$_$3,15,94,98,that,that,that,[21],lowercase / apostrophe normalization
-I_e4mIh0yE$_$3,16,99,102,you,you,you,[22],lowercase / apostrophe normalization
-I_e4mIh0yE$_$3,17,103,108,won't,won't,won't,"[23, 24, 25]",lowercase / apostrophe normalization
-I_e4mIh0yE$_$3,18,109,113,make,make,make,[26],lowercase / apostrophe normalization
-I_e4mIh0yE$_$3,19,114,117,the,the,the,[27],lowercase / apostrophe normalization
-I_e4mIh0yE$_$3,20,118,125,mistake,mistake,mistake,[28],lowercase / apostrophe normalization
-I_e4mIh0yE$_$3,21,126,131,twice,twice,twice,[29],lowercase / apostrophe normalization
-UacrmKiTn4$_$10,0,0,7,Because,Because,because,[1],lowercase / apostrophe normalization
-UacrmKiTn4$_$10,1,9,11,if,if,if,[3],lowercase / apostrophe normalization
-UacrmKiTn4$_$10,2,12,16,they,they,they,[4],lowercase / apostrophe normalization
-UacrmKiTn4$_$10,3,17,20,are,are,are,[5],lowercase / apostrophe normalization
-UacrmKiTn4$_$10,4,21,24,not,not,not,[6],lowercase / apostrophe normalization
-UacrmKiTn4$_$10,5,25,27,in,in,in,[7],lowercase / apostrophe normalization
-UacrmKiTn4$_$10,6,28,31,any,any,any,[8],lowercase / apostrophe normalization
-UacrmKiTn4$_$10,7,32,35,way,way,way,[9],lowercase / apostrophe normalization
-UacrmKiTn4$_$10,8,36,40,held,held,held,[10],lowercase / apostrophe normalization
-UacrmKiTn4$_$10,9,41,52,accountable,accountable,accountable,[11],lowercase / apostrophe normalization
-UacrmKiTn4$_$10,10,53,56,for,for,for,[12],lowercase / apostrophe normalization
-UacrmKiTn4$_$10,11,57,64,reading,reading,reading,[13],lowercase / apostrophe normalization
-UacrmKiTn4$_$10,12,65,68,the,the,the,[14],lowercase / apostrophe normalization
-UacrmKiTn4$_$10,13,69,77,material,material,material,[15],lowercase / apostrophe normalization
-UacrmKiTn4$_$10,14,78,82,they,they,they,[16],lowercase / apostrophe normalization
-UacrmKiTn4$_$10,15,83,88,won't,won't,won't,"[17, 18, 19]",lowercase / apostrophe normalization
-UacrmKiTn4$_$10,16,89,91,do,do,do,[20],lowercase / apostrophe normalization
-UacrmKiTn4$_$10,17,92,94,it,it,it,[21],lowercase / apostrophe normalization
-UacrmKiTn4$_$4,0,0,4,Just,Just,just,[1],lowercase / apostrophe normalization
-UacrmKiTn4$_$4,1,5,10,given,given,given,[2],lowercase / apostrophe normalization
-UacrmKiTn4$_$4,2,11,13,to,to,to,[3],lowercase / apostrophe normalization
-UacrmKiTn4$_$4,3,14,19,their,their,their,[4],lowercase / apostrophe normalization
-UacrmKiTn4$_$4,4,20,23,own,own,own,[5],lowercase / apostrophe normalization
-UacrmKiTn4$_$4,5,24,31,devices,devices,devices,[6],lowercase / apostrophe normalization
-UacrmKiTn4$_$4,6,32,36,they,they,they,[7],lowercase / apostrophe normalization
-UacrmKiTn4$_$4,7,37,40,are,are,are,[8],lowercase / apostrophe normalization
-UacrmKiTn4$_$4,8,41,44,not,not,not,[9],lowercase / apostrophe normalization
-UacrmKiTn4$_$4,9,45,50,going,going,going,[10],lowercase / apostrophe normalization
-UacrmKiTn4$_$4,10,51,53,to,to,to,[11],lowercase / apostrophe normalization
-UacrmKiTn4$_$4,11,54,58,read,read,read,[12],lowercase / apostrophe normalization
-UacrmKiTn4$_$4,12,59,62,the,the,the,[13],lowercase / apostrophe normalization
-UacrmKiTn4$_$4,13,63,71,textbook,textbook,textbook,[14],lowercase / apostrophe normalization
-hnBHBN8p5A$_$7,0,0,7,Picture,Picture,picture,[1],lowercase / apostrophe normalization
-hnBHBN8p5A$_$7,1,8,12,this,this,this,[2],lowercase / apostrophe normalization
-hnBHBN8p5A$_$7,2,14,20,before,before,before,[4],lowercase / apostrophe normalization
-hnBHBN8p5A$_$7,3,21,23,we,we,we,[5],lowercase / apostrophe normalization
-hnBHBN8p5A$_$7,4,24,32,actually,actually,actually,[6],lowercase / apostrophe normalization
-hnBHBN8p5A$_$7,5,33,38,start,start,start,[7],lowercase / apostrophe normalization
-hnBHBN8p5A$_$7,6,39,46,hacking,hacking,hacking,[8],lowercase / apostrophe normalization
-hnBHBN8p5A$_$7,7,48,53,we’re,we're,we're,"[10, 11, 12]",lowercase / apostrophe normalization
-hnBHBN8p5A$_$7,8,54,56,in,in,in,[13],lowercase / apostrophe normalization
-hnBHBN8p5A$_$7,9,57,58,a,a,a,[14],lowercase / apostrophe normalization
-hnBHBN8p5A$_$7,10,59,63,room,room,room,[15],lowercase / apostrophe normalization
-hnBHBN8p5A$_$7,11,64,70,formal,formal,formal,[16],lowercase / apostrophe normalization
-hnBHBN8p5A$_$7,12,71,78,setting,setting,setting,[17],lowercase / apostrophe normalization
-hnBHBN8p5A$_$6,0,0,10,Discussion,Discussion,discussion,[1],lowercase / apostrophe normalization
-hnBHBN8p5A$_$6,1,12,15,how,how,how,[3],lowercase / apostrophe normalization
-hnBHBN8p5A$_$6,2,16,18,to,to,to,[4],lowercase / apostrophe normalization
-hnBHBN8p5A$_$6,3,19,26,discuss,discuss,discuss,[5],lowercase / apostrophe normalization
-hnBHBN8p5A$_$6,4,27,32,ideas,ideas,ideas,[6],lowercase / apostrophe normalization
-hnBHBN8p5A$_$6,5,33,36,and,and,and,[7],lowercase / apostrophe normalization
-hnBHBN8p5A$_$6,6,37,45,opinions,opinions,opinions,[8],lowercase / apostrophe normalization
-hnBHBN8p5A$_$6,7,46,50,more,more,more,[9],lowercase / apostrophe normalization
-hnBHBN8p5A$_$6,8,51,62,effectively,effectively,effectively,[10],lowercase / apostrophe normalization
-hnBHBN8p5A$_$6,9,63,67,than,than,than,[11],lowercase / apostrophe normalization
-hnBHBN8p5A$_$6,10,68,69,a,a,a,[12],lowercase / apostrophe normalization
-hnBHBN8p5A$_$6,11,70,76,native,native,native,[13],lowercase / apostrophe normalization
-hnBHBN8p5A$_$6,12,77,84,speaker,speaker,speaker,[14],lowercase / apostrophe normalization
-qDkUB0GgYY$_$6,0,0,2,We,We,we,[1],lowercase / apostrophe normalization
-qDkUB0GgYY$_$6,1,3,9,always,always,always,[2],lowercase / apostrophe normalization
-qDkUB0GgYY$_$6,2,10,14,love,love,love,[3],lowercase / apostrophe normalization
-qDkUB0GgYY$_$6,3,15,17,to,to,to,[4],lowercase / apostrophe normalization
-qDkUB0GgYY$_$6,4,18,22,hear,hear,hear,[5],lowercase / apostrophe normalization
-qDkUB0GgYY$_$6,5,23,27,what,what,what,[6],lowercase / apostrophe normalization
-qDkUB0GgYY$_$6,6,28,31,you,you,you,[7],lowercase / apostrophe normalization
-qDkUB0GgYY$_$6,7,32,35,say,say,say,[8],lowercase / apostrophe normalization
-qDkUB0GgYY$_$6,8,37,40,and,and,and,[10],lowercase / apostrophe normalization
-qDkUB0GgYY$_$6,9,41,45,like,like,like,[11],lowercase / apostrophe normalization
-qDkUB0GgYY$_$6,10,46,49,and,and,and,[12],lowercase / apostrophe normalization
-qDkUB0GgYY$_$6,11,50,55,share,share,share,[13],lowercase / apostrophe normalization
-qDkUB0GgYY$_$6,12,56,60,this,this,this,[14],lowercase / apostrophe normalization
-qDkUB0GgYY$_$6,13,61,66,video,video,video,[15],lowercase / apostrophe normalization
-qDkUB0GgYY$_$6,14,67,69,as,as,as,[16],lowercase / apostrophe normalization
-qDkUB0GgYY$_$6,15,70,74,well,well,well,[17],lowercase / apostrophe normalization
-uywlfIYOS8$_$4,0,0,3,And,And,and,[1],lowercase / apostrophe normalization
-uywlfIYOS8$_$4,1,4,8,then,then,then,[2],lowercase / apostrophe normalization
-uywlfIYOS8$_$4,2,9,13,from,from,from,[3],lowercase / apostrophe normalization
-uywlfIYOS8$_$4,3,14,15,a,a,a,[4],lowercase / apostrophe normalization
-uywlfIYOS8$_$4,4,16,21,brand,brand,brand,[5],lowercase / apostrophe normalization
-uywlfIYOS8$_$4,5,22,27,point,point,point,[6],lowercase / apostrophe normalization
-uywlfIYOS8$_$4,6,28,30,of,of,of,[7],lowercase / apostrophe normalization
-uywlfIYOS8$_$4,7,31,35,view,view,view,[8],lowercase / apostrophe normalization
-uywlfIYOS8$_$4,8,37,39,we,we,we,[10],lowercase / apostrophe normalization
-uywlfIYOS8$_$4,9,40,44,need,need,need,[11],lowercase / apostrophe normalization
-uywlfIYOS8$_$4,10,45,47,to,to,to,[12],lowercase / apostrophe normalization
-uywlfIYOS8$_$4,11,48,52,make,make,make,[13],lowercase / apostrophe normalization
-uywlfIYOS8$_$4,12,53,57,sure,sure,sure,[14],lowercase / apostrophe normalization
-uywlfIYOS8$_$4,13,58,63,we're,we're,we're,"[15, 16, 17]",lowercase / apostrophe normalization
-uywlfIYOS8$_$4,14,64,71,driving,driving,driving,[18],lowercase / apostrophe normalization
-uywlfIYOS8$_$4,15,72,75,the,the,the,[19],lowercase / apostrophe normalization
-uywlfIYOS8$_$4,16,76,84,relevant,relevant,relevant,[20],lowercase / apostrophe normalization
-uywlfIYOS8$_$4,17,85,92,insight,insight,insight,[21],lowercase / apostrophe normalization
-6rXp3zJ3kc$_$8,0,0,4,Many,Many,many,[1],lowercase / apostrophe normalization
-6rXp3zJ3kc$_$8,1,5,11,people,people,people,[2],lowercase / apostrophe normalization
-6rXp3zJ3kc$_$8,2,12,15,are,are,are,[3],lowercase / apostrophe normalization
-6rXp3zJ3kc$_$8,3,16,19,not,not,not,[4],lowercase / apostrophe normalization
-6rXp3zJ3kc$_$8,4,20,25,until,until,until,[5],lowercase / apostrophe normalization
-6rXp3zJ3kc$_$8,5,26,30,they,they,they,[6],lowercase / apostrophe normalization
-6rXp3zJ3kc$_$8,6,31,34,get,get,get,[7],lowercase / apostrophe normalization
-6rXp3zJ3kc$_$8,7,35,37,to,to,to,[8],lowercase / apostrophe normalization
-6rXp3zJ3kc$_$8,8,38,40,be,be,be,[9],lowercase / apostrophe normalization
-6rXp3zJ3kc$_$8,9,41,42,a,a,a,[10],lowercase / apostrophe normalization
-6rXp3zJ3kc$_$8,10,43,48,older,older,older,[11],lowercase / apostrophe normalization
-6rXp3zJ3kc$_$8,11,49,52,age,age,age,[12],lowercase / apostrophe normalization
-6rXp3zJ3kc$_$8,12,53,56,and,and,and,[13],lowercase / apostrophe normalization
-6rXp3zJ3kc$_$8,13,57,61,they,they,they,[14],lowercase / apostrophe normalization
-6rXp3zJ3kc$_$8,14,62,69,realize,realize,realize,[15],lowercase / apostrophe normalization
-6rXp3zJ3kc$_$8,15,70,74,that,that,that,[16],lowercase / apostrophe normalization
-6rXp3zJ3kc$_$8,16,75,79,gosh,gosh,gosh,"[17, 18]",lowercase / apostrophe normalization
-6rXp3zJ3kc$_$8,17,80,84,they,they,they,[19],lowercase / apostrophe normalization
-6rXp3zJ3kc$_$8,18,85,91,wasted,wasted,wasted,[20],lowercase / apostrophe normalization
-6rXp3zJ3kc$_$8,19,92,93,a,a,a,[21],lowercase / apostrophe normalization
-6rXp3zJ3kc$_$8,20,94,97,lot,lot,lot,[22],lowercase / apostrophe normalization
-6rXp3zJ3kc$_$8,21,98,100,of,of,of,[23],lowercase / apostrophe normalization
-6rXp3zJ3kc$_$8,22,101,105,time,time,time,[24],lowercase / apostrophe normalization
-6rXp3zJ3kc$_$8,23,106,109,and,and,and,[25],lowercase / apostrophe normalization
-6rXp3zJ3kc$_$8,24,110,115,money,money,money,[26],lowercase / apostrophe normalization
-6rXp3zJ3kc$_$8,25,116,118,in,in,in,[27],lowercase / apostrophe normalization
-6rXp3zJ3kc$_$8,26,119,126,placing,placing,placing,[28],lowercase / apostrophe normalization
-6rXp3zJ3kc$_$8,27,127,131,bets,bets,bets,[29],lowercase / apostrophe normalization
-6rXp3zJ3kc$_$8,28,132,134,on,on,on,[30],lowercase / apostrophe normalization
-6rXp3zJ3kc$_$8,29,135,140,stock,stock,stock,[31],lowercase / apostrophe normalization
-6rXp3zJ3kc$_$8,30,141,147,that's,that's,that's,"[32, 33, 34]",lowercase / apostrophe normalization
-6rXp3zJ3kc$_$8,31,148,158,ultimately,ultimately,ultimately,[35],lowercase / apostrophe normalization
-6rXp3zJ3kc$_$8,32,159,163,lost,lost,lost,[36],lowercase / apostrophe normalization
-6rXp3zJ3kc$_$8,33,164,169,value,value,value,[37],lowercase / apostrophe normalization
-9y-fZ3swSY$_$0,0,0,2,is,is,is,[1],lowercase / apostrophe normalization
-9y-fZ3swSY$_$0,1,4,7,you,you,you,[3],lowercase / apostrophe normalization
-9y-fZ3swSY$_$0,2,8,11,can,can,can,[4],lowercase / apostrophe normalization
-9y-fZ3swSY$_$0,3,12,15,say,say,say,[5],lowercase / apostrophe normalization
-9y-fZ3swSY$_$0,4,17,20,hey,hey,hey,[7],lowercase / apostrophe normalization
-9y-fZ3swSY$_$0,5,21,22,I,I,i,[8],lowercase / apostrophe normalization
-9y-fZ3swSY$_$0,6,23,29,really,really,really,[9],lowercase / apostrophe normalization
-9y-fZ3swSY$_$0,7,30,34,like,like,like,[10],lowercase / apostrophe normalization
-9y-fZ3swSY$_$0,8,35,39,baby,baby,baby,[11],lowercase / apostrophe normalization
-9y-fZ3swSY$_$0,9,40,44,skin,skin,skin,[12],lowercase / apostrophe normalization
-9y-fZ3swSY$_$0,10,46,50,they,they,they,[14],lowercase / apostrophe normalization
-9y-fZ3swSY$_$0,11,51,54,are,are,are,[15],lowercase / apostrophe normalization
-9y-fZ3swSY$_$0,12,55,57,so,so,so,[16],lowercase / apostrophe normalization
-9y-fZ3swSY$_$0,13,58,62,soft,soft,soft,[17],lowercase / apostrophe normalization
-9y-fZ3swSY$_$0,14,64,68,they,they,they,[19],lowercase / apostrophe normalization
-9y-fZ3swSY$_$0,15,69,74,don’t,don't,don't,"[20, 21, 22]",lowercase / apostrophe normalization
-9y-fZ3swSY$_$0,16,75,79,have,have,have,[23],lowercase / apostrophe normalization
-9y-fZ3swSY$_$0,17,80,83,any,any,any,[24],lowercase / apostrophe normalization
-9y-fZ3swSY$_$0,18,84,88,hair,hair,hair,[25],lowercase / apostrophe normalization
-9y-fZ3swSY$_$0,19,89,91,on,on,on,[26],lowercase / apostrophe normalization
-9y-fZ3swSY$_$0,20,92,97,their,their,their,[27],lowercase / apostrophe normalization
-9y-fZ3swSY$_$0,21,98,102,face,face,face,[28],lowercase / apostrophe normalization
-9y-fZ3swSY$_$4,0,0,4,I’ve,I've,i've,"[1, 2, 3]",lowercase / apostrophe normalization
-9y-fZ3swSY$_$4,1,5,9,seen,seen,seen,[4],lowercase / apostrophe normalization
-9y-fZ3swSY$_$4,2,10,14,this,this,this,[5],lowercase / apostrophe normalization
-9y-fZ3swSY$_$4,3,15,17,in,in,in,[6],lowercase / apostrophe normalization
-9y-fZ3swSY$_$4,4,18,20,US,US,u,[7],initialism spelled as letters
-9y-fZ3swSY$_$4,5,18,20,US,US,s,[7],initialism spelled as letters
-9y-fZ3swSY$_$4,6,21,23,or,or,or,[8],lowercase / apostrophe normalization
-9y-fZ3swSY$_$4,7,24,26,in,in,in,[9],lowercase / apostrophe normalization
-9y-fZ3swSY$_$4,8,27,30,the,the,the,[10],lowercase / apostrophe normalization
-9y-fZ3swSY$_$4,9,31,33,US,US,u,[11],initialism spelled as letters
-9y-fZ3swSY$_$4,10,31,33,US,US,s,[11],initialism spelled as letters
-9y-fZ3swSY$_$8,0,0,6,That’s,That's,that's,"[1, 2, 3]",lowercase / apostrophe normalization
-9y-fZ3swSY$_$8,1,7,8,a,a,a,[4],lowercase / apostrophe normalization
-9y-fZ3swSY$_$8,2,9,13,more,more,more,[5],lowercase / apostrophe normalization
-9y-fZ3swSY$_$8,3,14,20,decent,decent,decent,[6],lowercase / apostrophe normalization
-9y-fZ3swSY$_$8,4,21,24,and,and,and,[7],lowercase / apostrophe normalization
-9y-fZ3swSY$_$8,5,25,29,more,more,more,[8],lowercase / apostrophe normalization
-9y-fZ3swSY$_$8,6,30,36,polite,polite,polite,[9],lowercase / apostrophe normalization
-9y-fZ3swSY$_$8,7,37,40,way,way,way,[10],lowercase / apostrophe normalization
-9y-fZ3swSY$_$8,8,41,43,to,to,to,[11],lowercase / apostrophe normalization
-9y-fZ3swSY$_$8,9,44,48,call,call,call,[12],lowercase / apostrophe normalization
-9y-fZ3swSY$_$8,10,49,50,a,a,a,[13],lowercase / apostrophe normalization
-9y-fZ3swSY$_$8,11,51,55,lady,lady,lady,[14],lowercase / apostrophe normalization
-AUZQgSxyPQ$_$2,0,0,3,The,The,the,[1],lowercase / apostrophe normalization
-AUZQgSxyPQ$_$2,1,4,11,perfect,perfect,perfect,[2],lowercase / apostrophe normalization
-AUZQgSxyPQ$_$2,2,12,16,soul,soul,soul,[3],lowercase / apostrophe normalization
-AUZQgSxyPQ$_$2,3,17,21,mate,mate,mate,[4],lowercase / apostrophe normalization
-AUZQgSxyPQ$_$2,4,22,24,to,to,to,[5],lowercase / apostrophe normalization
-AUZQgSxyPQ$_$2,5,25,28,the,the,the,[6],lowercase / apostrophe normalization
-AUZQgSxyPQ$_$2,6,29,39,Clarisonic,Clarisonic,clarisonic,"[7, 8, 9]",lowercase / apostrophe normalization
-AUZQgSxyPQ$_$2,7,40,44,Spot,Spot,spot,[10],lowercase / apostrophe normalization
-AUZQgSxyPQ$_$2,8,45,52,Therapy,Therapy,therapy,[11],lowercase / apostrophe normalization
-AUZQgSxyPQ$_$2,9,53,58,Brush,Brush,brush,[12],lowercase / apostrophe normalization
-AUZQgSxyPQ$_$2,10,60,64,this,this,this,[14],lowercase / apostrophe normalization
-AUZQgSxyPQ$_$2,11,65,71,gentle,gentle,gentle,[15],lowercase / apostrophe normalization
-AUZQgSxyPQ$_$2,12,73,75,Ph,Ph,ph,[17],lowercase / apostrophe normalization
-AUZQgSxyPQ$_$2,13,76,84,balanced,balanced,balanced,[18],lowercase / apostrophe normalization
-AUZQgSxyPQ$_$2,14,85,88,and,and,and,[19],lowercase / apostrophe normalization
-AUZQgSxyPQ$_$2,15,89,98,hydrating,hydrating,hydrating,"[20, 21]",lowercase / apostrophe normalization
-AUZQgSxyPQ$_$2,16,99,108,exfoliant,exfoliant,exfoliant,"[22, 23, 24]",lowercase / apostrophe normalization
-AUZQgSxyPQ$_$2,17,109,119,containing,containing,containing,[25],lowercase / apostrophe normalization
-AUZQgSxyPQ$_$2,18,120,126,jojoba,jojoba,jojoba,"[26, 27, 28]",lowercase / apostrophe normalization
-AUZQgSxyPQ$_$2,19,127,130,and,and,and,[29],lowercase / apostrophe normalization
-AUZQgSxyPQ$_$2,20,131,135,acai,acai,acai,"[30, 31]",lowercase / apostrophe normalization
-AUZQgSxyPQ$_$2,21,136,141,fruit,fruit,fruit,[32],lowercase / apostrophe normalization
-AUZQgSxyPQ$_$2,22,142,146,oils,oils,oils,[33],lowercase / apostrophe normalization
-AUZQgSxyPQ$_$2,23,147,150,and,and,and,[34],lowercase / apostrophe normalization
-AUZQgSxyPQ$_$2,24,151,157,bamboo,bamboo,bamboo,[35],lowercase / apostrophe normalization
-AUZQgSxyPQ$_$2,25,158,161,and,and,and,[36],lowercase / apostrophe normalization
-AUZQgSxyPQ$_$2,26,162,169,prickly,prickly,prickly,"[37, 38]",lowercase / apostrophe normalization
-AUZQgSxyPQ$_$2,27,170,174,bear,bear,bear,[39],lowercase / apostrophe normalization
-AUZQgSxyPQ$_$2,28,175,183,extracts,extracts,extracts,[40],lowercase / apostrophe normalization
-AUZQgSxyPQ$_$2,29,184,191,deliver,deliver,deliver,[41],lowercase / apostrophe normalization
-AUZQgSxyPQ$_$2,30,192,199,intense,intense,intense,[42],lowercase / apostrophe normalization
-AUZQgSxyPQ$_$2,31,200,207,healing,healing,healing,[43],lowercase / apostrophe normalization
-AUZQgSxyPQ$_$2,32,209,214,while,while,while,[45],lowercase / apostrophe normalization
-AUZQgSxyPQ$_$2,33,215,221,smooth,smooth,smooth,[46],lowercase / apostrophe normalization
-AUZQgSxyPQ$_$2,34,222,230,granules,granules,granules,"[47, 48]",lowercase / apostrophe normalization
-AUZQgSxyPQ$_$2,35,231,235,buff,buff,buff,[49],lowercase / apostrophe normalization
-AUZQgSxyPQ$_$2,36,236,240,away,away,away,[50],lowercase / apostrophe normalization
-AUZQgSxyPQ$_$2,37,241,245,dead,dead,dead,[51],lowercase / apostrophe normalization
-AUZQgSxyPQ$_$2,38,247,250,dry,dry,dry,[53],lowercase / apostrophe normalization
-AUZQgSxyPQ$_$2,39,251,255,skin,skin,skin,[54],lowercase / apostrophe normalization
-AUZQgSxyPQ$_$2,40,256,261,cells,cells,cells,[55],lowercase / apostrophe normalization
-HeZS2-Prhc$_$2,0,0,3,The,The,the,[1],lowercase / apostrophe normalization
-HeZS2-Prhc$_$2,1,4,10,August,August,august,[2],lowercase / apostrophe normalization
-HeZS2-Prhc$_$2,2,11,15,jobs,jobs,jobs,[3],lowercase / apostrophe normalization
-HeZS2-Prhc$_$2,3,16,22,report,report,report,[4],lowercase / apostrophe normalization
-HeZS2-Prhc$_$2,4,23,25,is,is,is,[5],lowercase / apostrophe normalization
-HeZS2-Prhc$_$2,5,26,29,out,out,out,[6],lowercase / apostrophe normalization
-HeZS2-Prhc$_$2,6,30,33,and,and,and,[7],lowercase / apostrophe normalization
-HeZS2-Prhc$_$2,7,34,36,it,it,it,[8],lowercase / apostrophe normalization
-HeZS2-Prhc$_$2,8,37,40,was,was,was,[9],lowercase / apostrophe normalization
-HeZS2-Prhc$_$2,9,41,45,seen,seen,seen,[10],lowercase / apostrophe normalization
-HeZS2-Prhc$_$2,10,46,53,overall,overall,overall,[11],lowercase / apostrophe normalization
-HeZS2-Prhc$_$2,11,54,56,as,as,as,[12],lowercase / apostrophe normalization
-HeZS2-Prhc$_$2,12,57,62,solid,solid,solid,[13],lowercase / apostrophe normalization
-HeZS2-Prhc$_$2,13,63,66,but,but,but,[14],lowercase / apostrophe normalization
-HeZS2-Prhc$_$2,14,67,70,not,not,not,[15],lowercase / apostrophe normalization
-HeZS2-Prhc$_$2,15,71,76,great,great,great,[16],lowercase / apostrophe normalization
-MeTTeMJBNc$_$0,0,0,4,Okay,Okay,okay,[1],lowercase / apostrophe normalization
-MeTTeMJBNc$_$0,1,6,10,what,what,what,[3],lowercase / apostrophe normalization
-MeTTeMJBNc$_$0,2,11,18,happens,happens,happens,[4],lowercase / apostrophe normalization
-MeTTeMJBNc$_$0,3,19,21,at,at,at,[5],lowercase / apostrophe normalization
-MeTTeMJBNc$_$0,4,22,26,this,this,this,[6],lowercase / apostrophe normalization
-MeTTeMJBNc$_$0,5,27,32,point,point,point,[7],lowercase / apostrophe normalization
-MeTTeMJBNc$_$0,6,33,38,after,after,after,[8],lowercase / apostrophe normalization
-MeTTeMJBNc$_$0,7,39,44,we've,we've,we've,"[9, 10, 11]",lowercase / apostrophe normalization
-MeTTeMJBNc$_$0,8,45,50,taken,taken,taken,[12],lowercase / apostrophe normalization
-MeTTeMJBNc$_$0,9,51,55,this,this,this,[13],lowercase / apostrophe normalization
-MeTTeMJBNc$_$0,10,56,61,brief,brief,brief,[14],lowercase / apostrophe normalization
-MeTTeMJBNc$_$0,11,62,66,walk,walk,walk,[15],lowercase / apostrophe normalization
-MeTTeMJBNc$_$0,12,67,71,down,down,down,[16],lowercase / apostrophe normalization
-MeTTeMJBNc$_$0,13,72,78,memory,memory,memory,[17],lowercase / apostrophe normalization
-MeTTeMJBNc$_$0,14,79,83,lane,lane,lane,[18],lowercase / apostrophe normalization
-MeTTeMJBNc$_$0,15,85,87,is,is,is,[20],lowercase / apostrophe normalization
-MeTTeMJBNc$_$0,16,88,91,the,the,the,[21],lowercase / apostrophe normalization
-MeTTeMJBNc$_$0,17,92,104,presentation,presentation,presentation,[22],lowercase / apostrophe normalization
-MeTTeMJBNc$_$0,18,105,107,of,of,of,[23],lowercase / apostrophe normalization
-MeTTeMJBNc$_$0,19,108,111,the,the,the,[24],lowercase / apostrophe normalization
-MeTTeMJBNc$_$0,20,112,116,gift,gift,gift,[25],lowercase / apostrophe normalization
-MeTTeMJBNc$_$13,0,0,2,It,It,it,[1],lowercase / apostrophe normalization
-MeTTeMJBNc$_$13,1,3,7,just,just,just,[2],lowercase / apostrophe normalization
-MeTTeMJBNc$_$13,2,8,13,needs,needs,needs,[3],lowercase / apostrophe normalization
-MeTTeMJBNc$_$13,3,14,16,to,to,to,[4],lowercase / apostrophe normalization
-MeTTeMJBNc$_$13,4,17,19,be,be,be,[5],lowercase / apostrophe normalization
-MeTTeMJBNc$_$13,5,20,21,a,a,a,[6],lowercase / apostrophe normalization
-MeTTeMJBNc$_$13,6,22,28,simple,simple,simple,[7],lowercase / apostrophe normalization
-MeTTeMJBNc$_$13,7,29,38,statement,statement,statement,[8],lowercase / apostrophe normalization
-MeTTeMJBNc$_$13,8,40,43,and,and,and,[10],lowercase / apostrophe normalization
-MeTTeMJBNc$_$13,9,44,48,then,then,then,[11],lowercase / apostrophe normalization
-MeTTeMJBNc$_$13,10,49,52,you,you,you,[12],lowercase / apostrophe normalization
-MeTTeMJBNc$_$13,11,53,60,present,present,present,[13],lowercase / apostrophe normalization
-MeTTeMJBNc$_$13,12,61,64,the,the,the,[14],lowercase / apostrophe normalization
-MeTTeMJBNc$_$13,13,65,69,gift,gift,gift,[15],lowercase / apostrophe normalization
-MeTTeMJBNc$_$7,0,0,5,Maybe,Maybe,maybe,[1],lowercase / apostrophe normalization
-MeTTeMJBNc$_$7,1,6,9,you,you,you,[2],lowercase / apostrophe normalization
-MeTTeMJBNc$_$7,2,10,15,could,could,could,[3],lowercase / apostrophe normalization
-MeTTeMJBNc$_$7,3,16,20,find,find,find,[4],lowercase / apostrophe normalization
-MeTTeMJBNc$_$7,4,21,22,a,a,a,[5],lowercase / apostrophe normalization
-MeTTeMJBNc$_$7,5,23,30,picture,picture,picture,[6],lowercase / apostrophe normalization
-MeTTeMJBNc$_$7,6,31,33,of,of,of,[7],lowercase / apostrophe normalization
-MeTTeMJBNc$_$7,7,34,37,the,the,the,[8],lowercase / apostrophe normalization
-MeTTeMJBNc$_$7,8,38,44,couple,couple,couple,[9],lowercase / apostrophe normalization
-MeTTeMJBNc$_$7,9,45,49,from,from,from,[10],lowercase / apostrophe normalization
-MeTTeMJBNc$_$7,10,50,55,their,their,their,[11],lowercase / apostrophe normalization
-MeTTeMJBNc$_$7,11,56,63,wedding,wedding,wedding,[12],lowercase / apostrophe normalization
-MeTTeMJBNc$_$7,12,64,66,or,or,or,[13],lowercase / apostrophe normalization
-MeTTeMJBNc$_$7,13,67,75,sometime,sometime,sometime,[14],lowercase / apostrophe normalization
-MeTTeMJBNc$_$7,14,76,78,in,in,in,[15],lowercase / apostrophe normalization
-MeTTeMJBNc$_$7,15,79,84,their,their,their,[16],lowercase / apostrophe normalization
-MeTTeMJBNc$_$7,16,85,89,life,life,life,[17],lowercase / apostrophe normalization
-MeTTeMJBNc$_$7,17,91,93,or,or,or,[19],lowercase / apostrophe normalization
-MeTTeMJBNc$_$7,18,94,99,maybe,maybe,maybe,[20],lowercase / apostrophe normalization
-MeTTeMJBNc$_$7,19,100,104,even,even,even,[21],lowercase / apostrophe normalization
-MeTTeMJBNc$_$7,20,105,106,a,a,a,[22],lowercase / apostrophe normalization
-MeTTeMJBNc$_$7,21,107,114,current,current,current,[23],lowercase / apostrophe normalization
-MeTTeMJBNc$_$7,22,115,122,picture,picture,picture,[24],lowercase / apostrophe normalization
-MeTTeMJBNc$_$7,23,123,126,and,and,and,[25],lowercase / apostrophe normalization
-MeTTeMJBNc$_$7,24,127,131,have,have,have,[26],lowercase / apostrophe normalization
-MeTTeMJBNc$_$7,25,132,134,it,it,it,[27],lowercase / apostrophe normalization
-MeTTeMJBNc$_$7,26,135,138,put,put,put,[28],lowercase / apostrophe normalization
-MeTTeMJBNc$_$7,27,139,141,in,in,in,[29],lowercase / apostrophe normalization
-MeTTeMJBNc$_$7,28,142,143,a,a,a,[30],lowercase / apostrophe normalization
-MeTTeMJBNc$_$7,29,144,153,beautiful,beautiful,beautiful,[31],lowercase / apostrophe normalization
-MeTTeMJBNc$_$7,30,154,159,frame,frame,frame,[32],lowercase / apostrophe normalization
-RfYyzHpjk4$_$11,0,0,2,So,So,so,[1],lowercase / apostrophe normalization
-RfYyzHpjk4$_$11,1,3,6,get,get,get,[2],lowercase / apostrophe normalization
-RfYyzHpjk4$_$11,2,7,11,your,your,your,[3],lowercase / apostrophe normalization
-RfYyzHpjk4$_$11,3,12,19,friends,friends,friends,[4],lowercase / apostrophe normalization
-RfYyzHpjk4$_$11,4,20,25,lined,lined,lined,[5],lowercase / apostrophe normalization
-RfYyzHpjk4$_$11,5,26,28,up,up,up,[6],lowercase / apostrophe normalization
-RfYyzHpjk4$_$11,6,30,33,get,get,get,[8],lowercase / apostrophe normalization
-RfYyzHpjk4$_$11,7,34,38,your,your,your,[9],lowercase / apostrophe normalization
-RfYyzHpjk4$_$11,8,39,47,business,business,business,[10],lowercase / apostrophe normalization
-RfYyzHpjk4$_$11,9,48,58,colleagues,colleagues,colleagues,[11],lowercase / apostrophe normalization
-RfYyzHpjk4$_$11,10,59,64,lined,lined,lined,[12],lowercase / apostrophe normalization
-RfYyzHpjk4$_$11,11,65,67,up,up,up,[13],lowercase / apostrophe normalization
-RfYyzHpjk4$_$11,12,68,71,and,and,and,[14],lowercase / apostrophe normalization
-RfYyzHpjk4$_$11,13,72,76,have,have,have,[15],lowercase / apostrophe normalization
-RfYyzHpjk4$_$11,14,77,78,a,a,a,[16],lowercase / apostrophe normalization
-RfYyzHpjk4$_$11,15,79,83,good,good,good,[17],lowercase / apostrophe normalization
-RfYyzHpjk4$_$11,16,84,88,time,time,time,[18],lowercase / apostrophe normalization
-RfYyzHpjk4$_$8,0,0,4,It's,It's,it's,"[1, 2, 3]",lowercase / apostrophe normalization
-RfYyzHpjk4$_$8,1,5,11,pretty,pretty,pretty,[4],lowercase / apostrophe normalization
-RfYyzHpjk4$_$8,2,13,19,pretty,pretty,pretty,[6],lowercase / apostrophe normalization
-RfYyzHpjk4$_$8,3,20,24,easy,easy,easy,[7],lowercase / apostrophe normalization
-RfYyzHpjk4$_$8,4,25,27,to,to,to,[8],lowercase / apostrophe normalization
-RfYyzHpjk4$_$8,5,28,30,do,do,do,[9],lowercase / apostrophe normalization
-RfYyzHpjk4$_$8,6,31,34,but,but,but,[10],lowercase / apostrophe normalization
-RfYyzHpjk4$_$8,7,35,38,you,you,you,[11],lowercase / apostrophe normalization
-RfYyzHpjk4$_$8,8,39,42,got,got,got,[12],lowercase / apostrophe normalization
-RfYyzHpjk4$_$8,9,43,45,to,to,to,[13],lowercase / apostrophe normalization
-RfYyzHpjk4$_$8,10,46,49,set,set,set,[14],lowercase / apostrophe normalization
-RfYyzHpjk4$_$8,11,50,52,up,up,up,[15],lowercase / apostrophe normalization
-RfYyzHpjk4$_$8,12,53,58,those,those,those,[16],lowercase / apostrophe normalization
-RfYyzHpjk4$_$8,13,59,66,numbers,numbers,numbers,[17],lowercase / apostrophe normalization
-RfYyzHpjk4$_$8,14,67,72,ahead,ahead,ahead,[18],lowercase / apostrophe normalization
-RfYyzHpjk4$_$8,15,73,75,of,of,of,[19],lowercase / apostrophe normalization
-RfYyzHpjk4$_$8,16,76,80,time,time,time,[20],lowercase / apostrophe normalization
-RfYyzHpjk4$_$2,0,0,3,You,You,you,[1],lowercase / apostrophe normalization
-RfYyzHpjk4$_$2,1,4,7,can,can,can,[2],lowercase / apostrophe normalization
-RfYyzHpjk4$_$2,2,8,12,make,make,make,[3],lowercase / apostrophe normalization
-RfYyzHpjk4$_$2,3,13,14,a,a,a,[4],lowercase / apostrophe normalization
-RfYyzHpjk4$_$2,4,15,25,conference,conference,conference,[5],lowercase / apostrophe normalization
-RfYyzHpjk4$_$2,5,26,30,call,call,call,[6],lowercase / apostrophe normalization
-RfYyzHpjk4$_$2,6,31,34,but,but,but,[7],lowercase / apostrophe normalization
-RfYyzHpjk4$_$2,7,35,37,it,it,it,[8],lowercase / apostrophe normalization
-RfYyzHpjk4$_$2,8,38,43,takes,takes,takes,[9],lowercase / apostrophe normalization
-RfYyzHpjk4$_$2,9,44,49,quite,quite,quite,[10],lowercase / apostrophe normalization
-RfYyzHpjk4$_$2,10,50,51,a,a,a,[11],lowercase / apostrophe normalization
-RfYyzHpjk4$_$2,11,52,55,bit,bit,bit,[12],lowercase / apostrophe normalization
-RfYyzHpjk4$_$2,12,56,58,of,of,of,[13],lowercase / apostrophe normalization
-RfYyzHpjk4$_$2,13,59,67,planning,planning,planning,[14],lowercase / apostrophe normalization
-RfYyzHpjk4$_$2,14,69,73,well,well,well,[16],lowercase / apostrophe normalization
-RfYyzHpjk4$_$2,15,74,77,not,not,not,[17],lowercase / apostrophe normalization
-RfYyzHpjk4$_$2,16,78,79,a,a,a,[18],lowercase / apostrophe normalization
-RfYyzHpjk4$_$2,17,80,83,lot,lot,lot,[19],lowercase / apostrophe normalization
-RfYyzHpjk4$_$2,18,84,86,of,of,of,[20],lowercase / apostrophe normalization
-RfYyzHpjk4$_$2,19,87,95,planning,planning,planning,[21],lowercase / apostrophe normalization
-RfYyzHpjk4$_$2,20,96,100,it's,it's,it's,"[22, 23, 24]",lowercase / apostrophe normalization
-RfYyzHpjk4$_$2,21,101,107,pretty,pretty,pretty,[25],lowercase / apostrophe normalization
-RfYyzHpjk4$_$2,22,108,112,easy,easy,easy,[26],lowercase / apostrophe normalization
-RfYyzHpjk4$_$2,23,113,115,to,to,to,[27],lowercase / apostrophe normalization
-RfYyzHpjk4$_$2,24,116,118,do,do,do,[28],lowercase / apostrophe normalization
-UUCSKoHeMA$_$0,0,0,1,I,I,i,[1],lowercase / apostrophe normalization
-UUCSKoHeMA$_$0,1,2,11,mentioned,mentioned,mentioned,[2],lowercase / apostrophe normalization
-UUCSKoHeMA$_$0,2,12,13,a,a,a,[3],lowercase / apostrophe normalization
-UUCSKoHeMA$_$0,3,14,18,word,word,word,[4],lowercase / apostrophe normalization
-UUCSKoHeMA$_$0,4,19,21,in,in,in,[5],lowercase / apostrophe normalization
-UUCSKoHeMA$_$0,5,22,25,the,the,the,[6],lowercase / apostrophe normalization
-UUCSKoHeMA$_$0,6,26,30,last,last,last,[7],lowercase / apostrophe normalization
-UUCSKoHeMA$_$0,7,31,35,clip,clip,clip,[8],lowercase / apostrophe normalization
-UUCSKoHeMA$_$0,8,36,42,called,called,called,[9],lowercase / apostrophe normalization
-UUCSKoHeMA$_$0,9,44,52,monotone,monotone,monotone,"[11, 12]",lowercase / apostrophe normalization
-UUCSKoHeMA$_$0,10,55,58,and,and,and,[15],lowercase / apostrophe normalization
-UUCSKoHeMA$_$0,11,59,60,I,I,i,[16],lowercase / apostrophe normalization
-UUCSKoHeMA$_$0,12,61,65,want,want,want,[17],lowercase / apostrophe normalization
-UUCSKoHeMA$_$0,13,66,68,to,to,to,[18],lowercase / apostrophe normalization
-UUCSKoHeMA$_$0,14,69,73,talk,talk,talk,[19],lowercase / apostrophe normalization
-UUCSKoHeMA$_$0,15,74,79,about,about,about,[20],lowercase / apostrophe normalization
-UUCSKoHeMA$_$0,16,80,84,that,that,that,[21],lowercase / apostrophe normalization
-UUCSKoHeMA$_$0,17,85,92,briefly,briefly,briefly,[22],lowercase / apostrophe normalization
-ri04Z7vwnc$_$0,0,0,5,going,going,going,[1],lowercase / apostrophe normalization
-ri04Z7vwnc$_$0,1,6,8,to,to,to,[2],lowercase / apostrophe normalization
-ri04Z7vwnc$_$0,2,9,12,get,get,get,[3],lowercase / apostrophe normalization
-ri04Z7vwnc$_$0,3,13,20,married,married,married,[4],lowercase / apostrophe normalization
-ri04Z7vwnc$_$0,4,21,23,or,or,or,[5],lowercase / apostrophe normalization
-ri04Z7vwnc$_$0,5,24,27,are,are,are,[6],lowercase / apostrophe normalization
-ri04Z7vwnc$_$0,6,28,35,already,already,already,[7],lowercase / apostrophe normalization
-ri04Z7vwnc$_$0,7,36,43,married,married,married,[8],lowercase / apostrophe normalization
-ri04Z7vwnc$_$2,0,0,4,most,most,most,[1],lowercase / apostrophe normalization
-ri04Z7vwnc$_$2,1,5,11,people,people,people,[2],lowercase / apostrophe normalization
-ri04Z7vwnc$_$2,2,12,17,think,think,think,[3],lowercase / apostrophe normalization
-ri04Z7vwnc$_$2,3,18,23,it'll,it'll,it'll,"[4, 5, 6]",lowercase / apostrophe normalization
-ri04Z7vwnc$_$2,4,24,28,sort,sort,sort,[7],lowercase / apostrophe normalization
-ri04Z7vwnc$_$2,5,29,35,itself,itself,itself,[8],lowercase / apostrophe normalization
-ri04Z7vwnc$_$2,6,36,39,out,out,out,[9],lowercase / apostrophe normalization
-ri04Z7vwnc$_$2,7,42,47,we'll,we'll,we'll,"[12, 13, 14]",lowercase / apostrophe normalization
-ri04Z7vwnc$_$2,8,48,55,discuss,discuss,discuss,[15],lowercase / apostrophe normalization
-ri04Z7vwnc$_$2,9,56,58,it,it,it,[16],lowercase / apostrophe normalization
-ri04Z7vwnc$_$2,10,59,64,later,later,later,[17],lowercase / apostrophe normalization
-ri04Z7vwnc$_$2,11,67,71,it's,it's,it's,"[20, 21, 22]",lowercase / apostrophe normalization
-ri04Z7vwnc$_$2,12,72,75,not,not,not,[23],lowercase / apostrophe normalization
-ri04Z7vwnc$_$2,13,76,85,something,something,something,[24],lowercase / apostrophe normalization
-ri04Z7vwnc$_$2,14,86,89,too,too,too,[25],lowercase / apostrophe normalization
-ri04Z7vwnc$_$2,15,90,99,important,important,important,[26],lowercase / apostrophe normalization
-ri04Z7vwnc$_$5,0,2,4,So,So,so,[2],lowercase / apostrophe normalization
-ri04Z7vwnc$_$5,1,5,6,I,I,i,[3],lowercase / apostrophe normalization
-ri04Z7vwnc$_$5,2,7,12,think,think,think,[4],lowercase / apostrophe normalization
-ri04Z7vwnc$_$5,3,13,17,it's,it's,it's,"[5, 6, 7]",lowercase / apostrophe normalization
-ri04Z7vwnc$_$5,4,18,27,important,important,important,[8],lowercase / apostrophe normalization
-ri04Z7vwnc$_$5,5,28,30,to,to,to,[9],lowercase / apostrophe normalization
-ri04Z7vwnc$_$5,6,31,38,discuss,discuss,discuss,[10],lowercase / apostrophe normalization
-ri04Z7vwnc$_$5,7,39,47,finances,finances,finances,[11],lowercase / apostrophe normalization
-s9qJ7ATP7w$_$1,0,0,3,But,But,but,[1],lowercase / apostrophe normalization
-s9qJ7ATP7w$_$1,1,4,7,the,the,the,[2],lowercase / apostrophe normalization
-s9qJ7ATP7w$_$1,2,8,15,hardest,hardest,hardest,[3],lowercase / apostrophe normalization
-s9qJ7ATP7w$_$1,3,16,21,thing,thing,thing,[4],lowercase / apostrophe normalization
-s9qJ7ATP7w$_$1,4,22,24,in,in,in,[5],lowercase / apostrophe normalization
-s9qJ7ATP7w$_$1,5,25,29,life,life,life,[6],lowercase / apostrophe normalization
-s9qJ7ATP7w$_$1,6,30,32,to,to,to,[7],lowercase / apostrophe normalization
-s9qJ7ATP7w$_$1,7,33,38,learn,learn,learn,[8],lowercase / apostrophe normalization
-s9qJ7ATP7w$_$1,8,40,42,is,is,is,[10],lowercase / apostrophe normalization
-s9qJ7ATP7w$_$1,9,43,45,to,to,to,[11],lowercase / apostrophe normalization
-s9qJ7ATP7w$_$1,10,46,50,lose,lose,lose,[12],lowercase / apostrophe normalization
-s9qJ7ATP7w$_$0,0,0,4,they,they,they,[1],lowercase / apostrophe normalization
-s9qJ7ATP7w$_$0,1,5,9,have,have,have,[2],lowercase / apostrophe normalization
-s9qJ7ATP7w$_$0,2,10,15,doubt,doubt,doubt,[3],lowercase / apostrophe normalization
-s9qJ7ATP7w$_$0,3,17,21,they,they,they,[5],lowercase / apostrophe normalization
-s9qJ7ATP7w$_$0,4,22,26,have,have,have,[6],lowercase / apostrophe normalization
-s9qJ7ATP7w$_$0,5,27,31,fear,fear,fear,[7],lowercase / apostrophe normalization
-s9qJ7ATP7w$_$0,6,33,37,they,they,they,[9],lowercase / apostrophe normalization
-s9qJ7ATP7w$_$0,7,38,42,lose,lose,lose,[10],lowercase / apostrophe normalization
-s9qJ7ATP7w$_$0,8,43,45,in,in,in,[11],lowercase / apostrophe normalization
-s9qJ7ATP7w$_$0,9,46,47,a,a,a,[12],lowercase / apostrophe normalization
-s9qJ7ATP7w$_$0,10,48,55,Ferrari,Ferrari,ferrari,[13],lowercase / apostrophe normalization
-s9qJ7ATP7w$_$0,11,56,60,race,race,race,[14],lowercase / apostrophe normalization
-s9qJ7ATP7w$_$0,12,62,64,or,or,or,[16],lowercase / apostrophe normalization
-s9qJ7ATP7w$_$0,13,65,69,they,they,they,[17],lowercase / apostrophe normalization
-s9qJ7ATP7w$_$0,14,70,74,lose,lose,lose,[18],lowercase / apostrophe normalization
-s9qJ7ATP7w$_$0,15,75,77,in,in,in,[19],lowercase / apostrophe normalization
-s9qJ7ATP7w$_$0,16,78,79,a,a,a,[20],lowercase / apostrophe normalization
-s9qJ7ATP7w$_$0,17,80,84,race,race,race,[21],lowercase / apostrophe normalization
-s9qJ7ATP7w$_$0,18,86,89,and,and,and,[23],lowercase / apostrophe normalization
-s9qJ7ATP7w$_$0,19,90,94,then,then,then,[24],lowercase / apostrophe normalization
-s9qJ7ATP7w$_$0,20,95,99,they,they,they,[25],lowercase / apostrophe normalization
-s9qJ7ATP7w$_$0,21,100,104,just,just,just,[26],lowercase / apostrophe normalization
-s9qJ7ATP7w$_$0,22,105,109,give,give,give,[27],lowercase / apostrophe normalization
-s9qJ7ATP7w$_$0,23,110,112,up,up,up,[28],lowercase / apostrophe normalization
-s9qJ7ATP7w$_$5,0,0,1,I,I,i,[1],lowercase / apostrophe normalization
-s9qJ7ATP7w$_$5,1,2,6,have,have,have,[2],lowercase / apostrophe normalization
-s9qJ7ATP7w$_$5,2,7,11,been,been,been,[3],lowercase / apostrophe normalization
-s9qJ7ATP7w$_$5,3,12,16,beat,beat,beat,[4],lowercase / apostrophe normalization
-s9qJ7ATP7w$_$5,4,17,19,up,up,up,[5],lowercase / apostrophe normalization
-s9qJ7ATP7w$_$5,5,20,23,and,and,and,[6],lowercase / apostrophe normalization
-s9qJ7ATP7w$_$5,6,24,27,put,put,put,[7],lowercase / apostrophe normalization
-s9qJ7ATP7w$_$5,7,28,32,down,down,down,[8],lowercase / apostrophe normalization
-s9qJ7ATP7w$_$5,8,33,36,and,and,and,[9],lowercase / apostrophe normalization
-s9qJ7ATP7w$_$5,9,37,47,everything,everything,everything,[10],lowercase / apostrophe normalization
-s9qJ7ATP7w$_$5,10,48,52,that,that,that,[11],lowercase / apostrophe normalization
-s9qJ7ATP7w$_$5,11,53,56,can,can,can,[12],lowercase / apostrophe normalization
-s9qJ7ATP7w$_$5,12,57,59,go,go,go,[13],lowercase / apostrophe normalization
-s9qJ7ATP7w$_$5,13,60,65,wrong,wrong,wrong,[14],lowercase / apostrophe normalization
-s9qJ7ATP7w$_$5,14,67,70,has,has,has,[16],lowercase / apostrophe normalization
-s9qJ7ATP7w$_$5,15,71,75,gone,gone,gone,[17],lowercase / apostrophe normalization
-s9qJ7ATP7w$_$5,16,76,81,wrong,wrong,wrong,[18],lowercase / apostrophe normalization
-s9qJ7ATP7w$_$5,17,82,85,for,for,for,[19],lowercase / apostrophe normalization
-s9qJ7ATP7w$_$5,18,86,88,me,me,me,[20],lowercase / apostrophe normalization
-s9qJ7ATP7w$_$4,0,0,1,I,I,i,[1],lowercase / apostrophe normalization
-s9qJ7ATP7w$_$4,1,2,6,have,have,have,[2],lowercase / apostrophe normalization
-s9qJ7ATP7w$_$4,2,7,11,lost,lost,lost,[3],lowercase / apostrophe normalization
-s9qJ7ATP7w$_$4,3,12,14,at,at,at,[4],lowercase / apostrophe normalization
-s9qJ7ATP7w$_$4,4,15,25,everything,everything,everything,[5],lowercase / apostrophe normalization
-s9qJ7ATP7w$_$4,5,26,29,you,you,you,[6],lowercase / apostrophe normalization
-s9qJ7ATP7w$_$4,6,30,33,can,can,can,[7],lowercase / apostrophe normalization
-s9qJ7ATP7w$_$4,7,34,41,imagine,imagine,imagine,[8],lowercase / apostrophe normalization
-s9qJ7ATP7w$_$4,8,43,52,seriously,seriously,seriously,[10],lowercase / apostrophe normalization
-s9qJ7ATP7w$_$7,0,0,1,I,I,i,[1],lowercase / apostrophe normalization
-s9qJ7ATP7w$_$7,1,2,6,used,used,used,[2],lowercase / apostrophe normalization
-s9qJ7ATP7w$_$7,2,7,9,to,to,to,[3],lowercase / apostrophe normalization
-s9qJ7ATP7w$_$7,3,10,14,work,work,work,[4],lowercase / apostrophe normalization
-s9qJ7ATP7w$_$7,4,15,18,for,for,for,[5],lowercase / apostrophe normalization
-s9qJ7ATP7w$_$7,5,19,25,Warren,Warren,warren,[6],lowercase / apostrophe normalization
-s9qJ7ATP7w$_$7,6,26,30,Avis,Avis,avis,"[7, 8]",lowercase / apostrophe normalization
-s9qJ7ATP7w$_$7,7,32,35,the,the,the,[10],lowercase / apostrophe normalization
-s9qJ7ATP7w$_$7,8,36,39,guy,guy,guy,[11],lowercase / apostrophe normalization
-s9qJ7ATP7w$_$7,9,40,43,who,who,who,[12],lowercase / apostrophe normalization
-s9qJ7ATP7w$_$7,10,44,51,started,started,started,[13],lowercase / apostrophe normalization
-s9qJ7ATP7w$_$7,11,52,56,Avis,Avis,avis,"[14, 15]",lowercase / apostrophe normalization
-s9qJ7ATP7w$_$7,12,57,61,Rent,Rent,rent,[16],lowercase / apostrophe normalization
-s9qJ7ATP7w$_$7,13,62,63,a,a,a,[17],lowercase / apostrophe normalization
-s9qJ7ATP7w$_$7,14,64,67,Car,Car,car,[18],lowercase / apostrophe normalization
-s9qJ7ATP7w$_$7,15,69,72,and,and,and,[20],lowercase / apostrophe normalization
-s9qJ7ATP7w$_$7,16,73,75,he,he,he,[21],lowercase / apostrophe normalization
-s9qJ7ATP7w$_$7,17,76,80,said,said,said,[22],lowercase / apostrophe normalization
-s9qJ7ATP7w$_$7,18,81,83,to,to,to,[23],lowercase / apostrophe normalization
-s9qJ7ATP7w$_$7,19,84,86,me,me,me,[24],lowercase / apostrophe normalization
-s9qJ7ATP7w$_$7,20,87,90,one,one,one,[25],lowercase / apostrophe normalization
-s9qJ7ATP7w$_$7,21,91,94,day,day,day,[26],lowercase / apostrophe normalization
-s9qJ7ATP7w$_$7,22,97,103,Robert,Robert,robert,[29],lowercase / apostrophe normalization
-s9qJ7ATP7w$_$7,23,106,112,what's,what's,what's,"[32, 33, 34]",lowercase / apostrophe normalization
-s9qJ7ATP7w$_$7,24,113,116,the,the,the,[35],lowercase / apostrophe normalization
-s9qJ7ATP7w$_$7,25,117,124,purpose,purpose,purpose,[36],lowercase / apostrophe normalization
-s9qJ7ATP7w$_$7,26,125,127,of,of,of,[37],lowercase / apostrophe normalization
-s9qJ7ATP7w$_$7,27,128,136,business,business,business,[38],lowercase / apostrophe normalization
-s9qJ7ATP7w$_$6,0,0,3,But,But,but,[1],lowercase / apostrophe normalization
-s9qJ7ATP7w$_$6,1,4,5,I,I,i,[2],lowercase / apostrophe normalization
-s9qJ7ATP7w$_$6,2,6,10,just,just,just,[3],lowercase / apostrophe normalization
-s9qJ7ATP7w$_$6,3,11,15,kept,kept,kept,[4],lowercase / apostrophe normalization
-s9qJ7ATP7w$_$6,4,16,21,going,going,going,[5],lowercase / apostrophe normalization
-s9qJ7ATP7w$_$8,0,2,5,And,And,and,[2],lowercase / apostrophe normalization
-s9qJ7ATP7w$_$8,1,6,7,I,I,i,[3],lowercase / apostrophe normalization
-s9qJ7ATP7w$_$8,2,8,12,said,said,said,[4],lowercase / apostrophe normalization
-s9qJ7ATP7w$_$8,3,15,17,Oh,Oh,oh,[7],lowercase / apostrophe normalization
-s9qJ7ATP7w$_$8,4,19,23,make,make,make,[9],lowercase / apostrophe normalization
-s9qJ7ATP7w$_$8,5,24,25,a,a,a,[10],lowercase / apostrophe normalization
-s9qJ7ATP7w$_$8,6,26,32,profit,profit,profit,[11],lowercase / apostrophe normalization
-s9qJ7ATP7w$_$8,7,34,37,and,and,and,[13],lowercase / apostrophe normalization
-s9qJ7ATP7w$_$8,8,38,41,all,all,all,[14],lowercase / apostrophe normalization
-s9qJ7ATP7w$_$8,9,42,47,these,these,these,[15],lowercase / apostrophe normalization
-s9qJ7ATP7w$_$8,10,48,53,other,other,other,[16],lowercase / apostrophe normalization
-s9qJ7ATP7w$_$8,11,54,60,things,things,things,[17],lowercase / apostrophe normalization
-yRb-Jum7EQ$_$1,0,0,2,it,it,it,[1],lowercase / apostrophe normalization
-yRb-Jum7EQ$_$1,1,3,8,comes,comes,comes,[2],lowercase / apostrophe normalization
-yRb-Jum7EQ$_$1,2,9,13,with,with,with,[3],lowercase / apostrophe normalization
-yRb-Jum7EQ$_$1,3,14,17,the,the,the,[4],lowercase / apostrophe normalization
-yRb-Jum7EQ$_$1,4,18,28,assistance,assistance,assistance,[5],lowercase / apostrophe normalization
-yRb-Jum7EQ$_$1,5,29,32,and,and,and,[6],lowercase / apostrophe normalization
-yRb-Jum7EQ$_$1,6,33,42,agitation,agitation,agitation,[7],lowercase / apostrophe normalization
-yRb-Jum7EQ$_$1,7,43,45,of,of,of,[8],lowercase / apostrophe normalization
-yRb-Jum7EQ$_$1,8,46,52,states,states,states,[9],lowercase / apostrophe normalization
-yRb-Jum7EQ$_$1,9,53,56,and,and,and,[10],lowercase / apostrophe normalization
-yRb-Jum7EQ$_$1,10,57,64,regimes,regimes,regimes,[11],lowercase / apostrophe normalization
-yRb-Jum7EQ$_$1,11,66,75,Yesterday,Yesterday,yesterday,[13],lowercase / apostrophe normalization
-yRb-Jum7EQ$_$1,12,76,80,Iran,Iran,iran,[14],lowercase / apostrophe normalization
-yRb-Jum7EQ$_$1,13,81,90,announced,announced,announced,[15],lowercase / apostrophe normalization
-yRb-Jum7EQ$_$1,14,91,95,that,that,that,[16],lowercase / apostrophe normalization
-yRb-Jum7EQ$_$1,15,96,98,it,it,it,[17],lowercase / apostrophe normalization
-yRb-Jum7EQ$_$1,16,99,103,will,will,will,[18],lowercase / apostrophe normalization
-yRb-Jum7EQ$_$1,17,104,111,finance,finance,finance,[19],lowercase / apostrophe normalization
-yRb-Jum7EQ$_$1,18,112,115,the,the,the,[20],lowercase / apostrophe normalization
-yRb-Jum7EQ$_$1,19,116,124,families,families,families,[21],lowercase / apostrophe normalization
-yRb-Jum7EQ$_$1,20,125,127,of,of,of,[22],lowercase / apostrophe normalization
-yRb-Jum7EQ$_$1,21,128,131,the,the,the,[23],lowercase / apostrophe normalization
-yRb-Jum7EQ$_$1,22,132,142,terrorists,terrorists,terrorists,[24],lowercase / apostrophe normalization
-yRb-Jum7EQ$_$1,23,143,146,and,and,and,[25],lowercase / apostrophe normalization
-yRb-Jum7EQ$_$1,24,147,156,murderers,murderers,murderers,[26],lowercase / apostrophe normalization
-yRb-Jum7EQ$_$1,25,157,161,this,this,this,[27],lowercase / apostrophe normalization
-yRb-Jum7EQ$_$1,26,162,167,shows,shows,shows,[28],lowercase / apostrophe normalization
-yRb-Jum7EQ$_$1,27,168,172,that,that,that,[29],lowercase / apostrophe normalization
-yRb-Jum7EQ$_$1,28,173,177,Iran,Iran,iran,[30],lowercase / apostrophe normalization
-yRb-Jum7EQ$_$1,29,179,183,even,even,even,[32],lowercase / apostrophe normalization
-yRb-Jum7EQ$_$1,30,184,189,after,after,after,[33],lowercase / apostrophe normalization
-yRb-Jum7EQ$_$1,31,190,193,the,the,the,[34],lowercase / apostrophe normalization
-yRb-Jum7EQ$_$1,32,194,201,nuclear,nuclear,nuclear,[35],lowercase / apostrophe normalization
-yRb-Jum7EQ$_$1,33,202,211,agreement,agreement,agreement,[36],lowercase / apostrophe normalization
-yRb-Jum7EQ$_$1,34,213,215,is,is,is,[38],lowercase / apostrophe normalization
-yRb-Jum7EQ$_$1,35,216,226,continuing,continuing,continuing,[39],lowercase / apostrophe normalization
-yRb-Jum7EQ$_$1,36,227,229,to,to,to,[40],lowercase / apostrophe normalization
-yRb-Jum7EQ$_$1,37,230,233,aid,aid,aid,[41],lowercase / apostrophe normalization
-yRb-Jum7EQ$_$1,38,234,243,terrorism,terrorism,terrorism,[42],lowercase / apostrophe normalization
-yRb-Jum7EQ$_$1,39,245,254,including,including,including,[44],lowercase / apostrophe normalization
-yRb-Jum7EQ$_$1,40,255,266,Palestinian,Palestinian,palestinian,[45],lowercase / apostrophe normalization
-yRb-Jum7EQ$_$1,41,267,276,terrorism,terrorism,terrorism,[46],lowercase / apostrophe normalization
-yRb-Jum7EQ$_$1,42,278,287,Hezbollah,Hezbollah,hezbollah,[48],lowercase / apostrophe normalization
-yRb-Jum7EQ$_$1,43,288,297,terrorism,terrorism,terrorism,[49],lowercase / apostrophe normalization
-yRb-Jum7EQ$_$1,44,298,301,and,and,and,[50],lowercase / apostrophe normalization
-yRb-Jum7EQ$_$1,45,302,305,its,its,its,[51],lowercase / apostrophe normalization
-yRb-Jum7EQ$_$1,46,306,316,assistance,assistance,assistance,[52],lowercase / apostrophe normalization
-yRb-Jum7EQ$_$1,47,317,319,to,to,to,[53],lowercase / apostrophe normalization
-yRb-Jum7EQ$_$1,48,320,325,Hamas,Hamas,hamas,[54],lowercase / apostrophe normalization
-yRb-Jum7EQ$_$5,0,0,9,Yesterday,Yesterday,yesterday,[1],lowercase / apostrophe normalization
-yRb-Jum7EQ$_$5,1,10,15,Eliav,Eliav,eliav,"[2, 3]",lowercase / apostrophe normalization
-yRb-Jum7EQ$_$5,2,16,22,Gelman,Gelman,gelman,"[4, 5]",lowercase / apostrophe normalization
-yRb-Jum7EQ$_$5,3,23,27,lost,lost,lost,[6],lowercase / apostrophe normalization
-yRb-Jum7EQ$_$5,4,28,31,his,his,his,[7],lowercase / apostrophe normalization
-yRb-Jum7EQ$_$5,5,32,36,life,life,life,[8],lowercase / apostrophe normalization
-yRb-Jum7EQ$_$5,6,37,39,in,in,in,[9],lowercase / apostrophe normalization
-yRb-Jum7EQ$_$5,7,40,47,another,another,another,[10],lowercase / apostrophe normalization
-yRb-Jum7EQ$_$5,8,48,57,terrorist,terrorist,terrorist,[11],lowercase / apostrophe normalization
-yRb-Jum7EQ$_$5,9,58,64,attack,attack,attack,[12],lowercase / apostrophe normalization
-yRb-Jum7EQ$_$5,10,66,69,not,not,not,[14],lowercase / apostrophe normalization
-yRb-Jum7EQ$_$5,11,70,72,by,by,by,[15],lowercase / apostrophe normalization
-yRb-Jum7EQ$_$5,12,73,76,the,the,the,[16],lowercase / apostrophe normalization
-yRb-Jum7EQ$_$5,13,77,85,students,students,students,[17],lowercase / apostrophe normalization
-yRb-Jum7EQ$_$5,14,86,88,of,of,of,[18],lowercase / apostrophe normalization
-yRb-Jum7EQ$_$5,15,89,98,terrorism,terrorism,terrorism,[19],lowercase / apostrophe normalization
-yRb-Jum7EQ$_$5,16,100,103,but,but,but,[21],lowercase / apostrophe normalization
-yRb-Jum7EQ$_$5,17,104,106,by,by,by,[22],lowercase / apostrophe normalization
-yRb-Jum7EQ$_$5,18,107,112,those,those,those,[23],lowercase / apostrophe normalization
-yRb-Jum7EQ$_$5,19,113,116,who,who,who,[24],lowercase / apostrophe normalization
-yRb-Jum7EQ$_$5,20,117,122,teach,teach,teach,[25],lowercase / apostrophe normalization
-yRb-Jum7EQ$_$5,21,123,132,terrorism,terrorism,terrorism,[26],lowercase / apostrophe normalization
-yRb-Jum7EQ$_$5,22,134,135,a,a,a,[28],lowercase / apostrophe normalization
-yRb-Jum7EQ$_$5,23,136,147,Palestinian,Palestinian,palestinian,[29],lowercase / apostrophe normalization
-yRb-Jum7EQ$_$5,24,148,155,teacher,teacher,teacher,[30],lowercase / apostrophe normalization
-yRb-Jum7EQ$_$6,0,0,9,Therefore,Therefore,therefore,[1],lowercase / apostrophe normalization
-yRb-Jum7EQ$_$6,1,11,14,the,the,the,[3],lowercase / apostrophe normalization
-yRb-Jum7EQ$_$6,2,15,20,world,world,world,[4],lowercase / apostrophe normalization
-yRb-Jum7EQ$_$6,3,21,26,needs,needs,needs,[5],lowercase / apostrophe normalization
-yRb-Jum7EQ$_$6,4,27,29,to,to,to,[6],lowercase / apostrophe normalization
-yRb-Jum7EQ$_$6,5,30,35,stand,stand,stand,[7],lowercase / apostrophe normalization
-yRb-Jum7EQ$_$6,6,36,40,with,with,with,[8],lowercase / apostrophe normalization
-yRb-Jum7EQ$_$6,7,41,47,Israel,Israel,israel,[9],lowercase / apostrophe normalization
-yRb-Jum7EQ$_$6,8,48,55,against,against,against,[10],lowercase / apostrophe normalization
-yRb-Jum7EQ$_$6,9,56,60,this,this,this,[11],lowercase / apostrophe normalization
-yRb-Jum7EQ$_$6,10,61,71,incitement,incitement,incitement,"[12, 13, 14]",lowercase / apostrophe normalization
-yRb-Jum7EQ$_$6,11,73,78,which,which,which,[16],lowercase / apostrophe normalization
-yRb-Jum7EQ$_$6,12,79,81,is,is,is,[17],lowercase / apostrophe normalization
-yRb-Jum7EQ$_$6,13,82,85,the,the,the,[18],lowercase / apostrophe normalization
-yRb-Jum7EQ$_$6,14,86,92,number,number,number,[19],lowercase / apostrophe normalization
-yRb-Jum7EQ$_$6,15,93,96,one,one,one,[20],lowercase / apostrophe normalization
-yRb-Jum7EQ$_$6,16,97,102,cause,cause,cause,[21],lowercase / apostrophe normalization
-yRb-Jum7EQ$_$6,17,103,105,of,of,of,[22],lowercase / apostrophe normalization
-yRb-Jum7EQ$_$6,18,106,115,terrorism,terrorism,terrorism,[23],lowercase / apostrophe normalization
