split,id,polarity,final_intensity,raw_intensity,classification_principal_modality,classification_modal_scores_T,classification_modal_scores_A,classification_modal_scores_V,classification_modality_shares_T,classification_modality_shares_A,classification_modality_shares_V,regression_principal_modality,regression_modal_scores_T,regression_modal_scores_A,regression_modal_scores_V,regression_modality_shares_T,regression_modality_shares_A,regression_modality_shares_V,precision_weight_T,precision_weight_A,precision_weight_V,available_T,available_A,available_V
valid,-UacrmKiTn4$_$7,2,0.5828132629394531,0.5828132629394531,T,2.322199583053589,-0.00859537161886692,0.18304923176765442,0.9237642884254456,0.0034192141611129045,0.07281645387411118,T,0.1476915180683136,0.011044972576200962,0.023043394088745117,0.8124744296073914,0.060760144144296646,0.12676537036895752,0.4158720076084137,0.30530592799186707,0.2788220942020416,True,True,True
valid,-qDkUB0GgYY$_$5,2,0.3624895513057709,0.3624895513057709,T,-0.953764796257019,0.36208590865135193,0.41362327337265015,0.551476776599884,0.20936186611652374,0.23916129767894745,V,0.021140553057193756,0.035898495465517044,0.04939195141196251,0.19863153994083405,0.3372935950756073,0.46407485008239746,0.5020634531974792,0.25180870294570923,0.24612785875797272,True,True,True
valid,0utROiKxejc$_$1,2,0.40362024307250977,0.40362024307250977,T,1.9826562404632568,0.10918761789798737,-0.03452884405851364,0.9324124455451965,0.05134924128651619,0.0162383783608675,T,0.11408020555973053,0.023078659549355507,-0.01679019071161747,0.7410256266593933,0.14991100132465363,0.1090632826089859,0.407502144575119,0.2831258773803711,0.3093720078468323,True,True,True
valid,0utROiKxejc$_$4,0,-1.1958715915679932,-1.1958715915679932,T,5.638138771057129,0.016464615240693092,-0.05197817087173462,0.9880063533782959,0.0028851975221186876,0.009108460508286953,T,-0.4680759310722351,0.05141386762261391,-0.02034178003668785,0.8670777082443237,0.09524057060480118,0.03768171742558479,0.4140188992023468,0.27587446570396423,0.3101066052913666,True,True,True
valid,0y022OlZ3W0$_$3,2,1.3931634426116943,1.3931634426116943,T,6.102055549621582,0.487314909696579,0.4587280750274658,0.8657733201980591,0.06914132833480835,0.06508536636829376,T,0.4579879343509674,0.00692658219486475,0.022984467446804047,0.9386941194534302,0.014196754433214664,0.04710906744003296,0.4273935854434967,0.28566086292266846,0.28694555163383484,True,True,True
valid,0y022OlZ3W0$_$5,0,-0.3707280158996582,-0.3707280158996582,T,1.385703444480896,0.023202890530228615,0.08757974952459335,0.925971508026123,0.015504916198551655,0.058523599058389664,T,-0.19098718464374542,0.038364164531230927,0.01342009101063013,0.7866954803466797,0.158025860786438,0.055278707295656204,0.4641600549221039,0.2542850077152252,0.2815549671649933,True,True,True
valid,0y022OlZ3W0$_$8,1,0.0,0.23707370460033417,T,1.6550421714782715,-0.16697636246681213,-0.4237396717071533,0.73696368932724,0.07435189187526703,0.18868447840213776,A,0.010210750624537468,0.05053337663412094,0.0034534698352217674,0.15905191004276276,0.7871536612510681,0.05379437655210495,0.5021816492080688,0.27585452795028687,0.22196386754512787,True,True,True
valid,101787$_$11,1,0.0,-0.14339226484298706,T,1.458686113357544,0.05850355327129364,-0.0582975335419178,0.9258635640144348,0.03713362663984299,0.03700286149978638,T,-0.030194155871868134,-0.009090417996048927,-0.02354138344526291,0.4806000292301178,0.1446920782327652,0.3747079372406006,0.4512304961681366,0.2719877362251282,0.27678176760673523,True,True,True
valid,101787$_$13,2,1.1868085861206055,1.1868085861206055,T,4.757472991943359,0.11508609354496002,-0.007322785444557667,0.974915623664856,0.02358378656208515,0.0015006071189418435,T,0.46607455611228943,-0.007205326110124588,-0.055436186492443085,0.8815214037895203,0.013627968728542328,0.10485057532787323,0.3765066862106323,0.3010818362236023,0.32241150736808777,True,True,True
valid,101787$_$1,2,0.10396736860275269,0.10396736860275269,T,-0.11716008186340332,0.023091480135917664,-0.03724927455186844,0.6600536704063416,0.13009223341941833,0.20985406637191772,T,0.08652293682098389,-0.037722501903772354,-0.029122842475771904,0.5641514658927917,0.2459602653980255,0.18988829851150513,0.4339708387851715,0.27627840638160706,0.2897508144378662,True,True,True
valid,101787$_$5,0,-1.293527603149414,-1.293527603149414,T,5.6127166748046875,-0.08013942837715149,0.11692511290311813,0.9660804867744446,0.013793880119919777,0.020125560462474823,T,-0.43338483572006226,-0.021411988884210587,-0.02153538167476654,0.9098373651504517,0.044951800256967545,0.04521084576845169,0.39854875206947327,0.2983129322528839,0.3031383454799652,True,True,True
valid,101787$_$7,2,0.9536796808242798,0.9536796808242798,T,3.678276538848877,-0.04203993082046509,-0.05710666626691818,0.9737528562545776,0.011129261925816536,0.015117889270186424,T,0.37057560682296753,-0.017707308754324913,-0.03855857625603676,0.8681808114051819,0.04148450493812561,0.09033464640378952,0.37770476937294006,0.30840128660202026,0.3138939440250397,True,True,True
valid,101787$_$9,1,0.0,-0.285758912563324,T,2.1590795516967773,0.049495868384838104,-0.02053634263575077,0.9685828685760498,0.02220430038869381,0.009212790988385677,T,-0.10378506779670715,-0.0011957506649196148,-0.005553903058171272,0.9389363527297974,0.01081787422299385,0.050245776772499084,0.4800625443458557,0.24327592551708221,0.2766614854335785,True,True,True
valid,102408$_$2,0,-0.26842182874679565,-0.26842182874679565,T,-0.19567060470581055,0.012720652855932713,0.01972632110118866,0.8577620387077332,0.05576357990503311,0.08647435158491135,T,-0.1508295089006424,-0.0058027212508022785,0.05192628875374794,0.7231999635696411,0.027822988107800484,0.24897707998752594,0.5007566213607788,0.25872835516929626,0.24051502346992493,True,True,True
valid,102408$_$5,2,0.11738057434558868,0.11738057434558868,T,0.4039038419723511,0.2915884256362915,0.396565318107605,0.3698558211326599,0.2670082747936249,0.3631359040737152,V,-0.036059293895959854,0.019000399857759476,0.04121364653110504,0.3745511770248413,0.1973588913679123,0.4280899167060852,0.47108736634254456,0.2751558721065521,0.2537567615509033,True,True,True
valid,102408$_$9,0,-0.21092665195465088,-0.21092665195465088,T,1.6316951513290405,0.03561035171151161,0.04150503873825073,0.9548718929290771,0.020839262753725052,0.024288848042488098,T,-0.16393105685710907,0.009240134619176388,0.06927374005317688,0.6761578917503357,0.038112301379442215,0.2857297956943512,0.5102307796478271,0.2947797179222107,0.19498953223228455,True,True,True
valid,102858$_$20,2,0.12590041756629944,0.12590041756629944,T,-0.19988715648651123,0.1640266627073288,0.12772899866104126,0.40656986832618713,0.3336297273635864,0.25980037450790405,A,0.02365962229669094,0.03902638331055641,-0.03568662703037262,0.24051021039485931,0.39671993255615234,0.36276987195014954,0.45123809576034546,0.2637436091899872,0.28501832485198975,True,True,True
valid,102858$_$21,0,-1.50101900100708,-1.50101900100708,T,6.060091018676758,-0.040464818477630615,-0.11343226581811905,0.9752337336540222,0.0065118917264044285,0.018254341557621956,T,-0.5624216794967651,0.035685330629348755,-0.03801489248871803,0.8841413855552673,0.05609825998544693,0.05976039171218872,0.40695369243621826,0.2855694591999054,0.30747678875923157,True,True,True
valid,102858$_$1,1,0.0,0.07249745726585388,T,0.9331638813018799,-0.07865571975708008,-0.1985541731119156,0.7709716558456421,0.06498465687036514,0.16404367983341217,A,0.003938579931855202,0.03439858555793762,-0.02915871888399124,0.058352891355752945,0.5096397399902344,0.432007372379303,0.4578084647655487,0.2704019248485565,0.27178969979286194,True,True,True
valid,102858$_$0,2,0.13193367421627045,0.13193367421627045,T,1.3471591472625732,0.24051415920257568,0.037698447704315186,0.8288314342498779,0.1479748636484146,0.023193739354610443,T,0.06482076644897461,0.0123947374522686,-0.048201315104961395,0.5168427228927612,0.09882835298776627,0.3843289613723755,0.4207397401332855,0.2686488926410675,0.3106113076210022,True,True,True
valid,102858$_$4,2,0.9285343885421753,0.9285343885421753,T,3.627443552017212,0.032935384660959244,-0.0290876105427742,0.9831891655921936,0.008926869370043278,0.00788396131247282,T,0.3413396179676056,0.002161656739190221,-0.03848830610513687,0.8935835957527161,0.005658941809087992,0.10075747966766357,0.3871632218360901,0.3005405366420746,0.3122962415218353,True,True,True
valid,102858$_$6,2,1.445915937423706,1.445915937423706,T,5.098140239715576,0.0875123143196106,-0.06412620097398758,0.971115231513977,0.01666971482336521,0.012215029448270798,T,0.5493873357772827,0.003966228570789099,-0.04279588907957077,0.921559751033783,0.0066530779004096985,0.07178718596696854,0.3689116835594177,0.3070268929004669,0.32406145334243774,True,True,True
valid,102858$_$10,2,1.7745552062988281,1.7745552062988281,T,6.026039123535156,0.03527950495481491,-0.03908967971801758,0.9878091812133789,0.005783138331025839,0.006407715380191803,T,0.6721131801605225,0.006921274587512016,-0.014027969911694527,0.9697729349136353,0.009986509568989277,0.020240558311343193,0.3560549020767212,0.31723546981811523,0.3267095685005188,True,True,True
valid,102858$_$17,1,0.0,-0.15184104442596436,T,1.7765064239501953,0.0584007129073143,0.06933115422725677,0.9329223036766052,0.030668804422020912,0.036408863961696625,T,-0.08434080332517624,0.025849424302577972,-0.007157671265304089,0.7187244892120361,0.220280259847641,0.06099531054496765,0.4533228278160095,0.26866409182548523,0.27801305055618286,True,True,True
valid,102858$_$19,1,0.0,0.039117611944675446,T,2.2045576572418213,-0.05730321258306503,-0.06174945831298828,0.948763906955719,0.024661283940076828,0.026574790477752686,T,0.042694129049777985,-0.004720719065517187,-0.03992554545402527,0.4888245761394501,0.054049666970968246,0.45712578296661377,0.45709460973739624,0.27107295393943787,0.2718324661254883,True,True,True
valid,112433$_$10,1,0.0,0.015439317561686039,T,2.8076202869415283,0.05460425093770027,-0.06270253658294678,0.959894061088562,0.018668584525585175,0.021437298506498337,T,-0.01895132288336754,-0.004285857547074556,0.013391581363976002,0.5173891186714172,0.11700798571109772,0.36560291051864624,0.45426836609840393,0.27251991629600525,0.2732117474079132,True,True,True
valid,112433$_$3,0,-0.02937796711921692,-0.02937796711921692,V,0.008598685264587402,0.03748130053281784,0.05582389980554581,0.08438035100698471,0.36781030893325806,0.547809362411499,T,-0.07182304561138153,0.038165491074323654,0.0088724996894598,0.6042606234550476,0.32109335064888,0.0746459886431694,0.4547368884086609,0.24908463656902313,0.2961784899234772,True,True,True
valid,112433$_$7,2,0.12450522184371948,0.12450522184371948,T,2.485036849975586,-0.1782466620206833,0.0478023961186409,0.9166204333305359,0.06574732810258865,0.017632193863391876,T,0.09159673005342484,-0.05129077285528183,-0.013772442936897278,0.5846850872039795,0.3274019658565521,0.08791298419237137,0.39323148131370544,0.3031182289123535,0.3036503195762634,True,True,True
valid,112433$_$6,0,-1.6753921508789062,-1.6753921508789062,T,7.03858757019043,0.013890592381358147,0.11041870713233948,0.9826453328132629,0.0019392422400414944,0.015415369533002377,T,-0.6547321677207947,0.027317436411976814,-0.018175601959228516,0.9350308179855347,0.0390123575925827,0.02595679461956024,0.40345630049705505,0.28408291935920715,0.3124607801437378,True,True,True
valid,117tQqLjza4$_$6,2,0.3374175429344177,0.3374175429344177,T,-0.6148773431777954,0.11897739768028259,0.22681033611297607,0.6400538086891174,0.12384898215532303,0.23609718680381775,T,0.10218070447444916,-0.003291869768872857,-0.000930521753616631,0.9603170156478882,0.03093772567808628,0.008745250292122364,0.46337032318115234,0.2738586664199829,0.26277098059654236,True,True,True
valid,11j7EfglCAs$_$2,2,0.26249411702156067,0.26249411702156067,T,1.0038280487060547,0.07155834883451462,0.1882363259792328,0.7944048643112183,0.056629519909620285,0.14896559715270996,T,0.09274384379386902,0.016462109982967377,-0.03647567331790924,0.6366201043128967,0.11300059407949448,0.25037938356399536,0.43149641156196594,0.28443774580955505,0.284065842628479,True,True,True
valid,121128$_$10,2,1.135688304901123,1.135688304901123,T,4.992945671081543,0.13413041830062866,0.07394316792488098,0.9599936604499817,0.025789255276322365,0.014217053540050983,T,0.4002031087875366,-0.012459130957722664,-0.004355153534561396,0.9596796631813049,0.029876764863729477,0.010443577542901039,0.3872901201248169,0.3058168590068817,0.3068930506706238,True,True,True
valid,121128$_$1,1,0.0,0.042332444339990616,T,4.223026275634766,0.015281797386705875,0.007926292717456818,0.994534432888031,0.003598905634135008,0.0018666639225557446,T,-0.022279180586338043,0.011478036642074585,0.009920811280608177,0.5100774765014648,0.262787401676178,0.2271350473165512,0.49791035056114197,0.2574138939380646,0.24467578530311584,True,True,True
valid,121128$_$0,1,0.0,-0.04344131052494049,T,3.552711248397827,-0.26906055212020874,-0.05167919397354126,0.9171953797340393,0.06946274638175964,0.013341899961233139,T,-0.04368365556001663,0.021755414083600044,-0.007545292377471924,0.5985344648361206,0.29808324575424194,0.10338231921195984,0.49454423785209656,0.23666195571422577,0.2687937915325165,True,True,True
valid,121128$_$5,2,1.4959527254104614,1.4959527254104614,T,5.537408828735352,0.542579174041748,0.3270547389984131,0.8642690777778625,0.0846848115324974,0.051046133041381836,T,0.5762680768966675,-0.010353593155741692,-0.03339759260416031,0.9294357895851135,0.016698824241757393,0.05386541038751602,0.4259786009788513,0.2636626362800598,0.31035876274108887,True,True,True
valid,125344$_$0,1,0.0,0.13041768968105316,T,2.371037244796753,0.009721137583255768,-0.0816391110420227,0.9628978967666626,0.003947834484279156,0.03315431997179985,T,-0.09802643954753876,0.046423956751823425,0.08011038601398468,0.4365251958370209,0.20673225820064545,0.3567425608634949,0.5167902112007141,0.2789360582828522,0.20427367091178894,True,True,True
valid,125676$_$0,1,0.0,0.23634323477745056,T,1.8613569736480713,-0.03768922761082649,-0.2729898691177368,0.8569640517234802,0.01735202595591545,0.12568384408950806,V,0.013272261247038841,0.01874792017042637,0.03193240240216255,0.2075328528881073,0.29315346479415894,0.49931374192237854,0.46836039423942566,0.28506284952163696,0.24657677114009857,True,True,True
valid,125676$_$4,2,1.241553783416748,1.241553783416748,T,5.126748561859131,0.5058481693267822,0.5511267781257629,0.8290714025497437,0.08180316537618637,0.0891253873705864,T,0.391072154045105,0.015155389904975891,0.01902986317873001,0.9196128249168396,0.03563815727829933,0.044749047607183456,0.45720943808555603,0.2807501554489136,0.2620404064655304,True,True,True
valid,128059$_$11,0,-1.2467546463012695,-1.2467546463012695,T,5.289591312408447,0.04263853281736374,0.09628242254257202,0.9744090437889099,0.007854552008211613,0.01773642934858799,T,-0.4834177494049072,0.03861135244369507,-0.012528900057077408,0.9043316841125488,0.07223042845726013,0.023437868803739548,0.4161810874938965,0.2749027907848358,0.3089161217212677,True,True,True
valid,128059$_$12,2,0.5423943996429443,0.5423943996429443,T,1.4788620471954346,0.26116126775741577,-0.0855848416686058,0.8100653886795044,0.14305438101291656,0.04688017815351486,T,0.13871005177497864,0.03771478682756424,-0.008609272539615631,0.7496458888053894,0.2038261443376541,0.046528033912181854,0.4278988540172577,0.26144659519195557,0.31065452098846436,True,True,True
valid,128059$_$2,0,-0.5732157230377197,-0.5732157230377197,T,1.9783638715744019,-0.013516608625650406,-0.010614894330501556,0.9879491925239563,0.006749881897121668,0.005300832912325859,T,-0.219121053814888,0.012374050915241241,-0.0016945366514846683,0.9396688938140869,0.05306432396173477,0.007266774773597717,0.4237547516822815,0.2773261070251465,0.298919141292572,True,True,True
valid,128059$_$7,1,0.0,-0.04124823212623596,T,3.1010608673095703,0.0052179619669914246,-0.02957678586244583,0.9889041781425476,0.001663967501372099,0.009431807324290276,V,-0.020248159766197205,0.013377556577324867,-0.02187175676226616,0.3648483455181122,0.24104803800582886,0.39410367608070374,0.46921971440315247,0.25597378611564636,0.27480652928352356,True,True,True
valid,128059$_$6,2,1.1778753995895386,1.1778753995895386,T,4.0602126121521,0.09708081185817719,-0.16767731308937073,0.9387838244438171,0.022446582093834877,0.03876958414912224,T,0.40996450185775757,-0.005106174387037754,-0.004950585775077343,0.9760565161705017,0.01215694285929203,0.011786512099206448,0.3820692300796509,0.299232542514801,0.3186982572078705,True,True,True
valid,128059$_$9,1,0.0,0.11607906222343445,T,0.9860132932662964,-0.16653397679328918,0.05022835731506348,0.8197816014289856,0.13845805823802948,0.04176037386059761,A,-0.009046221151947975,0.039478521794080734,-0.006712046451866627,0.16377165913581848,0.7147142887115479,0.12151405960321426,0.4372352957725525,0.2601303160190582,0.30263444781303406,True,True,True
valid,128763$_$12,1,0.0,0.12562163174152374,T,1.9345589876174927,0.039046697318553925,-0.28208374977111816,0.8576353788375854,0.017310315743088722,0.12505434453487396,V,-0.015295500867068768,-0.010097842663526535,0.05229963734745979,0.1968710720539093,0.12997110188007355,0.6731577515602112,0.4657692015171051,0.2921006381511688,0.2421301305294037,True,True,True
valid,128763$_$3,0,-2.061701774597168,-2.061701774597168,T,8.617984771728516,0.004168777726590633,0.18939827382564545,0.978032648563385,0.00047310374793596566,0.021494317799806595,T,-0.8397313356399536,0.0022245508152991533,-0.020180437713861465,0.9740121960639954,0.002580277156084776,0.023407477885484695,0.39320552349090576,0.29513677954673767,0.31165769696235657,True,True,True
valid,128763$_$2,1,0.0,0.005618872120976448,T,4.017317295074463,0.01290846150368452,-0.08178021013736725,0.9769725799560547,0.0031392124947160482,0.019888153299689293,V,0.035564348101615906,-0.011815840378403664,-0.03686762973666191,0.4221397340297699,0.1402510106563568,0.43760934472084045,0.47079089283943176,0.2647258937358856,0.2644832134246826,True,True,True
valid,128763$_$5,1,0.0,0.14550262689590454,T,0.821554958820343,0.02373082935810089,-0.05477196350693703,0.9127802848815918,0.026365896686911583,0.06085383519530296,T,0.06092327460646629,-0.00634116493165493,-0.02103523723781109,0.6899603605270386,0.07181413471698761,0.2382255345582962,0.4393971264362335,0.28181207180023193,0.27879080176353455,True,True,True
valid,128763$_$7,0,-0.6078935861587524,-0.6078935861587524,T,2.521986484527588,0.0063829259015619755,0.05125785246491432,0.9776553511619568,0.002474359702318907,0.019870255142450333,T,-0.2429063618183136,0.0030646976083517075,0.01937471143901348,0.915433406829834,0.011549827642738819,0.07301685214042664,0.42946749925613403,0.28114622831344604,0.2893863320350647,True,True,True
valid,128763$_$8,0,-0.8176262378692627,-0.8176262378692627,T,2.81231689453125,0.005323899909853935,0.1345854550600052,0.9526088833808899,0.0018033509841188788,0.04558778554201126,T,-0.25454893708229065,-0.026141222566366196,-0.01390982884913683,0.8640493750572205,0.08873463422060013,0.047215986996889114,0.41398242115974426,0.2931683361530304,0.29284921288490295,True,True,True
valid,130456$_$11,2,1.0816447734832764,1.0816447734832764,T,3.4748897552490234,0.09836294502019882,0.156515970826149,0.9316635727882385,0.0263723973184824,0.04196398705244064,T,0.35988035798072815,0.01636025868356228,-0.013716695830225945,0.9228711724281311,0.04195397347211838,0.035174865275621414,0.40003156661987305,0.29900696873664856,0.3009614646434784,True,True,True
valid,130456$_$3,0,-0.7954492568969727,-0.7954492568969727,T,3.4449751377105713,-0.036231622099876404,0.054233357310295105,0.9744120240211487,0.010248122736811638,0.015339917503297329,T,-0.34021618962287903,0.022104181349277496,0.031480416655540466,0.8639296889305115,0.056130360811948776,0.07993995398283005,0.43115881085395813,0.29113155603408813,0.2777096927165985,True,True,True
valid,130456$_$5,0,-0.4026834964752197,-0.4026834964752197,T,2.9932703971862793,-0.08714671432971954,-0.034803714603185654,0.9608533978462219,0.027974490076303482,0.011172150261700153,T,-0.1629784107208252,-0.001429541502147913,0.01437307521700859,0.9116090536117554,0.007996046915650368,0.08039485663175583,0.4160955846309662,0.28721877932548523,0.2966856360435486,True,True,True
valid,130456$_$4,1,0.0,-0.02264167182147503,T,3.2267343997955322,0.052624452859163284,-0.03610541671514511,0.9732375741004944,0.015872422605752945,0.01089000329375267,T,-0.05327892303466797,0.013863087631762028,0.016876380890607834,0.63413405418396,0.16500063240528107,0.20086531341075897,0.4705209732055664,0.26466676592826843,0.26481229066848755,True,True,True
valid,130456$_$7,0,-1.4179004430770874,-1.4179004430770874,T,7.300666809082031,-0.17387738823890686,0.3319331407546997,0.9352063536643982,0.022273477166891098,0.04252022132277489,T,-0.569231390953064,0.04713721200823784,-0.006353762000799179,0.9141014814376831,0.07569539546966553,0.01020320225507021,0.4073752760887146,0.2918631434440613,0.30076152086257935,True,True,True
valid,130456$_$6,0,-0.1594673991203308,-0.1594673991203308,T,-0.1247713565826416,-0.030898094177246094,0.009000160731375217,0.7577072381973267,0.18763688206672668,0.05465586856007576,T,-0.09318900108337402,0.022794684395194054,0.002196266083046794,0.7885347604751587,0.19288113713264465,0.018584083765745163,0.45126378536224365,0.2680708169937134,0.28066539764404297,True,True,True
valid,188343$_$13,2,0.35531800985336304,0.35531800985336304,T,0.34424686431884766,0.22849968075752258,0.1060936450958252,0.5071103572845459,0.3366030752658844,0.15628664195537567,T,0.13528293371200562,-0.012757864780724049,-0.01851930469274521,0.8122168779373169,0.07659615576267242,0.1111869141459465,0.44649314880371094,0.2642948031425476,0.28921201825141907,True,True,True
valid,188343$_$12,0,-2.265819787979126,-2.265819787979126,T,10.024532318115234,0.034888677299022675,0.007198043167591095,0.9958192110061646,0.00346577912569046,0.0007150407764129341,T,-1.0086588859558105,0.002293963450938463,0.006254042498767376,0.9915965795516968,0.0022551591973751783,0.006148250307887793,0.4213566780090332,0.28697219491004944,0.29167115688323975,True,True,True
valid,188343$_$5,1,0.0,-0.0922078788280487,T,1.465267539024353,-0.031040776520967484,0.0010680034756660461,0.9785566329956055,0.02073010988533497,0.0007132499013096094,T,-0.07672126591205597,0.02675754949450493,0.004225979559123516,0.7123291492462158,0.2484341561794281,0.03923668712377548,0.5073993802070618,0.2313968986272812,0.26120373606681824,True,True,True
valid,188343$_$9,2,0.45699378848075867,0.45699378848075867,A,0.36254096031188965,0.37508201599121094,0.10366517305374146,0.4309355318546295,0.4458425045013428,0.12322195619344711,T,0.1447853446006775,0.002145026810467243,-0.008396224118769169,0.9321349859237671,0.01380978524684906,0.054055292159318924,0.46668171882629395,0.2411241978406906,0.29219403862953186,True,True,True
valid,188343$_$8,0,-1.5611591339111328,-1.5611591339111328,T,7.342820167541504,-0.010175976902246475,-0.007057741284370422,0.9976584911346436,0.001382595393806696,0.0009589252294972539,T,-0.6062092781066895,0.017100881785154343,-0.0027531881351023912,0.968287467956543,0.027314938604831696,0.004397619049996138,0.42598503828048706,0.26842111349105835,0.3055938482284546,True,True,True
valid,1HK7Nea0PFo$_$1,1,0.0,0.034843429923057556,T,1.7120712995529175,0.004790049046278,-0.13503116369247437,0.9244982004165649,0.0025865696370601654,0.0729152262210846,T,-0.04341953992843628,0.016835059970617294,0.023207392543554306,0.520231306552887,0.2017093002796173,0.2780594229698181,0.4872249364852905,0.2880057096481323,0.22476930916309357,True,True,True
valid,216097$_$1,0,-0.7819211483001709,-0.7819211483001709,T,3.8854494094848633,-0.03228232264518738,0.21864593029022217,0.9393361806869507,0.007804490625858307,0.05285927280783653,T,-0.29177552461624146,0.0070835137739777565,0.0029045389965176582,0.9669011235237122,0.023473720997571945,0.009625214152038097,0.4234110414981842,0.3003993332386017,0.2761895954608917,True,True,True
valid,216097$_$2,1,0.0,-0.11047869920730591,T,3.7035775184631348,0.0099381934851408,-0.09902721643447876,0.9714192152023315,0.0026067099533975124,0.025974059477448463,T,-0.04007633402943611,-0.015445152297616005,0.003686506999656558,0.6768736839294434,0.2608626186847687,0.062263671308755875,0.49024203419685364,0.26951122283935547,0.2402467429637909,True,True,True
valid,216097$_$5,2,0.3527819514274597,0.3527819514274597,V,-0.06856870651245117,0.08197028934955597,0.31547680497169495,0.14713814854621887,0.17589594423770905,0.6769658923149109,T,0.07877277582883835,0.008978953585028648,0.01539674587547779,0.7636833786964417,0.08704882860183716,0.1492677927017212,0.4573785960674286,0.28488847613334656,0.25773289799690247,True,True,True
valid,216097$_$4,0,-0.6083717942237854,-0.6083717942237854,T,1.909578561782837,-0.06672866642475128,0.20908918976783752,0.873790442943573,0.030533894896507263,0.09567563235759735,T,-0.2188689112663269,-0.008230614475905895,0.006466318387538195,0.9370758533477783,0.035238947719335556,0.02768520638346672,0.4445783197879791,0.2966376841068268,0.2587840259075165,True,True,True
valid,216097$_$7,2,1.1192119121551514,1.1192119121551514,T,4.701863765716553,0.055844224989414215,0.4340088963508606,0.9056471586227417,0.010756407864391804,0.08359640836715698,T,0.37270522117614746,-0.019366705790162086,0.023654958233237267,0.8965145945549011,0.046585164964199066,0.056900233030319214,0.4064750671386719,0.3213292956352234,0.27219563722610474,True,True,True
valid,216097$_$8,0,-1.8964691162109375,-1.8964691162109375,T,8.19236946105957,-0.026458244770765305,0.16200761497020721,0.9775123596191406,0.003156994003802538,0.019330725073814392,T,-0.7556266784667969,-0.012763597071170807,0.008398490026593208,0.9727569818496704,0.016431232914328575,0.01081180665642023,0.4037521183490753,0.3117274045944214,0.28452053666114807,True,True,True
valid,223431$_$11,0,-0.5078685879707336,-0.5078685879707336,T,2.407104253768921,0.010798853822052479,0.007360335439443588,0.9925125241279602,0.004452651832252741,0.0030348601285368204,T,-0.22131934762001038,0.036736439913511276,-0.001344317221082747,0.8531968593597412,0.14162075519561768,0.005182408262044191,0.43367090821266174,0.2620924115180969,0.30423665046691895,True,True,True
valid,223431$_$10,2,0.2777995467185974,0.2777995467185974,A,-0.067832350730896,0.08644898235797882,0.03943651542067528,0.3501605689525604,0.44626232981681824,0.20357708632946014,T,0.08633323013782501,0.0008082989370450377,-0.009267729707062244,0.8954868912696838,0.0083840386942029,0.09612903743982315,0.4317495822906494,0.2786232531070709,0.28962716460227966,True,True,True
valid,223431$_$13,0,-1.409751534461975,-1.409751534461975,T,7.2446465492248535,-0.02158045768737793,0.0013537853956222534,0.9968443512916565,0.0029694142285734415,0.00018627732060849667,T,-0.6214908361434937,0.07738600671291351,0.01914878748357296,0.8655552268028259,0.10777610540390015,0.026668667793273926,0.41656628251075745,0.2605929672718048,0.32284072041511536,True,True,True
valid,223431$_$0,2,0.5794872045516968,0.5794872045516968,T,0.8596397638320923,0.24117466807365417,-0.1386909782886505,0.6935344934463501,0.194573312997818,0.11189219355583191,T,0.1266707479953766,0.09890594333410263,-0.04494873434305191,0.4682397246360779,0.3656068444252014,0.1661534607410431,0.43606945872306824,0.24975405633449554,0.3141764998435974,True,True,True
valid,223431$_$5,0,-0.4186771512031555,-0.4186771512031555,T,0.6342407464981079,0.0023759575560688972,0.010168198496103287,0.9806053638458252,0.00367348943836987,0.015721144154667854,T,-0.19089768826961517,0.055152080953121185,-0.01972230151295662,0.7182759642601013,0.20751646161079407,0.07420757412910461,0.4451594054698944,0.2559162676334381,0.29892438650131226,True,True,True
valid,225770$_$3,1,0.0,0.2494683563709259,T,1.3142385482788086,-0.4020591974258423,-0.08311610668897629,0.7303704023361206,0.22343899309635162,0.04619065672159195,A,0.03916218504309654,0.05325029045343399,-0.024055980145931244,0.33624714612960815,0.4572078585624695,0.20654502511024475,0.4845924377441406,0.21962156891822815,0.29578593373298645,True,True,True
valid,225770$_$5,1,0.0,0.006239099428057671,T,3.0967845916748047,-0.03213303163647652,0.0736805647611618,0.9669600129127502,0.010033425875008106,0.023006495088338852,A,-0.04039682820439339,0.042700741440057755,-0.015216292813420296,0.41089656949043274,0.43433085083961487,0.15477260947227478,0.49290212988853455,0.21171186864376068,0.29538604617118835,True,True,True
valid,225770$_$4,1,0.0,0.193912535905838,T,1.1084039211273193,-0.27862241864204407,0.21505258977413177,0.6918535232543945,0.17391304671764374,0.13423345983028412,A,0.034707315266132355,0.04013539105653763,-0.025107044726610184,0.3472476601600647,0.40155571699142456,0.2511966824531555,0.46463295817375183,0.2369624525308609,0.2984045743942261,True,True,True
valid,225770$_$6,2,0.6151479482650757,0.6151479482650757,T,2.155284881591797,0.2770564556121826,-0.12562786042690277,0.8425765633583069,0.10831110179424286,0.04911234602332115,T,0.1836938112974167,0.03749268501996994,-0.028180759400129318,0.736639678478241,0.15035127103328705,0.11300906538963318,0.4249829649925232,0.26227709650993347,0.3127399981021881,True,True,True
valid,236021$_$12,2,0.8032834529876709,0.8032834529876709,T,1.2824368476867676,0.18458208441734314,0.7802286148071289,0.5706700086593628,0.08213695883750916,0.3471929728984833,T,0.142393559217453,0.020564328879117966,0.09650053828954697,0.5488107204437256,0.07925866544246674,0.37193065881729126,0.5371329188346863,0.3509811758995056,0.11188587546348572,True,True,True
valid,236021$_$1,1,0.0,0.18212896585464478,T,2.962489366531372,-0.1919531226158142,-0.24912959337234497,0.8704059720039368,0.05639754980802536,0.07319650799036026,V,-0.01729431562125683,0.02422165311872959,0.03886498510837555,0.21515439450740814,0.30133572220802307,0.4835098683834076,0.4988012909889221,0.2523328363895416,0.24886590242385864,True,True,True
valid,236021$_$3,0,-1.406632423400879,-1.406632423400879,T,7.497589111328125,0.052058249711990356,-0.0034040063619613647,0.992656946182251,0.006892346777021885,0.0004506796249188483,T,-0.6004557013511658,0.02225322276353836,0.05457991361618042,0.8865578174591064,0.032856326550245285,0.08058587461709976,0.43821877241134644,0.28999409079551697,0.2717871069908142,True,True,True
valid,236021$_$2,1,0.0,-0.060192279517650604,T,0.4588130712509155,0.009749433025717735,-0.013306766748428345,0.9521525502204895,0.02023252658545971,0.027614889666438103,T,-0.10379073023796082,0.028758902102708817,0.03997295722365379,0.6016066074371338,0.1666964441537857,0.2316969484090805,0.4806991517543793,0.2736257314682007,0.24567513167858124,True,True,True
valid,236021$_$5,0,-9.999999974752427e-07,0.03251919150352478,T,-0.23779654502868652,-0.025837592780590057,0.0070396363735198975,0.8785355687141418,0.0954565778374672,0.026007825508713722,T,-0.06523384898900986,0.014591669663786888,0.046490248292684555,0.5164347290992737,0.11551740020513535,0.368047833442688,0.4714187681674957,0.28741559386253357,0.24116559326648712,True,True,True
valid,236021$_$4,0,-0.2523215115070343,-0.2523215115070343,T,2.4469950199127197,0.010719990357756615,0.016292110085487366,0.989081621170044,0.004333047661930323,0.00658531254157424,T,-0.21911606192588806,0.032400090247392654,0.08741755038499832,0.6464864611625671,0.09559418261051178,0.2579193115234375,0.48977652192115784,0.27639609575271606,0.2338273972272873,True,True,True
valid,237009$_$11,0,-1.0475715398788452,-1.0475715398788452,T,4.596411228179932,-0.016354741528630257,0.2019975185394287,0.9546495079994202,0.003396790474653244,0.041953783482313156,T,-0.35005897283554077,0.04752771928906441,-0.07698245346546173,0.7376353740692139,0.10014919936656952,0.1622154712677002,0.41580498218536377,0.2865843176841736,0.29761070013046265,True,True,True
valid,237009$_$12,0,-2.1511664390563965,-2.1511664390563965,T,9.023529052734375,0.007539113983511925,0.14114156365394592,0.9837900996208191,0.0008219517767429352,0.01538795605301857,T,-0.9501121640205383,0.04317740723490715,-0.009614882990717888,0.947360634803772,0.04305236414074898,0.009587038308382034,0.40934494137763977,0.28309547901153564,0.3075595498085022,True,True,True
valid,237009$_$4,2,0.6619504690170288,0.6619504690170288,T,1.8194923400878906,0.18776202201843262,0.3398566246032715,0.7752050757408142,0.07999707758426666,0.14479784667491913,T,0.18532110750675201,0.02158302254974842,0.002443224424496293,0.8852326273918152,0.10309670865535736,0.011670672334730625,0.4374026358127594,0.2882111966609955,0.2743861675262451,True,True,True
valid,237009$_$7,0,-2.0971524715423584,-2.0971524715423584,T,9.48022174835205,0.05141357704997063,0.11388017237186432,0.9828631281852722,0.005330308806151152,0.011806541122496128,T,-0.9321311116218567,0.048185523599386215,0.003511742688715458,0.947452962398529,0.0489775724709034,0.0035694667603820562,0.4321381449699402,0.27823686599731445,0.28962498903274536,True,True,True
valid,237009$_$9,0,-1.5651965141296387,-1.5651965141296387,T,8.254316329956055,0.03720469772815704,0.13832825422286987,0.9791771769523621,0.004413447342813015,0.016409337520599365,T,-0.6641021966934204,0.06207609921693802,0.008317194879055023,0.9041610360145569,0.0845152959227562,0.011323684826493263,0.44006145000457764,0.2661045789718628,0.2938339412212372,True,True,True
valid,241629$_$10,0,-2.3112080097198486,-2.3112080097198486,T,9.589715957641602,-0.04017895832657814,0.018897227942943573,0.9938773512840271,0.004164143931120634,0.001958507113158703,T,-1.0653958320617676,-0.00667690159752965,0.035763006657361984,0.96169114112854,0.006026977673172951,0.032281868159770966,0.40504971146583557,0.3114528954029083,0.2834974229335785,True,True,True
valid,241629$_$0,2,0.32412809133529663,0.32412809133529663,T,1.6668779850006104,0.17059636116027832,0.08153677731752396,0.8686130046844482,0.08889805525541306,0.042488954961299896,T,0.09838312119245529,0.009190929122269154,-0.014100080356001854,0.8085787296295166,0.07553724944591522,0.1158839613199234,0.4237028956413269,0.2781069576740265,0.2981902062892914,True,True,True
valid,241629$_$3,2,1.8734667301177979,1.8734667301177979,T,6.2413530349731445,-0.041432980448007584,0.20075057446956635,0.9626464247703552,0.006390491034835577,0.030963130295276642,T,0.7441517114639282,-0.004855649545788765,-0.021957959979772568,0.9652208089828491,0.006298142950981855,0.028481127694249153,0.3622221052646637,0.32673564553260803,0.3110422194004059,True,True,True
valid,241629$_$5,0,-0.6041140556335449,-0.6041140556335449,T,2.212533950805664,-0.045361559838056564,0.06431727856397629,0.9527696967124939,0.01953376643359661,0.027696549892425537,T,-0.1957966536283493,-0.021066416054964066,-0.002290450967848301,0.8934223651885986,0.09612629562616348,0.010451353155076504,0.4248630702495575,0.2942160665988922,0.2809208333492279,True,True,True
valid,241629$_$8,0,-1.3695826530456543,-1.3695826530456543,T,5.879932403564453,-0.04089359566569328,0.020031079649925232,0.9897448420524597,0.006883450783789158,0.0033717493060976267,T,-0.5232338905334473,0.007153530139476061,0.008172689937055111,0.971542239189148,0.013282696716487408,0.015175075270235538,0.40995436906814575,0.3013652563095093,0.28868040442466736,True,True,True
valid,243646$_$11,0,-0.8788086175918579,-0.8788086175918579,T,4.598113059997559,-0.02677825838327408,0.05487694963812828,0.9825514554977417,0.005722133442759514,0.011726425029337406,T,-0.3355495035648346,-0.01995145156979561,0.038733795285224915,0.8511413335800171,0.05060804635286331,0.09825058281421661,0.421931654214859,0.29930737614631653,0.27876102924346924,True,True,True
valid,243646$_$12,0,-1.0259333848953247,-1.0259333848953247,T,5.514616966247559,-0.053000301122665405,0.05324992537498474,0.9810971617698669,0.00942920334637165,0.00947361346334219,T,-0.42473626136779785,-0.017984027042984962,0.07139758765697479,0.8261456489562988,0.03498035669326782,0.13887396454811096,0.42623239755630493,0.3049623966217041,0.26880523562431335,True,True,True
valid,243646$_$9,1,0.0,0.12330950796604156,T,3.789184093475342,0.0189979150891304,0.07665349543094635,0.9753782749176025,0.004890275187790394,0.019731465727090836,V,-0.0003881593293044716,-0.012257829308509827,0.03878024220466614,0.007547886110842228,0.2383575290441513,0.7540945410728455,0.47665348649024963,0.25571534037590027,0.2676311433315277,True,True,True
valid,243646$_$8,1,0.0,-0.030274925753474236,T,2.2097225189208984,0.04155057668685913,0.005584247410297394,0.979114830493927,0.018410811200737953,0.002474346663802862,A,0.023037908598780632,-0.040654461830854416,-0.0074675134383141994,0.32374852895736694,0.5713115334510803,0.10493993014097214,0.4504913091659546,0.2754036784172058,0.274105042219162,True,True,True
valid,247318$_$12,0,-1.8076633214950562,-1.8076633214950562,T,7.493740081787109,0.015198184177279472,0.06943900138139725,0.9888317584991455,0.002005466725677252,0.0091627798974514,T,-0.7048964500427246,0.0037181396037340164,-0.010961956344544888,0.9795989990234375,0.00516712199896574,0.015233899466693401,0.4011346697807312,0.28704604506492615,0.3118193447589874,True,True,True
valid,247318$_$1,1,0.0,-0.07582798600196838,T,3.6110453605651855,0.015598423779010773,-0.08152107894420624,0.9738092422485352,0.004206507466733456,0.02198421023786068,T,-0.022388510406017303,-0.003116905689239502,-0.014768047258257866,0.5559121966362,0.0773935317993164,0.36669424176216125,0.47218358516693115,0.259217232465744,0.26859912276268005,True,True,True
valid,247318$_$3,0,-0.31500110030174255,-0.31500110030174255,V,0.023301780223846436,-0.040439628064632416,0.07567992806434631,0.16713209450244904,0.2900533378124237,0.5428144931793213,T,-0.07223264127969742,-0.024682089686393738,-0.02346617728471756,0.6000339984893799,0.20503325760364532,0.1949327141046524,0.42184096574783325,0.2898297607898712,0.28832924365997314,True,True,True
valid,247318$_$2,1,0.0,0.048827797174453735,T,2.736532688140869,-0.07934191077947617,0.11594268679618835,0.933391273021698,0.027062365785241127,0.03954635560512543,V,0.0036932346411049366,0.011967016384005547,-0.01437496580183506,0.12296348065137863,0.39843282103538513,0.47860369086265564,0.4572469890117645,0.2618548274040222,0.28089818358421326,True,True,True
valid,247318$_$5,2,0.35938459634780884,0.35938459634780884,T,1.190890908241272,0.18490931391716003,0.005404522642493248,0.8622117042541504,0.13387538492679596,0.003912904765456915,T,0.09478297084569931,0.018941719084978104,-0.0083438940346241,0.7764731049537659,0.15517276525497437,0.06835414469242096,0.42817798256874084,0.26820623874664307,0.3036157190799713,True,True,True
valid,247318$_$7,0,-2.049278736114502,-2.049278736114502,T,8.144933700561523,-0.06059696525335312,-0.004062235355377197,0.9921238422393799,0.007381238043308258,0.0004948156420141459,T,-0.8819593191146851,0.020094791427254677,0.011982433497905731,0.9649059176445007,0.02198466844856739,0.013109358958899975,0.3892389237880707,0.3003145754337311,0.31044653058052063,True,True,True
valid,247318$_$6,1,0.0,0.1736757457256317,T,0.5996822118759155,-0.05603150278329849,0.10511563718318939,0.7881953716278076,0.07364529371261597,0.13815927505493164,T,0.026317358016967773,0.011406799778342247,0.005240481346845627,0.612535297870636,0.2654927372932434,0.12197195738554001,0.4417261481285095,0.26786088943481445,0.2904130220413208,True,True,True
valid,252998$_$1,1,0.0,-0.11166827380657196,T,2.506589889526367,-0.055485911667346954,-0.23735865950584412,0.8953915238380432,0.019820401445031166,0.08478807657957077,T,-0.05999147146940231,0.026463381946086884,-0.018703952431678772,0.5704845190048218,0.2516516149044037,0.17786386609077454,0.4853753447532654,0.2524780333042145,0.26214659214019775,True,True,True
valid,252998$_$0,1,0.0,-0.016765492036938667,T,2.648963451385498,0.017783325165510178,-0.1397590935230255,0.9438652396202087,0.006336464546620846,0.049798253923654556,V,0.0015185580123215914,-0.010510851629078388,-0.01158834621310234,0.06429730355739594,0.445040225982666,0.49066245555877686,0.4780401289463043,0.28416574001312256,0.23779405653476715,True,True,True
valid,252998$_$5,0,-1.745019793510437,-1.745019793510437,T,8.476919174194336,0.005050527863204479,0.15531200170516968,0.9814336895942688,0.0005847358261235058,0.01798158325254917,T,-0.7508188486099243,0.024832993745803833,0.04600599408149719,0.9137853384017944,0.03022303804755211,0.05599167197942734,0.4353901743888855,0.31013765931129456,0.25447219610214233,True,True,True
valid,252998$_$4,0,-0.43917006254196167,-0.43917006254196167,T,2.006302833557129,-0.015201589092612267,0.09554716944694519,0.9476872682571411,0.007180547341704369,0.04513218626379967,T,-0.1683708131313324,-0.006423177197575569,0.012352505698800087,0.8996738791465759,0.034321654587984085,0.06600446999073029,0.44101303815841675,0.29493677616119385,0.264050155878067,True,True,True
valid,252998$_$7,2,0.5547990798950195,0.5547990798950195,T,2.2008821964263916,0.07651342451572418,0.07639182358980179,0.9350385665893555,0.032506510615348816,0.032454848289489746,T,0.18556049466133118,-0.004916834644973278,-0.008550128899514675,0.9323362112045288,0.024704303592443466,0.0429595448076725,0.40982821583747864,0.3081006705760956,0.2820710837841034,True,True,True
valid,252998$_$8,0,-0.6254333257675171,-0.6254333257675171,T,2.31645131111145,-0.018450604751706123,0.07658701390028,0.9605897068977356,0.007651126012206078,0.03175922483205795,T,-0.2570410966873169,0.02693583071231842,0.0035337754525244236,0.8940227627754211,0.09368636459112167,0.012290935963392258,0.431043803691864,0.28663671016693115,0.2823195457458496,True,True,True
valid,257247$_$10,0,-1.4570932388305664,-1.4570932388305664,T,7.129517555236816,-0.06607003509998322,0.11739055067300797,0.9749130010604858,0.009034627117216587,0.016052357852458954,T,-0.5570846796035767,0.06770510971546173,-0.056026846170425415,0.8182594776153564,0.09944690763950348,0.08229359239339828,0.4012816846370697,0.2882244884967804,0.3104937970638275,True,True,True
valid,257247$_$12,0,-1.9572865962982178,-1.9572865962982178,T,8.213655471801758,-0.02304576337337494,0.06448465585708618,0.9894556999206543,0.0027762013487517834,0.007768126204609871,T,-0.8283625245094299,0.08519621193408966,-0.05134183540940285,0.8584952354431152,0.08829532563686371,0.05320945754647255,0.404835969209671,0.27617186307907104,0.31899216771125793,True,True,True
valid,257247$_$2,2,0.23742049932479858,0.23742049932479858,T,1.305867075920105,0.07572229206562042,-0.2508487403392792,0.7999488711357117,0.046386007219552994,0.15366508066654205,T,0.10079996287822723,0.02128901518881321,-0.05777506157755852,0.5604231357574463,0.1183617115020752,0.3212152123451233,0.4168541729450226,0.2829558849334717,0.3001899719238281,True,True,True
valid,258654$_$1,0,-1.3608424663543701,-1.3608424663543701,T,6.999512672424316,-0.013653155416250229,0.021658267825841904,0.9949804544448853,0.0019407954532653093,0.0030787219293415546,T,-0.5519431233406067,0.03656948357820511,0.011140220798552036,0.9204378128051758,0.060984425246715546,0.018577784299850464,0.41669702529907227,0.2758462727069855,0.30745676159858704,True,True,True
valid,258654$_$3,0,-1.8481324911117554,-1.8481324911117554,T,7.368435859680176,0.0004389313980937004,0.013445336371660233,0.9981192350387573,5.945710654486902e-05,0.0018212886061519384,T,-0.7423004508018494,0.012073148041963577,-0.003369197016581893,0.9796205759048462,0.015933042392134666,0.004446359351277351,0.40270668268203735,0.2918924391269684,0.3054007887840271,True,True,True
valid,258654$_$4,2,0.3258422613143921,0.3258422613143921,T,-0.20775938034057617,0.12485641241073608,0.17911121249198914,0.40599653124809265,0.24399028718471527,0.35001322627067566,T,0.08912917971611023,0.0020667044445872307,0.0028562729712575674,0.9476569890975952,0.021974027156829834,0.03036903403699398,0.44893404841423035,0.27640727162361145,0.2746586501598358,True,True,True
valid,266791$_$24,0,-1.719759464263916,-1.719759464263916,T,7.2074480056762695,0.02589358203113079,0.14007005095481873,0.9774916172027588,0.003511750604957342,0.018996641039848328,T,-0.6848113536834717,0.030688663944602013,-0.013224306516349316,0.9397399425506592,0.04211286082863808,0.018147200345993042,0.4048258364200592,0.2811485826969147,0.3140255808830261,True,True,True
valid,266791$_$20,2,0.8024922609329224,0.8024922609329224,T,2.5480170249938965,0.11366711556911469,-0.15323492884635925,0.9051830768585205,0.040380243211984634,0.054436709731817245,T,0.3174119293689728,-0.020553527399897575,-0.03768406808376312,0.844968318939209,0.054714638739824295,0.1003170982003212,0.4048474431037903,0.2872490882873535,0.3079034686088562,True,True,True
valid,266791$_$21,0,-1.3088626861572266,-1.3088626861572266,T,6.133242607116699,-0.0300692617893219,0.2068772166967392,0.962803840637207,0.004720309283584356,0.03247583657503128,T,-0.48463910818099976,0.02980036661028862,-0.027789652347564697,0.8937902450561523,0.054958995431661606,0.05125075578689575,0.41048485040664673,0.28120604157447815,0.30830904841423035,True,True,True
valid,266791$_$23,2,0.0005621742457151413,0.0005621742457151413,T,-0.20473909378051758,0.1338900625705719,-0.062064968049526215,0.5109610557556152,0.33414530754089355,0.15489362180233002,V,0.01887725479900837,0.00023564568255096674,-0.033917590975761414,0.3559698164463043,0.00444358866661787,0.6395865678787231,0.4390420913696289,0.2666170299053192,0.2943408489227295,True,True,True
valid,266791$_$29,1,0.0,-0.09123332798480988,T,2.1359739303588867,0.0749344527721405,-0.0762043297290802,0.933917224407196,0.032763779163360596,0.033319007605314255,T,-0.05804598703980446,0.038436807692050934,-0.025803392753005028,0.4746732711791992,0.31431844830513,0.211008220911026,0.47209540009498596,0.25744038820266724,0.2704642415046692,True,True,True
valid,266791$_$3,0,-0.5957074165344238,-0.5957074165344238,T,1.3710052967071533,-0.051863763481378555,0.18497434258460999,0.8526982665061951,0.032256726175546646,0.11504499614238739,T,-0.1915593445301056,-0.01458488404750824,-0.010090380907058716,0.8858866095542908,0.06744935363531113,0.0466640405356884,0.4385571777820587,0.2744676172733307,0.2869751751422882,True,True,True
valid,266791$_$5,0,-1.5333062410354614,-1.5333062410354614,T,6.733340263366699,0.001146143302321434,0.1323486715555191,0.9805594682693481,0.00016690997290425003,0.019273605197668076,T,-0.5782623291015625,0.012241271324455738,-0.013191374950110912,0.957871675491333,0.020277244970202446,0.021851059049367905,0.4046669602394104,0.2877310812473297,0.30760201811790466,True,True,True
valid,266791$_$4,0,-2.0471010208129883,-2.0471010208129883,T,8.314299583435059,-0.01014603953808546,0.178508460521698,0.9778130054473877,0.0011932369088754058,0.02099369838833809,T,-0.8253477215766907,-0.0006119061727076769,-0.022562628611922264,0.9726883769035339,0.0007211433257907629,0.02659049816429615,0.39679601788520813,0.2921731472015381,0.3110308349132538,True,True,True
valid,266791$_$6,1,0.0,0.04819099232554436,T,3.261075258255005,-0.1408449411392212,0.018418559804558754,0.9534363150596619,0.04117865115404129,0.005385010037571192,A,-0.0025768675841391087,0.02809246815741062,-0.024442635476589203,0.04675694927573204,0.5097343921661377,0.44350865483283997,0.4776826500892639,0.2439732551574707,0.278344064950943,True,True,True
valid,266791$_$8,0,-0.4920794367790222,-0.4920794367790222,T,1.7655000686645508,-0.010906551964581013,0.06982088088989258,0.9562743902206421,0.005907479673624039,0.03781813383102417,T,-0.16655045747756958,0.011320456862449646,-0.025283804163336754,0.819820761680603,0.05572332814335823,0.12445590645074844,0.4347530007362366,0.2710009515285492,0.29424604773521423,True,True,True
valid,266791$_$11,1,0.0,0.11422493308782578,T,2.28448486328125,-0.10152965784072876,0.05256053805351257,0.9368113875389099,0.041634831577539444,0.02155379205942154,A,0.016510074958205223,0.03921271115541458,-0.032621484249830246,0.1868833601474762,0.4438624978065491,0.36925408244132996,0.4612047076225281,0.25357818603515625,0.28521713614463806,True,True,True
valid,266791$_$14,1,0.0,-0.14393971860408783,T,2.0582027435302734,0.039378441870212555,-0.11487681418657303,0.9302788376808167,0.01779850386083126,0.05192271247506142,T,-0.03211739659309387,-0.012553106062114239,-0.018338358029723167,0.5097282528877258,0.19922763109207153,0.29104411602020264,0.4455667734146118,0.27094221115112305,0.28349098563194275,True,True,True
valid,270254$_$23,0,-0.5521991848945618,-0.5521991848945618,T,0.8978779315948486,0.010002408176660538,0.07642948627471924,0.912190318107605,0.010161848738789558,0.07764779031276703,T,-0.1898464411497116,0.004452695604413748,-0.015786781907081604,0.9036609530448914,0.021194640547037125,0.07514441013336182,0.43426939845085144,0.2757427394390106,0.28998783230781555,True,True,True
valid,270254$_$0,2,0.3859742283821106,0.3859742283821106,A,0.1371464729309082,0.27382808923721313,-0.08496756106615067,0.2765372693538666,0.5521371960639954,0.17132556438446045,T,0.10612881183624268,0.03027019463479519,-0.022016016766428947,0.6699416041374207,0.19108159840106964,0.1389768272638321,0.44636669754981995,0.24762234091758728,0.306010901927948,True,True,True
valid,270254$_$6,1,0.0,0.036504246294498444,T,1.695992350578308,-0.09195530414581299,0.01936683990061283,0.9384046792984009,0.050879526883363724,0.01071581058204174,A,-0.008080186322331429,0.01696026884019375,-0.011703487485647202,0.21990525722503662,0.4615800082683563,0.31851473450660706,0.4513958990573883,0.2664027512073517,0.2822013199329376,True,True,True
valid,270254$_$8,0,-1.8205037117004395,-1.8205037117004395,T,7.106316566467285,0.03009895607829094,0.1178186908364296,0.979609489440918,0.004149157088249922,0.016241367906332016,T,-0.7492090463638306,0.033520832657814026,-0.0031993186566978693,0.9532780647277832,0.042651209980249405,0.004070746712386608,0.3993094265460968,0.29244738817214966,0.30824312567710876,True,True,True
valid,270254$_$11,2,0.5917007327079773,0.5917007327079773,T,3.0799131393432617,0.5287489891052246,-0.15348361432552338,0.8186586499214172,0.14054451882839203,0.040796827524900436,T,0.17316079139709473,0.0399940200150013,-0.028294386342167854,0.7171728014945984,0.16564156115055084,0.11718567460775375,0.43653732538223267,0.22476477921009064,0.3386978805065155,True,True,True
valid,270254$_$14,1,0.0,-0.12160757184028625,T,2.2369980812072754,-0.0025556348264217377,-0.05922835320234299,0.9731231331825256,0.001111734309233725,0.025765100494027138,T,-0.055605486035346985,0.032022930681705475,-0.03196760639548302,0.4649442732334137,0.26775917410850525,0.26729658246040344,0.4617183804512024,0.2538701891899109,0.2844114601612091,True,True,True
valid,270254$_$16,0,-0.0629977434873581,-0.0629977434873581,T,-0.16201424598693848,-0.048048801720142365,0.11029335856437683,0.5057312846183777,0.14998546242713928,0.3442833125591278,T,-0.08760915696620941,0.02368520200252533,0.027929533272981644,0.6292681097984314,0.1701231151819229,0.2006087750196457,0.44059139490127563,0.28629738092422485,0.2731111943721771,True,True,True
valid,272624$_$10,0,-0.9212316870689392,-0.9212316870689392,T,5.941093444824219,-0.02576420083642006,0.03746235370635986,0.9894698858261108,0.004290944430977106,0.006239233538508415,T,-0.384483277797699,0.08925238996744156,-0.037076354026794434,0.752690315246582,0.1747264862060547,0.0725831612944603,0.42467162013053894,0.2554890811443329,0.3198392987251282,True,True,True
valid,272624$_$13,2,0.6439071297645569,0.6439071297645569,T,2.8430492877960205,0.25143754482269287,-0.23939889669418335,0.8527734875679016,0.07541876286268234,0.07180777192115784,T,0.18304327130317688,0.06419306993484497,-0.0442025288939476,0.6280674338340759,0.2202625423669815,0.15166997909545898,0.413054883480072,0.2641332745552063,0.3228118419647217,True,True,True
valid,272624$_$12,0,-0.26500242948532104,-0.26500242948532104,T,1.6591441631317139,-0.0687544196844101,-0.011102773249149323,0.9540786743164062,0.0395367257297039,0.00638456828892231,T,-0.13757367432117462,0.06525151431560516,-0.031234892085194588,0.5877707600593567,0.27878105640411377,0.13344818353652954,0.4425457715988159,0.2575116753578186,0.29994258284568787,True,True,True
valid,272624$_$16,1,0.0,-0.0745992660522461,T,0.5898957848548889,0.03423013165593147,0.0009181797504425049,0.9437666535377502,0.05476434528827667,0.0014689839445054531,T,-0.07159077376127243,0.06929158419370651,-0.03756444901227951,0.40118834376335144,0.38830387592315674,0.2105078399181366,0.4567558467388153,0.24771568179130554,0.29552847146987915,True,True,True
valid,272624$_$18,2,0.4047011137008667,0.4047011137008667,T,1.0597623586654663,0.13500820100307465,-0.13809016346931458,0.7951036095619202,0.10129205882549286,0.10360434651374817,T,0.1232767105102539,0.03577879071235657,-0.03831986337900162,0.6245800256729126,0.18127283453941345,0.19414715468883514,0.42622289061546326,0.2695702314376831,0.30420687794685364,True,True,True
valid,272624$_$2,2,0.5510644912719727,0.5510644912719727,T,1.9251983165740967,0.25466015934944153,-0.1751042753458023,0.8175069093704224,0.10813765227794647,0.07435543090105057,T,0.15550249814987183,0.04450831562280655,-0.02920592948794365,0.678408145904541,0.19417567551136017,0.1274162083864212,0.4248484969139099,0.26154157519340515,0.31360989809036255,True,True,True
valid,272624$_$6,1,0.0,0.11799061298370361,T,2.7028541564941406,-0.16566599905490875,0.16209641098976135,0.8918495178222656,0.05466412007808685,0.05348627641797066,A,0.011059846729040146,0.04529038071632385,-0.03199181705713272,0.12519347667694092,0.5126707553863525,0.3621358275413513,0.4697430729866028,0.2419242411851883,0.2883327007293701,True,True,True
valid,272624$_$9,2,0.9679372310638428,0.9679372310638428,T,4.019775390625,0.3634669780731201,-0.25461214780807495,0.8667316436767578,0.0783696398139,0.054898690432310104,T,0.30521783232688904,0.07252690941095352,-0.05813928693532944,0.7002271413803101,0.16639037430286407,0.13338246941566467,0.4119762182235718,0.2533297538757324,0.3346940875053406,True,True,True
valid,272624$_$8,0,-0.9589523077011108,-0.9589523077011108,T,4.4717864990234375,-0.017988868057727814,0.020144812762737274,0.9915444850921631,0.003988733049482107,0.0044667781330645084,T,-0.37588322162628174,0.06693638861179352,-0.037303388118743896,0.7828894853591919,0.13941508531570435,0.07769548147916794,0.42401620745658875,0.26291629672050476,0.3130674958229065,True,True,True
valid,273539$_$3,0,-0.6055319309234619,-0.6055319309234619,T,2.7049078941345215,-0.05987830087542534,0.03436404466629028,0.9663317799568176,0.021391600370407104,0.012276599183678627,T,-0.22212424874305725,0.00795788038522005,-0.00547983031719923,0.9429547190666199,0.033782538026571274,0.02326279878616333,0.45686906576156616,0.30287501215934753,0.2402559071779251,True,True,True
valid,273539$_$2,1,0.0,-0.008180082775652409,T,1.881650447845459,0.00585217634215951,0.06403609365224838,0.9641880989074707,0.002998749725520611,0.03281312808394432,T,-0.008334407582879066,-0.003125507850199938,-0.006258867681026459,0.4703713357448578,0.17639517784118652,0.3532335162162781,0.44122153520584106,0.27587470412254333,0.2829037606716156,True,True,True
valid,273539$_$9,0,-0.8791084289550781,-0.8791084289550781,T,4.026159286499023,-0.051334939897060394,0.06182854622602463,0.9726613759994507,0.012401772662997246,0.014936874620616436,T,-0.29542261362075806,-0.0168641097843647,-0.004589765798300505,0.9322957396507263,0.05321981757879257,0.014484398998320103,0.4272391200065613,0.30297794938087463,0.2697829604148865,True,True,True
valid,290546$_$3,0,-0.13964872062206268,-0.13964872062206268,T,0.5497381687164307,-0.005301974713802338,-0.08891715109348297,0.8536873459815979,0.00823342613875866,0.13807927072048187,T,-0.10368166863918304,0.03981388360261917,0.002292466117069125,0.7111809253692627,0.2730943262577057,0.015724653378129005,0.46479740738868713,0.23187100887298584,0.3033316135406494,True,True,True
valid,290546$_$5,0,-0.5811140537261963,-0.5811140537261963,T,3.812971591949463,-0.015406344085931778,-0.044466808438301086,0.9845402836799622,0.003978043328970671,0.011481691151857376,T,-0.27977192401885986,0.03801442310214043,0.030582012608647346,0.8030922412872314,0.10912134498357773,0.08778642863035202,0.43980464339256287,0.2509279251098633,0.30926740169525146,True,True,True
valid,290546$_$7,1,0.0,0.06627542525529861,T,0.8787002563476562,-0.008140809834003448,0.08838512748479843,0.9010220170021057,0.008347611874341965,0.09063038975000381,T,-0.07317917793989182,0.05339862406253815,0.026883866637945175,0.47685641050338745,0.3479606807231903,0.17518295347690582,0.48280617594718933,0.2325529158115387,0.28464093804359436,True,True,True
valid,290546$_$6,1,0.0,-0.02135283499956131,T,0.895922064781189,0.008466716855764389,0.1261851042509079,0.8693429231643677,0.00821553636342287,0.1224415972828865,T,-0.0947609692811966,0.030672825872898102,0.04197832942008972,0.5660340785980225,0.18321746587753296,0.2507484257221222,0.49165719747543335,0.2241726815700531,0.28417009115219116,True,True,True
valid,2S00zYaVrtc$_$10,0,-0.8620240688323975,-0.8620240688323975,T,4.247332572937012,0.007169893477112055,0.020747169852256775,0.9934701323509216,0.0016770701622590423,0.004852856043726206,T,-0.3454210162162781,0.018266981467604637,0.016496019437909126,0.9085626602172852,0.048047736287117004,0.043389566242694855,0.41037797927856445,0.28487712144851685,0.3047448694705963,True,True,True
valid,2S00zYaVrtc$_$12,2,1.1867965459823608,1.1867965459823608,T,5.534838676452637,-0.011320472694933414,0.1070784479379654,0.9790564179420471,0.002002476016059518,0.018941083922982216,T,0.4130884110927582,-0.0010973468888550997,-0.00856280978769064,0.9771491885185242,0.002595743630081415,0.020255088806152344,0.36541783809661865,0.3204245865345001,0.3141575753688812,True,True,True
valid,2S00zYaVrtc$_$20,2,1.6224110126495361,1.6224110126495361,T,6.543892860412598,0.07307509332895279,0.2534649670124054,0.9524716138839722,0.010636169463396072,0.03689213842153549,T,0.5998642444610596,-0.013281981460750103,0.0037163791712373495,0.9724438786506653,0.02153150737285614,0.006024646572768688,0.3727818429470062,0.3291989266872406,0.2980192005634308,True,True,True
valid,2S00zYaVrtc$_$17,2,0.7107905745506287,0.7107905745506287,T,2.9428956508636475,0.13518118858337402,0.02726861834526062,0.947687029838562,0.04353177174925804,0.008781186304986477,T,0.21398498117923737,0.022827697917819023,-0.010285573080182076,0.865991473197937,0.09238307923078537,0.04162544012069702,0.3932666480541229,0.2893563508987427,0.3173770010471344,True,True,True
valid,2S00zYaVrtc$_$5,2,1.8587696552276611,1.8587696552276611,T,7.077453136444092,0.1155020222067833,0.24925106763839722,0.9509886503219604,0.015519863925874233,0.03349155932664871,T,0.6878895163536072,0.00992416962981224,0.011533339507877827,0.9697503447532654,0.013990570791065693,0.016259092837572098,0.36518892645835876,0.3242068588733673,0.3106042146682739,True,True,True
valid,2S00zYaVrtc$_$4,2,1.0580294132232666,1.0580294132232666,T,4.258752822875977,0.06605921685695648,0.26416391134262085,0.9280399084091187,0.014395197853446007,0.05756489560008049,T,0.30946844816207886,0.021236887201666832,0.022799786180257797,0.8754284381866455,0.06007518619298935,0.06449633836746216,0.3968011438846588,0.3126230537891388,0.2905757427215576,True,True,True
valid,2Xt31_d0XEE$_$2,2,1.9321088790893555,1.9321088790893555,T,8.358261108398438,0.4771910011768341,0.7338395118713379,0.8734461069107056,0.04986690729856491,0.07668691873550415,T,0.6795904040336609,0.009154265746474266,0.0613037645816803,0.9060620665550232,0.01220490038394928,0.08173307776451111,0.43856871128082275,0.3225136697292328,0.23891764879226685,True,True,True
valid,31474$_$11,1,0.0,-0.13932070136070251,T,1.0057851076126099,0.04521893709897995,0.05096019059419632,0.912720263004303,0.04103485122323036,0.04624486714601517,T,-0.09567832201719284,0.018058165907859802,0.01615441031754017,0.7366052269935608,0.13902564346790314,0.1243690624833107,0.4410412907600403,0.2720527648925781,0.2869059145450592,True,True,True
valid,31474$_$14,0,-0.36586612462997437,-0.36586612462997437,T,0.5610455870628357,-0.02329561486840248,0.007897884584963322,0.9473294615745544,0.03933481127023697,0.013335634022951126,T,-0.1300697922706604,-0.007104914635419846,-0.0003828282351605594,0.9455664753913879,0.05165049433708191,0.002783040748909116,0.4423177242279053,0.26635661721229553,0.2913256585597992,True,True,True
valid,31474$_$0,1,0.0,0.07797037810087204,T,2.0622496604919434,0.004427477717399597,-0.18282301723957062,0.9167591333389282,0.0019682052079588175,0.08127273619174957,A,-0.01732519641518593,0.026949677616357803,0.0013794169062748551,0.37948670983314514,0.5902988910675049,0.030214399099349976,0.48317891359329224,0.24015170335769653,0.27666935324668884,True,True,True
valid,31474$_$3,1,0.0,-0.0814572274684906,T,3.4170312881469727,0.006839128211140633,-0.008421383798122406,0.9955538511276245,0.0019925835076719522,0.002453574677929282,T,-0.04533245414495468,0.013356700539588928,-0.010175416246056557,0.6582841277122498,0.19395606219768524,0.1477598249912262,0.47118687629699707,0.251701295375824,0.27711185812950134,True,True,True
valid,31474$_$6,0,-2.5832438468933105,-2.5832438468933105,T,10.592369079589844,-0.03328559920191765,0.3007628917694092,0.9694274663925171,0.00304634147323668,0.027526212856173515,T,-1.3394381999969482,0.0043343435972929,0.02259991131722927,0.9802877306938171,0.003172153839841485,0.016540080308914185,0.4068104326725006,0.29219916462898254,0.30099037289619446,True,True,True
valid,31474$_$9,0,-1.515224575996399,-1.515224575996399,T,7.35237979888916,-0.005980506539344788,0.01035744696855545,0.997782826423645,0.0008116075186990201,0.0014055969659239054,T,-0.6258465051651001,-0.00016451720148324966,0.05492325872182846,0.919099748134613,0.0002416051138425246,0.0806586816906929,0.42468172311782837,0.30489957332611084,0.2704187035560608,True,True,True
valid,31474$_$8,0,-1.0384751558303833,-1.0384751558303833,T,4.236157417297363,-0.021849876269698143,0.03391508013010025,0.9870069622993469,0.005090929567813873,0.007902071811258793,T,-0.38379108905792236,0.003425706410780549,0.004300740081816912,0.9802653789520264,0.008749815635383129,0.010984795168042183,0.41101622581481934,0.29427921772003174,0.2947045564651489,True,True,True
valid,32681$_$1,1,0.0,-0.04673323407769203,T,1.2343528270721436,-0.014297300018370152,-0.02689223736524582,0.9677082896232605,0.011208801530301571,0.021082984283566475,T,-0.03363731503486633,0.024430125951766968,-0.021363897249102592,0.42347660660743713,0.30756279826164246,0.268960565328598,0.44018256664276123,0.2679454982280731,0.29187196493148804,True,True,True
valid,32681$_$3,0,-1.8993723392486572,-1.8993723392486572,T,8.079246520996094,-0.03363645076751709,0.07742609828710556,0.9864398241043091,0.004106860142201185,0.009453379549086094,T,-0.7881451845169067,0.016297999769449234,0.010241908021271229,0.9674230813980103,0.020005274564027786,0.012571616098284721,0.39483630657196045,0.2941753566265106,0.3109883666038513,True,True,True
valid,32681$_$5,0,-1.7386937141418457,-1.7386937141418457,T,7.257203102111816,-0.014268815517425537,0.11531858146190643,0.9824568629264832,0.0019316663965582848,0.015611459501087666,T,-0.6818007230758667,0.012983670458197594,-0.007981822825968266,0.9701671600341797,0.018475091084837914,0.01135772094130516,0.39821672439575195,0.29533159732818604,0.30645161867141724,True,True,True
valid,32681$_$6,0,-1.475006341934204,-1.475006341934204,T,6.849738121032715,-0.03350643068552017,0.09509523212909698,0.9815713167190552,0.004801490344107151,0.01362720038741827,T,-0.5623857975006104,0.02927025407552719,-0.02013525366783142,0.9192445874214172,0.047843530774116516,0.03291196748614311,0.40609538555145264,0.28131359815597534,0.3125910460948944,True,True,True
valid,33170$_$1,0,-0.47365424036979675,-0.47365424036979675,T,2.5679335594177246,-0.02067076601088047,-0.1665305495262146,0.9320536851882935,0.007502633146941662,0.0604437030851841,T,-0.21899323165416718,0.03696771338582039,0.00781681016087532,0.8302186727523804,0.14014719426631927,0.029634075239300728,0.4359918534755707,0.26233044266700745,0.30167773365974426,True,True,True
valid,33170$_$3,0,-0.7120287418365479,-0.7120287418365479,T,3.474782705307007,0.0013885758817195892,-0.15446369349956512,0.9570729732513428,0.0003824608866125345,0.042544540017843246,T,-0.30699867010116577,0.047689374536275864,0.002360688988119364,0.8598228693008423,0.13356544077396393,0.006611671298742294,0.4348696172237396,0.25341832637786865,0.3117121160030365,True,True,True
valid,33170$_$4,0,-1.459540605545044,-1.459540605545044,T,7.479414939880371,0.004038607701659203,-0.07318996638059616,0.989780068397522,0.0005344446399249136,0.009685512632131577,T,-0.5846779942512512,0.05837764963507652,-0.020174242556095123,0.8815615773200989,0.08802023530006409,0.03041817434132099,0.4110771119594574,0.268510639667511,0.3204122483730316,True,True,True
valid,3MFNIag0wNE$_$12,0,-0.5476897954940796,-0.5476897954940796,T,1.1743826866149902,-0.03489943593740463,0.09935244917869568,0.8974106907844543,0.02666858583688736,0.07592069357633591,T,-0.17606447637081146,-0.010475557297468185,-0.013085108250379562,0.8819754123687744,0.05247614160180092,0.06554839760065079,0.4271484911441803,0.2897314429283142,0.2831200957298279,True,True,True
valid,3MFNIag0wNE$_$14,0,-1.586970567703247,-1.586970567703247,T,6.44289493560791,-0.008981995284557343,0.19890174269676208,0.9687429070472717,0.001350517850369215,0.029906533658504486,T,-0.5837253332138062,-0.00243779388256371,-0.017570829018950462,0.9668585658073425,0.004037861246615648,0.0291035957634449,0.4010152220726013,0.30133292078971863,0.29765188694000244,True,True,True
valid,3MFNIag0wNE$_$16,2,0.3023081123828888,0.3023081123828888,T,0.8789048194885254,0.20444923639297485,0.15730704367160797,0.7084165811538696,0.1647905707359314,0.12679292261600494,T,0.11759710311889648,-0.01501686591655016,-0.016459787264466286,0.788851797580719,0.10073446482419968,0.11041370779275894,0.4413072168827057,0.27306026220321655,0.28563252091407776,True,True,True
valid,3MFNIag0wNE$_$7,1,0.0,-0.1496172547340393,T,1.1512972116470337,0.07683240622282028,-0.11033949255943298,0.860159695148468,0.05740319564938545,0.08243708312511444,T,-0.0316837802529335,-0.00949864275753498,-0.02372349426150322,0.48814937472343445,0.14634479582309723,0.3655059039592743,0.43423423171043396,0.29044607281684875,0.2753196954727173,True,True,True
valid,3V2qm0rw920$_$11,2,0.7040707468986511,0.7040707468986511,T,3.22493052482605,0.11041191220283508,0.05344466492533684,0.9516474604606628,0.03258154168725014,0.015771031379699707,T,0.23227283358573914,0.004046453163027763,-0.012164000421762466,0.9347624182701111,0.016284609213471413,0.048952993005514145,0.396528422832489,0.2984633445739746,0.30500826239585876,True,True,True
valid,3V2qm0rw920$_$13,2,2.0130698680877686,2.0130698680877686,T,7.444937705993652,0.247146874666214,-0.013371524401009083,0.9661903977394104,0.03207426890730858,0.0017353319562971592,T,0.8145530223846436,-0.01319073885679245,-0.0037520478945225477,0.9796237349510193,0.015863867476582527,0.004512407351285219,0.35781267285346985,0.30813655257225037,0.3340507447719574,True,True,True
valid,3V2qm0rw920$_$3,2,0.4108445644378662,0.4108445644378662,T,1.5768221616744995,0.09085109829902649,-0.11866334080696106,0.8827128410339355,0.05085889250040054,0.06642832607030869,T,0.12505176663398743,0.01731628179550171,-0.01954607106745243,0.7723339200019836,0.10694731771945953,0.12071875482797623,0.40879565477371216,0.28608062863349915,0.30512377619743347,True,True,True
valid,3j94B0pzSVs$_$12,2,0.7517331838607788,0.7517331838607788,T,3.596296787261963,0.012860841117799282,0.08860716968774796,0.9725596904754639,0.003478004364296794,0.023962359875440598,T,0.2600996494293213,-0.0038253937382251024,-0.015237206593155861,0.9317149519920349,0.0137031190097332,0.0545818991959095,0.3840360641479492,0.3089233338832855,0.3070405125617981,True,True,True
valid,3j94B0pzSVs$_$17,0,-0.6136960983276367,-0.6136960983276367,T,2.7078866958618164,-0.013044331222772598,0.02659834921360016,0.9855714440345764,0.0047476585023105145,0.009680823422968388,T,-0.2340625822544098,0.008827499113976955,0.0027502928860485554,0.9528669118881226,0.03593667969107628,0.011196420527994633,0.4354131817817688,0.2903611361980438,0.274225652217865,True,True,True
valid,3j94B0pzSVs$_$1,1,0.0,-0.02544342912733555,T,1.7081599235534668,-0.06938017904758453,-0.141961932182312,0.8898974061012268,0.036144886165857315,0.07395768910646439,T,-0.0409499816596508,0.017231876030564308,0.00024467287585139275,0.7008798718452454,0.29493236541748047,0.004187701269984245,0.4511699080467224,0.2735813558101654,0.2752487361431122,True,True,True
valid,3j94B0pzSVs$_$0,1,0.0,0.19469833374023438,T,0.9434009790420532,-0.08109558373689651,-0.06620442867279053,0.8649492263793945,0.07435180246829987,0.0606989711523056,T,0.04914674907922745,0.007330961525440216,-0.0064790016040205956,0.7806435227394104,0.11644447594881058,0.10291200876235962,0.4457288980484009,0.26885879039764404,0.2854122817516327,True,True,True
valid,4cFeG2ydm9A$_$8,2,0.8090794086456299,0.8090794086456299,T,3.0281553268432617,0.24623677134513855,0.41109615564346313,0.8216429352760315,0.06681252270936966,0.11154455691576004,T,0.16418443620204926,0.036461614072322845,0.06089474633336067,0.6277583837509155,0.1394108086824417,0.23283077776432037,0.43754881620407104,0.29568663239479065,0.2667646110057831,True,True,True
valid,4dV3slGSc60$_$10,2,0.7781652212142944,0.7781652212142944,T,3.445756435394287,0.3940817713737488,-0.15363802015781403,0.862846314907074,0.09868138283491135,0.0384722501039505,T,0.23113802075386047,0.004233811981976032,0.015088696032762527,0.9228520393371582,0.016904108226299286,0.06024380773305893,0.41292211413383484,0.2571563720703125,0.32992151379585266,True,True,True
valid,4dV3slGSc60$_$12,2,0.520112931728363,0.520112931728363,T,2.389270782470703,0.4268428087234497,-0.06663846969604492,0.8288159370422363,0.14806783199310303,0.02311626821756363,T,0.10804423689842224,0.046935997903347015,0.005167681258171797,0.6746527552604675,0.29307904839515686,0.03226817771792412,0.4329611659049988,0.2412317395210266,0.3258070945739746,True,True,True
valid,4dV3slGSc60$_$22,2,0.6544617414474487,0.6544617414474487,T,2.4706954956054688,0.5027648210525513,0.17957261204719543,0.7835933566093445,0.1594543606042862,0.0569523461163044,T,0.1602483093738556,0.03991112858057022,0.006565377116203308,0.7751769423484802,0.19306404888629913,0.03175901994109154,0.4501121938228607,0.23811712861061096,0.3117706775665283,True,True,True
valid,4dV3slGSc60$_$9,2,0.9755799770355225,0.9755799770355225,T,4.79318380355835,0.4544674754142761,0.05077317729592323,0.9046432375907898,0.08577407896518707,0.009582693688571453,T,0.32475584745407104,0.016469480469822884,-0.018773702904582024,0.902101993560791,0.04574868083000183,0.05214931443333626,0.4065077006816864,0.2590772807598114,0.334415078163147,True,True,True
valid,4dV3slGSc60$_$8,2,1.1101772785186768,1.1101772785186768,T,3.695939540863037,0.4244605302810669,0.5335158109664917,0.7941569089889526,0.09120503067970276,0.11463804543018341,T,0.29126372933387756,0.03455481678247452,0.04768092930316925,0.7798237204551697,0.09251637756824493,0.12765997648239136,0.4625013470649719,0.28368639945983887,0.2538122832775116,True,True,True
valid,50103$_$3,0,-1.9612834453582764,-1.9612834453582764,T,8.699930191040039,0.007352884858846664,0.14002344012260437,0.9833422899246216,0.000831087410915643,0.015826674178242683,T,-0.8334739208221436,0.007959078997373581,0.02868364006280899,0.957887589931488,0.009147140197455883,0.0329652801156044,0.4222802221775055,0.2937406003475189,0.2839791476726532,True,True,True
valid,5B0PQx3Ep3k$_$5,2,0.5340738296508789,0.5340738296508789,T,0.8771023750305176,0.24249373376369476,0.1636553406715393,0.6834999918937683,0.18896819651126862,0.1275317668914795,T,0.0864439308643341,0.0469808429479599,0.03152504935860634,0.5240619778633118,0.28481900691986084,0.1911190301179886,0.4447179138660431,0.2684929072856903,0.286789208650589,True,True,True
valid,5O1W39o56gg$_$1,1,0.0,0.1651879847049713,T,1.685215950012207,-0.1507197767496109,-0.06577686965465546,0.8861570358276367,0.07925476133823395,0.03458822891116142,A,-0.011184566654264927,0.04659874737262726,0.0047121429815888405,0.17896607518196106,0.7456341981887817,0.07539977133274078,0.4635050594806671,0.25766512751579285,0.27882981300354004,True,True,True
valid,5O1W39o56gg$_$2,1,0.0,0.0721094012260437,T,0.7820481657981873,-0.15274783968925476,-0.05405750498175621,0.790863573551178,0.15446963906288147,0.054666850715875626,A,-0.016795562580227852,0.038852568715810776,-0.013007989153265953,0.24463312327861786,0.565900981426239,0.18946582078933716,0.4494532644748688,0.2607719898223877,0.28977468609809875,True,True,True
valid,5O1W39o56gg$_$9,2,1.4800671339035034,1.4800671339035034,T,5.971487045288086,0.03996645659208298,0.31703686714172363,0.9435879588127136,0.0063153225928545,0.05009676143527031,T,0.5384692549705505,-0.0042971596121788025,-0.008678204379975796,0.9764702916145325,0.007792550139129162,0.015737218782305717,0.38336506485939026,0.332614541053772,0.2840203642845154,True,True,True
valid,5i6AgQSjXO4$_$3,2,0.8532326817512512,0.8532326817512512,T,4.068542957305908,0.22501932084560394,0.4861205220222473,0.8512160181999207,0.047078292816877365,0.10170559585094452,T,0.23599570989608765,0.0219128355383873,0.019574064761400223,0.8504882454872131,0.07897011935710907,0.07054158300161362,0.4334375262260437,0.30455493927001953,0.26200756430625916,True,True,True
valid,5i6AgQSjXO4$_$2,2,0.8010254502296448,0.8010254502296448,T,1.6866799592971802,0.23699302971363068,0.39656898379325867,0.7269414067268372,0.10214151442050934,0.1709170788526535,T,0.16104547679424286,0.03782550245523453,0.059776827692985535,0.6226438879966736,0.14624327421188354,0.23111283779144287,0.4565417170524597,0.2846320867538452,0.25882619619369507,True,True,True
valid,5i6AgQSjXO4$_$6,1,0.0,0.06024568900465965,T,2.8995563983917236,0.004959224723279476,0.07412940263748169,0.9734481573104858,0.0016649265307933092,0.024886956438422203,T,0.018128670752048492,-0.002120333258062601,-0.010915825143456459,0.5817028880119324,0.06803609430789948,0.35026103258132935,0.46617960929870605,0.25970327854156494,0.274117112159729,True,True,True
valid,5kaCGzjYukM$_$0,1,0.0,-0.05951707810163498,T,0.9821527600288391,-0.04872652143239975,-0.13062874972820282,0.8455841541290283,0.04195108637213707,0.1124647930264473,T,-0.01914658024907112,0.0008957501850090921,-0.016582883894443512,0.5227704644203186,0.02445719949901104,0.4527723491191864,0.44565945863723755,0.27680036425590515,0.2775402069091797,True,True,True
valid,5kaCGzjYukM$_$3,0,-0.5299726128578186,-0.5299726128578186,T,2.1081788539886475,-0.028458531945943832,0.0922645777463913,0.9458373188972473,0.012767959386110306,0.04139462858438492,T,-0.1966264396905899,0.01645871251821518,-0.013354810886085033,0.8683381080627441,0.07268466800451279,0.05897727236151695,0.4367382526397705,0.2788563072681427,0.2844054102897644,True,True,True
valid,5kaCGzjYukM$_$2,0,-0.8995813131332397,-0.8995813131332397,T,4.674882411956787,-0.02077498286962509,0.11497446149587631,0.9717813730239868,0.004318556282669306,0.023900074884295464,T,-0.3445919156074524,0.028191998600959778,-0.007958473637700081,0.9050527215003967,0.07404481619596481,0.020902516320347786,0.42488670349121094,0.2917211055755615,0.28339216113090515,True,True,True
valid,5kaCGzjYukM$_$5,0,-0.6229192018508911,-0.6229192018508911,T,1.9300339221954346,0.007252654060721397,0.20319846272468567,0.9016806483268738,0.0033883226569741964,0.09493103623390198,T,-0.21847392618656158,0.01908653974533081,-0.026308145374059677,0.8279648423194885,0.07233349978923798,0.09970168769359589,0.44306081533432007,0.28216591477394104,0.2747732698917389,True,True,True
valid,5kaCGzjYukM$_$7,2,0.4903653860092163,0.4903653860092163,T,3.3666305541992188,-0.026134278625249863,0.16532830893993378,0.9461895823478699,0.0073450240306556225,0.0464654266834259,T,0.19712591171264648,-0.0007730599027127028,-0.04641033336520195,0.8068702816963196,0.0031642671674489975,0.18996547162532806,0.3922746181488037,0.3110496699810028,0.2966756820678711,True,True,True
valid,6KvG5VbLalY$_$9,1,0.0,-0.04584499076008797,T,1.225838541984558,0.003964643459767103,-0.03443628549575806,0.9696252346038818,0.003135990584269166,0.02723873406648636,T,-0.0645069107413292,0.004919272847473621,0.029312696307897568,0.653308093547821,0.04982103034853935,0.2968708574771881,0.46369439363479614,0.27927514910697937,0.2570304274559021,True,True,True
valid,6ZA8I83x-oY$_$0,2,0.6139940619468689,0.6139940619468689,T,3.048318862915039,0.239482581615448,0.05950920283794403,0.9106769561767578,0.07154477387666702,0.01777821220457554,T,0.1828552931547165,0.01351405680179596,-0.0037650815211236477,0.9136623740196228,0.06752489507198334,0.018812762573361397,0.4135775864124298,0.2762211561203003,0.3102012872695923,True,True,True
valid,6ZA8I83x-oY$_$2,2,1.4746177196502686,1.4746177196502686,T,5.764886856079102,0.25420138239860535,0.010123763233423233,0.956159234046936,0.04216162487864494,0.0016791188390925527,T,0.5323166251182556,-0.004398546647280455,-0.00482213357463479,0.9829731583595276,0.008122334256768227,0.008904526941478252,0.3833746314048767,0.28719064593315125,0.32943472266197205,True,True,True
valid,6hFiTU77Sm0$_$1,2,0.2836912274360657,0.2836912274360657,T,0.5690302848815918,0.09192495048046112,0.2855556309223175,0.6011872291564941,0.09711980074644089,0.3016929030418396,T,0.04906579107046127,0.010702645406126976,0.020086605101823807,0.6144357323646545,0.1340259164571762,0.25153836607933044,0.45049163699150085,0.2904004156589508,0.2591079771518707,True,True,True
valid,6hFiTU77Sm0$_$2,1,0.0,0.049411892890930176,T,1.3068437576293945,-0.2553755044937134,-0.11386357247829437,0.7797011733055115,0.15236449241638184,0.06793433427810669,A,-0.011860612779855728,0.02439945563673973,-0.011058805510401726,0.25065287947654724,0.5156389474868774,0.23370811343193054,0.469302237033844,0.24472643435001373,0.2859713137149811,True,True,True
valid,6uPGcKTpC4I$_$1,2,0.4377950429916382,0.4377950429916382,V,0.11748313903808594,0.2538861036300659,0.34751075506210327,0.1634252369403839,0.35316896438598633,0.48340579867362976,T,0.0653519555926323,0.027366599068045616,0.039270397275686264,0.4951319992542267,0.2073400616645813,0.29752790927886963,0.47500014305114746,0.27454596757888794,0.250453919172287,True,True,True
valid,6uPGcKTpC4I$_$2,2,0.718731164932251,0.718731164932251,T,3.2380661964416504,0.49981459975242615,0.38029253482818604,0.7862870693206787,0.12136804312467575,0.09234496206045151,T,0.16166548430919647,0.03105277754366398,0.03661501407623291,0.7049368619918823,0.1354045867919922,0.1596585214138031,0.4635126292705536,0.2542330026626587,0.28225433826446533,True,True,True
valid,6uPGcKTpC4I$_$6,2,0.6115643382072449,0.6115643382072449,T,1.1466758251190186,0.41070985794067383,0.3339611291885376,0.6062747836112976,0.21715205907821655,0.17657318711280823,T,0.1386691778898239,0.02484983578324318,0.028240110725164413,0.7231425046920776,0.1295887976884842,0.14726866781711578,0.47800135612487793,0.25486552715301514,0.26713311672210693,True,True,True
valid,70280$_$11,0,-2.001910924911499,-2.001910924911499,T,7.817408561706543,0.013137714937329292,-0.09671440720558167,0.9861424565315247,0.0016572830500081182,0.012200229801237583,T,-0.8390206694602966,0.018306545913219452,-0.0001441642816644162,0.9784823656082153,0.021349454298615456,0.00016812721150927246,0.39866697788238525,0.2856956422328949,0.3156373202800751,True,True,True
valid,70280$_$3,0,-0.7378067374229431,-0.7378067374229431,T,4.1990485191345215,0.0284971185028553,-0.10962212830781937,0.9681544899940491,0.006570443976670504,0.02527504973113537,T,-0.2774621248245239,0.022451797500252724,-0.011063873767852783,0.892224907875061,0.07219742983579636,0.03557769954204559,0.4190741777420044,0.27267593145370483,0.3082498610019684,True,True,True
valid,70280$_$4,1,0.0,0.24035170674324036,T,2.0423197746276855,-0.18859557807445526,0.06740967929363251,0.8886122107505798,0.08205783367156982,0.02932991459965706,T,0.05611587315797806,0.011791479773819447,-0.0026101218536496162,0.7957724928855896,0.167213574051857,0.03701382875442505,0.4674587845802307,0.24668294191360474,0.2858583331108093,True,True,True
valid,70280$_$6,0,-1.0645824670791626,-1.0645824670791626,T,5.624037742614746,0.024614762514829636,-0.0836743488907814,0.9811090230941772,0.004294026177376509,0.014596925117075443,T,-0.41481295228004456,0.03554225713014603,-0.006715405732393265,0.9075467586517334,0.0777609720826149,0.014692272059619427,0.41429734230041504,0.2734698951244354,0.31223276257514954,True,True,True
valid,75RGHaxmUK8$_$3,2,0.4115906357765198,0.4115906357765198,T,1.0500973463058472,0.11359239369630814,0.22353443503379822,0.756977379322052,0.08188466727733612,0.1611379235982895,T,0.09327023476362228,0.019427554681897163,0.010377653874456882,0.7578297853469849,0.15785078704357147,0.08431944996118546,0.44052955508232117,0.2889215648174286,0.2705487906932831,True,True,True
valid,75RGHaxmUK8$_$5,1,0.0,0.011616433039307594,T,2.415558099746704,0.0010479725897312164,-0.09213028848171234,0.9628584980964661,0.0004177292576059699,0.0367237813770771,V,-0.016886882483959198,-0.011767130345106125,0.01753409206867218,0.36561107635498047,0.2547653913497925,0.37962353229522705,0.46227243542671204,0.27298837900161743,0.2647392153739929,True,True,True
valid,7_K3F-lAv1k$_$2,2,0.27998897433280945,0.27998897433280945,V,0.0265122652053833,-0.03840850666165352,0.04131162166595459,0.24956856667995453,0.36155176162719727,0.3888797163963318,T,0.1040809378027916,-0.01431398093700409,-0.011156976222991943,0.8033919334411621,0.1104883998632431,0.08611974865198135,0.4275781512260437,0.29053154587745667,0.28189027309417725,True,True,True
valid,7r4vRxKLFCA$_$6,2,0.7809543013572693,0.7809543013572693,T,3.7392289638519287,0.18970774114131927,0.1128925234079361,0.9251328706741333,0.04693610966205597,0.02793104760348797,T,0.25104281306266785,0.006518623325973749,-0.00610390305519104,0.952126681804657,0.024723093956708908,0.023150190711021423,0.40085870027542114,0.29019853472709656,0.3089427649974823,True,True,True
valid,80566$_$1,2,0.3916110098361969,0.3916110098361969,T,0.9991663694381714,-0.024152027443051338,0.17799267172813416,0.8317298889160156,0.020104723051190376,0.14816534519195557,T,0.06796837598085403,0.017595678567886353,0.030729973688721657,0.5844528675079346,0.15130338072776794,0.2642437815666199,0.42158710956573486,0.2949334383010864,0.2834794819355011,True,True,True
valid,80566$_$0,2,0.2766607105731964,0.2766607105731964,T,0.6202796697616577,-0.1272311508655548,0.011143806390464306,0.8176048398017883,0.16770629584789276,0.014688906259834766,T,0.13801681995391846,-0.04369567707180977,-0.01683022640645504,0.6951492428779602,0.22008199989795685,0.08476879447698593,0.4160464107990265,0.2941305339336395,0.2898229956626892,True,True,True
valid,80566$_$3,2,0.2774568796157837,0.2774568796157837,T,1.1958537101745605,0.11404433101415634,0.06223833188414574,0.8715268969535828,0.08311443030834198,0.04535870626568794,T,0.09790405631065369,0.013245511800050735,-0.03339096158742905,0.6773467659950256,0.09163874387741089,0.23101453483104706,0.42337942123413086,0.2812323570251465,0.29538822174072266,True,True,True
valid,80566$_$2,2,0.38527238368988037,0.38527238368988037,T,0.5537543296813965,0.10199132561683655,-0.13145223259925842,0.7034500241279602,0.12956251204013824,0.16698753833770752,T,0.11176596581935883,0.031094534322619438,-0.028715375810861588,0.6514083743095398,0.18122905492782593,0.16736255586147308,0.4290020167827606,0.2720579504966736,0.2989400029182434,True,True,True
valid,80566$_$4,2,1.1058588027954102,1.1058588027954102,T,4.840169906616211,0.3401080071926117,-0.14261913299560547,0.9093112349510193,0.06389528512954712,0.02679351717233658,T,0.4064443111419678,0.025641607120633125,-0.060253262519836426,0.8255372047424316,0.05208118259906769,0.12238160520792007,0.39316123723983765,0.26882797479629517,0.33801084756851196,True,True,True
valid,80566$_$6,0,-0.580446720123291,-0.580446720123291,T,2.773228406906128,-0.06726302951574326,0.17126639187335968,0.9208005666732788,0.022333478555083275,0.05686592310667038,T,-0.25103580951690674,0.00046037969877943397,0.039631009101867676,0.8622890710830688,0.0015813695499673486,0.13612952828407288,0.4270714819431305,0.29752442240715027,0.27540406584739685,True,True,True
valid,80855$_$11,1,0.0,0.005431000608950853,T,3.404621124267578,-0.1257576048374176,0.06153596192598343,0.9478568434715271,0.03501129895448685,0.017131797969341278,A,-0.025337466970086098,0.03825652599334717,-0.026100806891918182,0.28248536586761475,0.42651888728141785,0.2909957766532898,0.47801369428634644,0.2446376234292984,0.27734872698783875,True,True,True
valid,80855$_$10,1,0.0,-0.1015329360961914,T,2.985400676727295,-0.09465913474559784,0.04023423418402672,0.9567689895629883,0.03033660724759102,0.012894372455775738,A,-0.014136530458927155,-0.01836526207625866,-0.016347534954547882,0.2893904745578766,0.37595731019973755,0.3346521854400635,0.4646455645561218,0.25900527834892273,0.27634915709495544,True,True,True
valid,80855$_$12,1,0.0,-0.22164732217788696,T,1.920961856842041,0.06302661448717117,-0.19094225764274597,0.8832289576530457,0.028978675603866577,0.08779233694076538,T,-0.04081195220351219,-0.014545917510986328,-0.033651527017354965,0.4585128426551819,0.16342002153396606,0.37806713581085205,0.47221478819847107,0.256834477186203,0.27095070481300354,True,True,True
valid,80855$_$15,2,1.1311585903167725,1.1311585903167725,T,4.145394802093506,0.003667161799967289,0.0,0.9991161227226257,0.0008838531794026494,0.0,T,0.390918493270874,-0.009290946647524834,0.0,0.9767848253250122,0.023215211927890778,0.0,0.5509969592094421,0.44900307059288025,0.0,True,True,False
valid,80855$_$17,0,-0.7091677188873291,-0.7091677188873291,T,2.8404974937438965,0.00867588259279728,0.20558027923107147,0.9298614263534546,0.002840125234797597,0.06729847937822342,T,-0.257944256067276,-0.009618340991437435,0.011624349281191826,0.9239123463630676,0.034451257437467575,0.04163643717765808,0.42064183950424194,0.2940467596054077,0.28531143069267273,True,True,True
valid,80855$_$0,0,-0.4092070460319519,-0.4092070460319519,T,2.006575584411621,0.051507044583559036,0.17096765339374542,0.9001930952072144,0.023107171058654785,0.07669977843761444,T,-0.1514001339673996,0.015019400976598263,-0.015869222581386566,0.8305510878562927,0.08239345252513885,0.08705540746450424,0.41148972511291504,0.29198548197746277,0.2965247631072998,True,True,True
valid,80855$_$3,2,0.48207736015319824,0.48207736015319824,T,1.9912761449813843,0.2408527433872223,0.13727575540542603,0.8404120802879333,0.10165116935968399,0.05793681740760803,T,0.12446385622024536,0.028067562729120255,-0.005426095798611641,0.7879578471183777,0.17769059538841248,0.034351617097854614,0.4265717566013336,0.26908594369888306,0.3043423295021057,True,True,True
valid,80855$_$2,0,-0.459187388420105,-0.459187388420105,T,-0.5487223863601685,0.0012173978611826897,0.1765783578157425,0.7552769184112549,0.0016756606055423617,0.24304741621017456,T,-0.12773217260837555,-0.021186603233218193,-0.020348163321614265,0.7546197175979614,0.12516681849956512,0.12021345645189285,0.4363388121128082,0.2845158278942108,0.27914538979530334,True,True,True
valid,80855$_$7,0,-0.5024217367172241,-0.5024217367172241,T,1.0455800294876099,-0.016880005598068237,0.203306645154953,0.8260447978973389,0.013335795141756535,0.1606193631887436,T,-0.12909533083438873,-0.006518978625535965,-0.04844430088996887,0.7013816833496094,0.03541795164346695,0.26320040225982666,0.4304768443107605,0.28815510869026184,0.28136804699897766,True,True,True
valid,80855$_$20,1,0.0,-0.1750660091638565,T,2.2339022159576416,0.023837687447667122,-0.028804980218410492,0.9769771099090576,0.010425198823213577,0.012597599998116493,T,-0.029279354959726334,-0.01998347043991089,-0.024150965735316277,0.39882636070251465,0.2722032368183136,0.32897043228149414,0.4501105844974518,0.27725836634635925,0.27263107895851135,True,True,True
valid,830KzUc6CbU$_$0,2,0.08680770546197891,0.08680770546197891,T,1.4293302297592163,0.050971824675798416,-0.02007293701171875,0.9526486396789551,0.03397272154688835,0.013378612697124481,T,0.11882470548152924,-0.038621485233306885,-0.06625131517648697,0.531184732913971,0.17265048623085022,0.29616475105285645,0.41442692279815674,0.29193350672721863,0.293639600276947,True,True,True
valid,830KzUc6CbU$_$13,1,0.0,-0.15349890291690826,T,1.5059055089950562,0.04610622674226761,-0.11874835938215256,0.9013296365737915,0.02759595960378647,0.0710744559764862,T,-0.04691368341445923,0.0032281866297125816,-0.022517617791891098,0.6456648707389832,0.04442897439002991,0.3099060654640198,0.45463496446609497,0.26649412512779236,0.27887091040611267,True,True,True
valid,84140$_$0,0,-0.9344778656959534,-0.9344778656959534,T,4.361969947814941,-0.027675744146108627,0.018272098153829575,0.9895761609077454,0.006278643850237131,0.004145290236920118,T,-0.37977421283721924,0.026370884850621223,0.01621362194418907,0.8991745710372925,0.06243717297911644,0.03838827461004257,0.45207810401916504,0.2482536882162094,0.29966825246810913,True,True,True
valid,84140$_$5,0,-0.6877360343933105,-0.6877360343933105,T,4.227797985076904,-0.02135748416185379,0.0449787899851799,0.9845519065856934,0.004973641596734524,0.010474472306668758,T,-0.2932312488555908,0.025627415627241135,0.019218921661376953,0.8673490285873413,0.07580336183309555,0.056847669184207916,0.45879900455474854,0.24959945678710938,0.2916015088558197,True,True,True
valid,89835$_$1,2,0.3826126456260681,0.3826126456260681,V,-0.26907920837402344,0.024257104843854904,0.3119718134403229,0.4445326328277588,0.040073979645967484,0.5153934359550476,T,0.09926388412714005,-0.009321833960711956,0.0233017485588789,0.7526407837867737,0.07068020850419998,0.17667903006076813,0.4621571898460388,0.29467108845710754,0.24317173659801483,True,True,True
valid,89835$_$0,1,0.0,0.07899631559848785,T,1.0288759469985962,-0.0580868199467659,-0.13056685030460358,0.8450520634651184,0.04770875349640846,0.10723915696144104,T,0.03640139102935791,-0.021388499066233635,-0.0036667841486632824,0.5923097729682922,0.3480256497859955,0.059664536267519,0.45615217089653015,0.2749219536781311,0.26892587542533875,True,True,True
valid,89835$_$4,0,-0.6723976731300354,-0.6723976731300354,T,3.338881254196167,-0.0453437902033329,-0.02346034161746502,0.9798091053962708,0.013306330889463425,0.006884538568556309,T,-0.24015620350837708,0.015156229957938194,-0.017995119094848633,0.8787031173706055,0.05545485019683838,0.06584201008081436,0.4197087287902832,0.286909818649292,0.2933814525604248,True,True,True
valid,89835$_$7,0,-1.6937581300735474,-1.6937581300735474,T,7.327500343322754,-0.044629596173763275,0.030152887105941772,0.9898973703384399,0.006029166746884584,0.004073457792401314,T,-0.6857975721359253,0.010455191135406494,0.020810533314943314,0.956397533416748,0.014580569230020046,0.029021890833973885,0.412194162607193,0.3037874102592468,0.2840183973312378,True,True,True
valid,8eaYvALnJ0o$_$1,2,1.16714346408844,1.16714346408844,T,4.5486297607421875,0.20339269936084747,0.3201203942298889,0.896786630153656,0.04009995609521866,0.06311344355344772,T,0.3796728253364563,0.01109325885772705,0.004919370170682669,0.9595319032669067,0.028035547584295273,0.012432526797056198,0.4100460112094879,0.29932063817977905,0.29063335061073303,True,True,True
valid,8eaYvALnJ0o$_$0,2,0.9669015407562256,0.9669015407562256,T,3.261291980743408,0.08984506875276566,0.13821981847286224,0.9346398115158081,0.025748316198587418,0.039611831307411194,T,0.28224438428878784,0.02414339780807495,0.012832320295274258,0.8841686248779297,0.07563245296478271,0.040198974311351776,0.4015175998210907,0.3006070852279663,0.2978753447532654,True,True,True
valid,8x_nCOh6Wmc$_$6,2,0.4938652217388153,0.4938652217388153,T,2.549403190612793,0.04885610193014145,0.3779773414134979,0.856586217880249,0.016415396705269814,0.1269984245300293,T,0.1101381927728653,0.005581769626587629,0.03542144224047661,0.7287095785140991,0.03693077713251114,0.23435962200164795,0.43143337965011597,0.3151720464229584,0.25339457392692566,True,True,True
valid,96642$_$1,0,-0.491559773683548,-0.491559773683548,T,1.2434282302856445,-0.0017237551510334015,0.05893968045711517,0.9534822106361389,0.0013218051753938198,0.045195963233709335,T,-0.18376149237155914,0.002919099060818553,0.0005065840668976307,0.9816992282867432,0.015594546683132648,0.0027062969747930765,0.4614710211753845,0.24019740521907806,0.29833152890205383,True,True,True
valid,96642$_$3,2,0.7843549847602844,0.7843549847602844,T,1.5403010845184326,0.3623062074184418,0.48855406045913696,0.6441643834114075,0.15151892602443695,0.2043166309595108,T,0.23195986449718475,-0.010021469555795193,0.03073548525571823,0.8505520820617676,0.036746796220541,0.11270109564065933,0.47037291526794434,0.2691957950592041,0.26043131947517395,True,True,True
valid,96642$_$2,1,0.0,0.02186669036746025,T,2.952238082885742,-0.30369511246681213,-0.1664673089981079,0.8626220226287842,0.08873745799064636,0.04864051192998886,V,0.006579824723303318,-0.002603217726573348,-0.011679667048156261,0.3153868615627289,0.12477850168943405,0.5598345994949341,0.4946672022342682,0.2330654114484787,0.2722673714160919,True,True,True
valid,96642$_$4,0,-1.7083227634429932,-1.7083227634429932,T,7.744628429412842,0.021297169849276543,0.04729650542140007,0.9912208318710327,0.00272578583098948,0.006053393241018057,T,-0.6719187498092651,-0.013818345032632351,0.024050012230873108,0.946648359298706,0.019468296319246292,0.03388341888785362,0.42508041858673096,0.2673459053039551,0.3075736463069916,True,True,True
valid,99501$_$10,0,-9.999999974752427e-07,0.372420072555542,T,-0.2897214889526367,-0.011363454163074493,-0.007206711918115616,0.9397643208503723,0.036859430372714996,0.023376280441880226,T,0.07127654552459717,-0.0013507659314200282,0.039865802973508835,0.6336081027984619,0.012007543817162514,0.3543843924999237,0.4316062331199646,0.27419742941856384,0.2941962778568268,True,True,True
valid,99501$_$13,0,-0.5492669343948364,-0.5492669343948364,T,2.8309850692749023,-0.014092330820858479,-0.005347162485122681,0.9931800961494446,0.0049439407885074615,0.0018759177764877677,T,-0.21197587251663208,2.8091715648770332e-05,0.01177874393761158,0.9472397565841675,0.00012553122360259295,0.05263473838567734,0.4232189357280731,0.28292059898376465,0.29386043548583984,True,True,True
valid,99501$_$1,1,0.0,0.13919875025749207,T,1.494960069656372,-0.06075217202305794,0.07328462600708008,0.917718231678009,0.03729422390460968,0.04498758167028427,T,0.04083850234746933,-0.013322538696229458,0.003924882970750332,0.7030705213546753,0.22935914993286133,0.0675702914595604,0.4498402774333954,0.2675011157989502,0.28265854716300964,True,True,True
valid,99501$_$0,2,0.21736429631710052,0.21736429631710052,T,0.6945832371711731,0.22758625447750092,-0.025292325764894485,0.7330989241600037,0.24020624160766602,0.026694823056459427,V,-0.033684954047203064,0.04528649151325226,0.045988328754901886,0.2695663869380951,0.3624085485935211,0.3680250644683838,0.4245580732822418,0.2618698477745056,0.31357213854789734,True,True,True
valid,99501$_$5,0,-0.4133409261703491,-0.4133409261703491,T,1.3839654922485352,-0.03954081982374191,-0.018945619463920593,0.9594535231590271,0.027412228286266327,0.01313431654125452,T,-0.15509849786758423,-0.004188244231045246,0.005632457789033651,0.940451443195343,0.02539573423564434,0.03415283188223839,0.4437231421470642,0.2572467029094696,0.2990301847457886,True,True,True
valid,99501$_$7,2,0.7934126853942871,0.7934126853942871,T,4.400266647338867,0.17262719571590424,-0.09986092895269394,0.9416857361793518,0.03694334626197815,0.021370889618992805,T,0.26666831970214844,-0.006301915738731623,-0.004449000582098961,0.96124666929245,0.0227162167429924,0.016037100926041603,0.38599351048469543,0.2880486249923706,0.3259579539299011,True,True,True
valid,9QI-9w_VdB4$_$0,2,0.5733563899993896,0.5733563899993896,T,1.1371779441833496,0.30835652351379395,0.4259490966796875,0.6076344847679138,0.16476581990718842,0.22759969532489777,T,0.1098419576883316,0.022320833057165146,0.04634324461221695,0.6153402924537659,0.12504245340824127,0.25961723923683167,0.47449520230293274,0.27006763219833374,0.2554371953010559,True,True,True
valid,AG5EY8ZaFj4$_$3,2,0.260299950838089,0.260299950838089,T,0.6847726106643677,0.052646704018116,0.019175827503204346,0.9050713777542114,0.0695837214589119,0.02534489892423153,T,0.10013933479785919,0.0021957936696708202,-0.03034183755517006,0.7547605633735657,0.01654992438852787,0.22868958115577698,0.42329931259155273,0.28140902519226074,0.2952916622161865,True,True,True
valid,AG5EY8ZaFj4$_$15,2,0.16397538781166077,0.16397538781166077,T,0.5290263891220093,0.03748749941587448,0.12384919822216034,0.7663016319274902,0.05430113524198532,0.17939718067646027,T,0.06753434240818024,-0.005010608583688736,-0.022802826017141342,0.7082948684692383,0.052550870925188065,0.23915424942970276,0.43395349383354187,0.2800735831260681,0.28597292304039,True,True,True
valid,Arh2TKRi_mg$_$15,2,1.215162754058838,1.215162754058838,T,5.0546464920043945,0.05491330847144127,-0.10874521732330322,0.9686375856399536,0.010523207485675812,0.020839182659983635,T,0.39518773555755615,0.0006751202745363116,0.01882556825876236,0.9529750943183899,0.0016280182171612978,0.04539690166711807,0.3711266815662384,0.31064462661743164,0.31822869181632996,True,True,True
valid,Arh2TKRi_mg$_$14,2,0.5953039526939392,0.5953039526939392,T,1.9796396493911743,0.05121232569217682,0.044485680758953094,0.9538879990577698,0.024676622822880745,0.021435394883155823,T,0.15442417562007904,0.00916340947151184,0.022522833198308945,0.8297449350357056,0.04923641309142113,0.1210186555981636,0.41159722208976746,0.29170629382133484,0.2966964840888977,True,True,True
valid,Arh2TKRi_mg$_$16,2,0.43838322162628174,0.43838322162628174,T,0.09455430507659912,0.08944043517112732,0.0714220330119133,0.370196133852005,0.3501744568347931,0.2796293795108795,T,0.07691775262355804,0.013170073740184307,0.04210145026445389,0.5818759202957153,0.09963042289018631,0.31849369406700134,0.4442157745361328,0.27461957931518555,0.28116461634635925,True,True,True
valid,Arh2TKRi_mg$_$19,2,0.2986043095588684,0.2986043095588684,T,0.3846421241760254,0.08535593748092651,0.0006026001647114754,0.8173429369926453,0.18137657642364502,0.0012804914731532335,T,0.0624953992664814,0.005631692707538605,0.01674625650048256,0.7363371253013611,0.06635407358407974,0.19730877876281738,0.42951858043670654,0.2849549949169159,0.28552645444869995,True,True,True
valid,Arh2TKRi_mg$_$32,2,1.7270936965942383,1.7270936965942383,T,6.636195659637451,-0.0068030087277293205,0.5310007929801941,0.9250343441963196,0.0009482867899350822,0.07401740550994873,T,0.5833443999290466,0.005488810129463673,0.052178606390953064,0.9100368618965149,0.008562727831304073,0.08140037953853607,0.4005819261074066,0.3574534058570862,0.24196462333202362,True,True,True
valid,Arh2TKRi_mg$_$28,0,-0.22601459920406342,-0.22601459920406342,T,0.4537156820297241,0.01108807884156704,0.02026669681072235,0.9353603720664978,0.022858697921037674,0.04178093373775482,T,-0.1395823061466217,0.023053810000419617,0.026055196300148964,0.7397388815879822,0.1221773773431778,0.13808371126651764,0.45595505833625793,0.27827367186546326,0.2657712996006012,True,True,True
valid,Arh2TKRi_mg$_$3,2,1.3651330471038818,1.3651330471038818,T,4.957989692687988,0.057658784091472626,0.2112889289855957,0.9485458731651306,0.011031083762645721,0.040423084050416946,T,0.4341699481010437,0.006184188183397055,0.03569746017456055,0.9120228886604309,0.012990583665668964,0.074986532330513,0.3912721574306488,0.31841588020324707,0.2903120219707489,True,True,True
valid,AxNy9TeTLq8$_$0,2,1.5576167106628418,1.5576167106628418,T,6.769170761108398,0.4807194471359253,0.47094783186912537,0.8767403960227966,0.06226259842514992,0.06099698320031166,T,0.5083552598953247,0.021975412964820862,0.029928913339972496,0.9073566794395447,0.039223626255989075,0.053419727832078934,0.4149138629436493,0.2842055559158325,0.3008805811405182,True,True,True
valid,BSKAHXFYF_I$_$1,1,0.0,0.11348582804203033,T,2.88490891456604,-0.10646457225084305,-0.3079226315021515,0.874401330947876,0.03226887434720993,0.09332979470491409,V,-0.010184498503804207,0.015121541917324066,0.01791754551231861,0.23562364280223846,0.34984469413757324,0.4145316779613495,0.49772462248802185,0.26932254433631897,0.23295287787914276,True,True,True
valid,BSKAHXFYF_I$_$3,2,0.23689444363117218,0.23689444363117218,T,0.7493432760238647,0.2720869779586792,-0.14032182097434998,0.645011305809021,0.2342039942741394,0.12078464776277542,T,0.0971415713429451,0.01842396892607212,-0.051428064703941345,0.5817083120346069,0.11032739281654358,0.3079642653465271,0.4418002963066101,0.2546241879463196,0.30357545614242554,True,True,True
valid,BSKAHXFYF_I$_$7,1,0.0,0.054874859750270844,T,1.2654471397399902,-0.22359511256217957,0.1368703544139862,0.7782995700836182,0.13751976191997528,0.08418063074350357,V,0.016736267134547234,0.03225172683596611,-0.04568642005324364,0.17677709460258484,0.34065940976142883,0.4825635552406311,0.4622272849082947,0.2451155185699463,0.29265716671943665,True,True,True
valid,BSKAHXFYF_I$_$8,1,0.0,0.2494899183511734,T,0.4493684768676758,-0.05704604834318161,0.12615205347537994,0.7103891968727112,0.09018188714981079,0.19942890107631683,T,0.04462822526693344,0.026630932465195656,-0.0028954234439879656,0.6018269658088684,0.3591272830963135,0.0390457808971405,0.4358382821083069,0.2707601487636566,0.2934016287326813,True,True,True
valid,Baz0VVQ-E9E$_$10,0,-0.2328764945268631,-0.2328764945268631,T,2.7521188259124756,0.05280345305800438,-0.0401824414730072,0.9673172235488892,0.018559405580163002,0.014123361557722092,T,-0.17993293702602386,0.0772080346941948,0.009950844570994377,0.673674464225769,0.289069265127182,0.03725627064704895,0.4453205466270447,0.23898446559906006,0.31569498777389526,True,True,True
valid,Baz0VVQ-E9E$_$1,1,0.0,0.13263437151908875,T,1.3308547735214233,-0.25264060497283936,0.16018176078796387,0.7632461190223694,0.14488954842090607,0.09186434745788574,A,-0.01877453364431858,0.04778427630662918,0.00023847422562539577,0.2810673415660858,0.7153626084327698,0.0035701189190149307,0.4576929211616516,0.2394198179244995,0.3028872311115265,True,True,True
valid,Baz0VVQ-E9E$_$5,0,-0.45293524861335754,-0.45293524861335754,T,2.2223055362701416,0.04438817501068115,-0.059730544686317444,0.9552451968193054,0.01908000186085701,0.025674831122159958,T,-0.22253236174583435,0.04948463290929794,0.005914135370403528,0.8006744980812073,0.17804639041423798,0.021279139444231987,0.4176889955997467,0.27761411666870117,0.3046969175338745,True,True,True
valid,Baz0VVQ-E9E$_$7,2,1.6163009405136108,1.6163009405136108,T,5.94127082824707,0.26005464792251587,-0.19713473320007324,0.9285469651222229,0.04064331576228142,0.030809713527560234,T,0.5576688647270203,0.022903110831975937,0.006852654740214348,0.9493454694747925,0.03898902237415314,0.011665591038763523,0.3728177845478058,0.2888469994068146,0.33833521604537964,True,True,True
valid,CJGuudyvA0Y$_$4,1,0.0,0.03806324675679207,T,1.0693498849868774,-0.10728839039802551,-0.020126014947891235,0.8935343027114868,0.08964873105287552,0.01681702584028244,T,-0.03863873332738876,0.009071201086044312,0.027263879776000977,0.5153630375862122,0.12099158763885498,0.36364537477493286,0.4413372278213501,0.2746543288230896,0.2840084433555603,True,True,True
valid,CPjbogfLHR4$_$2,1,0.0,0.20106840133666992,T,1.3564138412475586,-0.22522184252738953,-0.18166542053222656,0.7692468762397766,0.12772738933563232,0.10302574932575226,A,-0.01219183485955,0.04765194654464722,0.016671229153871536,0.15933912992477417,0.6227790713310242,0.21788181364536285,0.47208186984062195,0.2563958466053009,0.27152225375175476,True,True,True
valid,CPjbogfLHR4$_$5,2,0.7143580913543701,0.7143580913543701,T,2.242281913757324,0.1760309487581253,0.12763702869415283,0.880725085735321,0.06914155930280685,0.0501333624124527,T,0.20964238047599792,0.021276207640767097,-0.0031311900820583105,0.8957170248031616,0.09090462327003479,0.013378308154642582,0.4249615967273712,0.27886155247688293,0.29617688059806824,True,True,True
valid,DdUJojoFU_c$_$11,2,0.6170616745948792,0.6170616745948792,T,0.5418024063110352,0.3976282775402069,0.3450712561607361,0.42179957032203674,0.30955830216407776,0.26864203810691833,T,0.0938175618648529,0.05483093857765198,0.045023247599601746,0.48441532254219055,0.2831127345561981,0.23247194290161133,0.48437270522117615,0.25018003582954407,0.26544731855392456,True,True,True
valid,DdUJojoFU_c$_$15,2,0.4036870002746582,0.4036870002746582,T,1.5356756448745728,0.4308765232563019,0.45314642786979675,0.634655773639679,0.1780703365802765,0.18727391958236694,T,0.0559854693710804,0.0400063656270504,0.024399515241384506,0.4650290012359619,0.33230265974998474,0.20266833901405334,0.48769035935401917,0.25704988837242126,0.25525978207588196,True,True,True
valid,DdUJojoFU_c$_$14,1,0.0,0.5297086238861084,T,1.5265450477600098,-0.37517237663269043,-0.5964641571044922,0.6110624670982361,0.15017817914485931,0.23875932395458221,V,0.039003707468509674,0.043060898780822754,0.08138289302587509,0.23863141238689423,0.26345402002334595,0.497914582490921,0.5429728627204895,0.2636876106262207,0.19333957135677338,True,True,True
valid,DdUJojoFU_c$_$17,1,0.0,0.28998643159866333,T,3.374750852584839,-0.009520743042230606,-0.041508883237838745,0.9851042032241821,0.00277914572507143,0.012116620317101479,V,-0.05820726603269577,0.05096406489610672,0.08921600878238678,0.2934021055698395,0.25689172744750977,0.44970616698265076,0.5912579894065857,0.27937641739845276,0.12936556339263916,True,True,True
valid,DdUJojoFU_c$_$16,2,0.8114680051803589,0.8114680051803589,T,2.8025548458099365,0.3267647624015808,0.7311224937438965,0.7259673476219177,0.0846443846821785,0.18938827514648438,T,0.15646454691886902,0.02323990873992443,0.08269521594047546,0.5962833166122437,0.08856683224439621,0.31514984369277954,0.5011507272720337,0.31641608476638794,0.18243315815925598,True,True,True
valid,DdUJojoFU_c$_$2,1,0.0,0.26372021436691284,T,1.5009492635726929,-0.41326582431793213,-0.5338221192359924,0.6131235361099243,0.16881518065929413,0.21806128323078156,V,-0.019510388374328613,0.0312851183116436,0.061367399990558624,0.17394688725471497,0.27892571687698364,0.5471274256706238,0.5353948473930359,0.25046753883361816,0.21413755416870117,True,True,True
valid,DdUJojoFU_c$_$6,1,0.0,0.2200680673122406,T,2.4987339973449707,-0.31298595666885376,-0.3397897481918335,0.7928688526153564,0.09931302070617676,0.10781808197498322,A,-0.054190315306186676,0.061131030321121216,0.05155523121356964,0.3247328996658325,0.366324782371521,0.3089422583580017,0.5026713013648987,0.24990320205688477,0.24742545187473297,True,True,True
valid,DdUJojoFU_c$_$8,1,0.0,0.36468425393104553,T,2.41871976852417,-0.3726719617843628,-0.3868412375450134,0.7610265612602234,0.11725758761167526,0.12171581387519836,V,-0.0019195923814550042,0.05245395377278328,0.056639108806848526,0.017291653901338577,0.47250428795814514,0.5102040767669678,0.5230404734611511,0.23883973062038422,0.23811976611614227,True,True,True
valid,DlbYiwOnTyk$_$1,2,0.30161377787590027,0.30161377787590027,T,-0.05604410171508789,0.021209876984357834,0.03444082289934158,0.5017610192298889,0.18989135324954987,0.30834758281707764,T,0.0765511691570282,0.021687980741262436,-0.012352519668638706,0.6921964883804321,0.1961086243391037,0.11169484257698059,0.436720073223114,0.2798313498497009,0.28344860672950745,True,True,True
valid,E8MuzHUhUHk$_$15,2,1.4190796613693237,1.4190796613693237,T,5.80128288269043,0.1604161113500595,0.5956593155860901,0.8846981525421143,0.024463526904582977,0.09083830565214157,T,0.42393308877944946,0.032938502728939056,0.04209838807582855,0.8496164083480835,0.06601299345493317,0.08437058329582214,0.4257708489894867,0.33630722761154175,0.23792189359664917,True,True,True
valid,E8MuzHUhUHk$_$14,2,0.8973287343978882,0.8973287343978882,T,3.667750835418701,0.2928823232650757,0.6731307506561279,0.791527271270752,0.06320613622665405,0.14526650309562683,T,0.19110295176506042,0.034074462950229645,0.06837193667888641,0.651007890701294,0.11607745289802551,0.23291461169719696,0.46349647641181946,0.31342750787734985,0.22307603061199188,True,True,True
valid,E8MuzHUhUHk$_$16,2,1.0026799440383911,1.0026799440383911,T,4.139482498168945,0.11348169296979904,0.6109036207199097,0.8510680794715881,0.023331575095653534,0.12560038268566132,T,0.2613922357559204,0.029367413371801376,0.0418272539973259,0.7859365940093994,0.08829996734857559,0.12576337158679962,0.4447663128376007,0.32870161533355713,0.22653210163116455,True,True,True
valid,E8MuzHUhUHk$_$2,2,0.6347180604934692,0.6347180604934692,T,2.952808141708374,0.1181362047791481,0.17749503254890442,0.9089928865432739,0.03636706620454788,0.05464009568095207,T,0.21361741423606873,0.016826506704092026,-0.03061886690557003,0.8182606101036072,0.0644538626074791,0.11728544533252716,0.4089908003807068,0.29411327838897705,0.29689592123031616,True,True,True
valid,E8MuzHUhUHk$_$9,0,-0.18344035744667053,-0.18344035744667053,T,0.41124260425567627,-0.013484576717019081,-0.013543307781219482,0.9383305907249451,0.03076770529150963,0.0309017114341259,T,-0.10376660525798798,0.019948579370975494,0.007602771744132042,0.7901935577392578,0.15191051363945007,0.057895902544260025,0.4536871910095215,0.27349886298179626,0.272814005613327,True,True,True
valid,EEjCkc82oyk$_$7,1,0.0,-0.07686104625463486,T,2.7514519691467285,0.04418927803635597,-0.032172463834285736,0.9729962348937988,0.015626657754182816,0.011377151124179363,T,-0.049342863261699677,0.009572922252118587,-0.0008481034310534596,0.8256300687789917,0.1601790338754654,0.014190901070833206,0.48003873229026794,0.2775672674179077,0.24239405989646912,True,True,True
valid,EEjCkc82oyk$_$9,1,0.0,-0.08955512940883636,T,0.5180926322937012,0.050882089883089066,0.018819909542798996,0.8814177513122559,0.08656439930200577,0.03201783075928688,T,-0.07235543429851532,0.005841780919581652,0.02166098728775978,0.7245817184448242,0.058500759303569794,0.21691744029521942,0.430848628282547,0.28913363814353943,0.2800177335739136,True,True,True
valid,EQxkXiWAm08$_$8,1,0.0,-0.008704598993062973,T,3.441122055053711,-0.04529586434364319,-0.10934773087501526,0.9569928050041199,0.01259700022637844,0.03041013702750206,T,-0.02671269327402115,0.009106483310461044,-0.0002874185738619417,0.7398286461830139,0.2522110939025879,0.00796027947217226,0.46893590688705444,0.2671690285205841,0.26389509439468384,True,True,True
valid,ET1cU5_A2YM$_$1,0,-0.8754417896270752,-0.8754417896270752,T,2.9148800373077393,-0.004315011203289032,0.10803266614675522,0.9628876447677612,0.0014254002599045634,0.035686999559402466,T,-0.3256406784057617,0.0068802013993263245,0.0032204436138272285,0.9699154496192932,0.020492566749453545,0.009592038579285145,0.4252563416957855,0.29405418038368225,0.2806894779205322,True,True,True
valid,ET1cU5_A2YM$_$3,0,-0.3323640823364258,-0.3323640823364258,T,0.6464303731918335,-0.05637122690677643,0.10347773134708405,0.8017449975013733,0.06991525739431381,0.12833981215953827,T,-0.12927836179733276,0.014175263233482838,-0.011133651249110699,0.8362807035446167,0.09169746935367584,0.07202178239822388,0.436180979013443,0.2835237681865692,0.2802952229976654,True,True,True
valid,ET1cU5_A2YM$_$6,0,-1.0463758707046509,-1.0463758707046509,T,4.263998031616211,-0.06202112138271332,0.09562800079584122,0.9643461108207703,0.0140267014503479,0.021627234295010567,T,-0.3983202576637268,0.009616771712899208,0.009643644094467163,0.9538761973381042,0.023029733449220657,0.023094085976481438,0.41737639904022217,0.30445411801338196,0.2781694829463959,True,True,True
valid,EmmuWoCUgXs$_$22,2,0.2819024324417114,0.2819024324417114,V,0.18931365013122559,-0.015001202933490276,0.26284652948379517,0.4052425026893616,0.03211139142513275,0.5626460909843445,T,0.1143406331539154,-0.01877466030418873,-0.016312532126903534,0.7651896476745605,0.12564367055892944,0.10916662216186523,0.4450905919075012,0.2972777485847473,0.25763168931007385,True,True,True
valid,EmmuWoCUgXs$_$7,0,-0.22261229157447815,-0.22261229157447815,T,-0.06366926431655884,-0.0013900271151214838,-0.0020846109837293625,0.9482508897781372,0.020702209323644638,0.0310469139367342,T,-0.1091788187623024,0.014468280598521233,0.005377716384828091,0.8461846113204956,0.1121356412768364,0.041679706424474716,0.4337489902973175,0.28321126103401184,0.28303974866867065,True,True,True
valid,Es9MkKsMsjU$_$10,2,0.39019590616226196,0.39019590616226196,T,-0.43703609704971313,0.2828611135482788,-0.03391669690608978,0.579766571521759,0.3752399682998657,0.044993460178375244,T,0.05805180221796036,0.037152037024497986,0.020610343664884567,0.5012495517730713,0.32079005241394043,0.17796045541763306,0.45665600895881653,0.24558377265930176,0.2977602183818817,True,True,True
valid,Es9MkKsMsjU$_$12,0,-0.705213189125061,-0.705213189125061,T,3.772514581680298,0.02254873886704445,-0.0649181604385376,0.977340042591095,0.0058416700921952724,0.016818257048726082,T,-0.3147515654563904,0.07768890261650085,-0.017479853704571724,0.7678359150886536,0.18952195346355438,0.042642075568437576,0.4520620107650757,0.2253285050392151,0.32260948419570923,True,True,True
valid,Es9MkKsMsjU$_$2,0,-0.8790180087089539,-0.8790180087089539,T,4.852848052978516,0.005472492426633835,-0.027486735954880714,0.9932540655136108,0.001120079425163567,0.005625832825899124,T,-0.3776988685131073,0.0561259426176548,0.004729399457573891,0.8612364530563354,0.12797948718070984,0.010784070938825607,0.43207618594169617,0.25942090153694153,0.3085028827190399,True,True,True
valid,Es9MkKsMsjU$_$7,0,-1.959118366241455,-1.959118366241455,T,8.845090866088867,0.017665548250079155,0.04060588777065277,0.9934551119804382,0.0019841433968394995,0.00456073647364974,T,-0.8685258626937866,0.06822841614484787,0.00472546461969614,0.9225114583969116,0.07246933877468109,0.005019188858568668,0.4229654371738434,0.25745365023612976,0.31958091259002686,True,True,True
valid,Ezn3p5FWF_U$_$4,2,0.9921797513961792,0.9921797513961792,T,4.222233772277832,0.1769568771123886,0.24463097751140594,0.9092153906822205,0.03810587525367737,0.05267880856990814,T,0.3050161898136139,-0.00034498865716159344,0.02398061752319336,0.926138699054718,0.0010475094895809889,0.07281377166509628,0.40480324625968933,0.29997214674949646,0.2952245771884918,True,True,True
valid,F1U26PLiXjM$_$1,2,0.6222182512283325,0.6222182512283325,T,2.8577849864959717,0.06343118101358414,0.16411560773849487,0.9262487888336182,0.020558949559926987,0.05319220572710037,T,0.19487446546554565,0.006135531701147556,-0.005542797967791557,0.9434607625007629,0.029704421758651733,0.026834774762392044,0.4052751660346985,0.30268123745918274,0.29204362630844116,True,True,True
valid,F6JV-K840EY$_$2,1,0.0,0.13966429233551025,T,2.021677255630493,-0.1329980194568634,-0.3473384976387024,0.8080200552940369,0.05315639078617096,0.13882358372211456,V,-0.02529219724237919,0.020978393033146858,0.03591015934944153,0.307763010263443,0.25527137517929077,0.43696555495262146,0.4881806969642639,0.28242307901382446,0.22939620912075043,True,True,True
valid,FB_b1dm0SRY$_$10,1,0.0,-0.2615424394607544,T,1.805344820022583,0.03432595729827881,-0.10082690417766571,0.9303514361381531,0.017689254134893417,0.05195930227637291,T,-0.13961535692214966,-0.01300937868654728,0.05022996664047241,0.6882529854774475,0.06413151323795319,0.2476154863834381,0.48766669631004333,0.28150713443756104,0.23082615435123444,True,True,True
valid,FB_b1dm0SRY$_$0,2,0.2805892825126648,0.2805892825126648,T,-0.12068819999694824,0.030580058693885803,-0.11027578264474869,0.46144503355026245,0.11692125350236893,0.42163369059562683,T,0.067355677485466,0.010017558000981808,0.001438615843653679,0.854638934135437,0.12710724771022797,0.01825379952788353,0.4317513704299927,0.2784903347492218,0.2897582948207855,True,True,True
valid,FB_b1dm0SRY$_$6,0,-9.999999974752427e-07,0.05648890137672424,V,-0.01271665096282959,0.015400595963001251,0.053407296538352966,0.15598554909229279,0.1889074742794037,0.6551069617271423,T,-0.11804227530956268,0.03389070928096771,0.08799134194850922,0.49199795722961426,0.14125582575798035,0.3667462170124054,0.49966365098953247,0.28858453035354614,0.21175184845924377,True,True,True
valid,FB_b1dm0SRY$_$9,0,-0.4202307164669037,-0.4202307164669037,T,2.7517552375793457,0.023092448711395264,0.057194970548152924,0.9716503620147705,0.008153989911079407,0.02019565925002098,T,-0.2388724982738495,0.0260107833892107,0.05686561018228531,0.7424190640449524,0.08084187656641006,0.17673911154270172,0.4532746374607086,0.2771637439727783,0.2695615291595459,True,True,True
valid,FB_b1dm0SRY$_$8,2,1.8269484043121338,1.8269484043121338,T,6.858118057250977,0.38886016607284546,0.42131808400154114,0.8943470120429993,0.05071011185646057,0.05494285374879837,T,0.6162470579147339,0.028140895068645477,0.047922857105731964,0.8901306390762329,0.04064777493476868,0.06922159343957901,0.4081648588180542,0.29807543754577637,0.29375970363616943,True,True,True
valid,FxxJB8hBpyQ$_$1,0,-0.3224490284919739,-0.3224490284919739,T,2.0477871894836426,0.006065686233341694,0.10548198223114014,0.9483417272567749,0.002809053286910057,0.04884929955005646,T,-0.22904479503631592,0.019415978342294693,0.08673696219921112,0.6833124756813049,0.05792395398020744,0.25876355171203613,0.49433180689811707,0.2896598279476166,0.21600838005542755,True,True,True
valid,Fy0Uid9afM8$_$0,1,0.0,0.1276358664035797,T,0.5833914279937744,0.0038517937064170837,-0.1231730654835701,0.8211966156959534,0.005421882960945368,0.17338153719902039,A,-0.04017060250043869,0.0641857385635376,0.003563768696039915,0.3722253739833832,0.5947523713111877,0.033022284507751465,0.4907248914241791,0.19520451128482819,0.31407055258750916,True,True,True
valid,Fy0Uid9afM8$_$3,0,-0.2676950991153717,-0.2676950991153717,T,0.8806790113449097,0.017874062061309814,0.1465163230895996,0.8426990509033203,0.017103228718042374,0.14019769430160522,T,-0.19147580862045288,0.05044771730899811,0.03656637668609619,0.6875503063201904,0.18114739656448364,0.1313023567199707,0.48556122183799744,0.22465220093727112,0.28978657722473145,True,True,True
valid,Fy0Uid9afM8$_$5,0,-0.4836980402469635,-0.4836980402469635,T,2.484225034713745,0.014187231659889221,0.0,0.9943214654922485,0.005678498651832342,0.0,T,-0.21721383929252625,0.039569735527038574,0.0,0.8459023833274841,0.15409761667251587,0.0,0.6591216325759888,0.340878427028656,0.0,True,True,False
valid,Fy0Uid9afM8$_$4,0,-0.3346446752548218,-0.3346446752548218,T,0.3359333276748657,0.042010895907878876,0.08080429583787918,0.7322821021080017,0.09157717972993851,0.17614072561264038,T,-0.1955556869506836,0.0480366088449955,0.02051263302564621,0.740446925163269,0.1818845570087433,0.07766849547624588,0.4661259055137634,0.24121499061584473,0.29265907406806946,True,True,True
valid,H1DpVwktfDQ$_$0,1,0.0,0.05178137496113777,T,1.2997238636016846,-0.16295617818832397,0.0,0.8885906338691711,0.11140930652618408,0.0,A,-0.013059322722256184,0.015329412184655666,0.0,0.46001777052879333,0.5399821996688843,0.0,0.636233925819397,0.3637661039829254,0.0,True,True,False
valid,HGicRLwgtkM$_$1,1,0.0,0.22414107620716095,T,2.081026315689087,-0.38188472390174866,-0.27241820096969604,0.760795533657074,0.13961197435855865,0.09959246963262558,A,-0.01332809031009674,0.04028152674436569,0.03290765359997749,0.15405119955539703,0.46558940410614014,0.38035935163497925,0.516262412071228,0.2324717938899994,0.2512657642364502,True,True,True
valid,HGicRLwgtkM$_$3,1,0.0,0.4221815764904022,T,1.9294122457504272,-0.363627165555954,-0.5649779438972473,0.6750876903533936,0.12723056972026825,0.19768178462982178,V,0.006366496905684471,0.048292770981788635,0.07201603055000305,0.050258390605449677,0.38123270869255066,0.5685088038444519,0.5435386300086975,0.26140183210372925,0.19505955278873444,True,True,True
valid,HGicRLwgtkM$_$2,1,0.0,0.35945796966552734,T,1.5411704778671265,-0.3290533423423767,-0.5393898487091064,0.6395923495292664,0.13655854761600494,0.2238491028547287,V,-0.004939394071698189,0.04211859405040741,0.0682264193892479,0.04284529387950897,0.3653451204299927,0.5918096303939819,0.5307120084762573,0.2670882046222687,0.20219986140727997,True,True,True
valid,HGicRLwgtkM$_$6,1,0.0,0.37603509426116943,T,1.883671760559082,-0.3682210147380829,-0.39276760816574097,0.7122546434402466,0.1392318606376648,0.14851343631744385,V,0.002389614935964346,0.05081271380186081,0.05781330168247223,0.021525030955672264,0.4577077329158783,0.5207672119140625,0.5227990746498108,0.23947308957576752,0.2377278059720993,True,True,True
valid,HmXXW45eZL4$_$1,0,-0.14672328531742096,-0.14672328531742096,T,0.31773102283477783,-0.013032782822847366,0.08981533348560333,0.7554607391357422,0.030987706035375595,0.2135515660047531,T,-0.1693422496318817,0.03842245787382126,0.06698088347911835,0.6163602471351624,0.13984741270542145,0.24379239976406097,0.4709966778755188,0.26413437724113464,0.26486897468566895,True,True,True
valid,HmXXW45eZL4$_$4,0,-0.7822835445404053,-0.7822835445404053,T,3.34004282951355,-0.008958350867033005,0.022386696189641953,0.9907026290893555,0.0026571699418127537,0.006640201900154352,T,-0.2880868911743164,0.011551180854439735,-0.005381333641707897,0.9444870948791504,0.037870313972234726,0.017642594873905182,0.4216673970222473,0.2951839566230774,0.2831486463546753,True,True,True
valid,IM6HW1HwHhM$_$11,2,0.3322804272174835,0.3322804272174835,T,1.0606780052185059,0.3275632858276367,0.13966135680675507,0.6942052245140076,0.21438755095005035,0.09140723943710327,V,0.0111943818628788,0.028243228793144226,0.05678674206137657,0.11633626371622086,0.29351434111595154,0.5901494026184082,0.4521459937095642,0.2581171691417694,0.28973686695098877,True,True,True
valid,IM6HW1HwHhM$_$15,2,0.48687270283699036,0.48687270283699036,T,0.9444413185119629,0.2617948353290558,0.2819856107234955,0.6346105933189392,0.17591117322444916,0.18947821855545044,T,0.06487028300762177,0.021526619791984558,0.062349677085876465,0.43611276149749756,0.14472009241580963,0.4191671311855316,0.46193256974220276,0.2720174789428711,0.26604995131492615,True,True,True
valid,IM6HW1HwHhM$_$17,2,0.8987669348716736,0.8987669348716736,T,3.7086734771728516,0.3625939190387726,0.2702665328979492,0.8542311191558838,0.08351746201515198,0.062251389026641846,T,0.21290802955627441,0.03961404412984848,0.04155387356877327,0.7239899039268494,0.13470683991909027,0.1413031965494156,0.43248438835144043,0.2772597372531891,0.2902558743953705,True,True,True
valid,IUmxJNs2zaY$_$3,1,0.0,0.2050556242465973,T,1.221127986907959,-0.18484410643577576,0.04236588254570961,0.8431236147880554,0.127624973654747,0.029251378029584885,A,0.030564161017537117,0.04533275216817856,-0.022430378943681717,0.31084105372428894,0.46103936433792114,0.22811955213546753,0.46173837780952454,0.2446109652519226,0.29365065693855286,True,True,True
valid,IUmxJNs2zaY$_$2,1,0.0,-0.048312485218048096,T,2.697726249694824,-0.07218893617391586,-0.01621684432029724,0.968269407749176,0.025910092517733574,0.005820558872073889,T,-0.04536941647529602,0.02754647098481655,-0.01327468827366829,0.5263848304748535,0.31959953904151917,0.15401552617549896,0.45868799090385437,0.26083889603614807,0.28047314286231995,True,True,True
valid,JAnRCQ9A0vI$_$1,2,0.35842472314834595,0.35842472314834595,T,-0.48647546768188477,0.22741509974002838,0.06673307716846466,0.6231882572174072,0.2913249135017395,0.08548688143491745,T,0.062301553785800934,0.030016086995601654,0.012738578021526337,0.5930306315422058,0.2857145071029663,0.12125486880540848,0.4587688744068146,0.25193357467651367,0.28929752111434937,True,True,True
valid,JAnRCQ9A0vI$_$0,1,0.0,0.04878809675574303,T,1.9969323873519897,-0.3463432788848877,-0.11231742799282074,0.8132179975509644,0.14104263484477997,0.04573943465948105,A,-0.007047715131193399,0.0434294193983078,-0.03510965779423714,0.08234582841396332,0.5074313282966614,0.4102228283882141,0.4905194342136383,0.2198653519153595,0.2896152138710022,True,True,True
valid,JAnRCQ9A0vI$_$3,2,1.221207857131958,1.221207857131958,T,4.98929500579834,0.25004273653030396,0.20533153414726257,0.9163632988929749,0.04592432081699371,0.037712398916482925,T,0.3417521119117737,0.023986324667930603,0.05136288329958916,0.8193503618240356,0.057507190853357315,0.12314245849847794,0.3980419337749481,0.2969294488430023,0.30502867698669434,True,True,True
valid,JAnRCQ9A0vI$_$2,2,1.3435906171798706,1.3435906171798706,T,5.364815711975098,0.2848542332649231,0.4482317566871643,0.8797805905342102,0.04671348258852959,0.07350590080022812,T,0.409316748380661,0.015254411846399307,0.042461298406124115,0.8764203190803528,0.032662421464920044,0.09091722965240479,0.4183313846588135,0.30730098485946655,0.2743676006793976,True,True,True
valid,JAnRCQ9A0vI$_$5,2,0.6653568744659424,0.6653568744659424,T,1.5897183418273926,0.17604927718639374,0.0,0.9002987742424011,0.09970127791166306,0.0,T,0.1899833232164383,0.02055790089070797,0.0,0.9023569226264954,0.09764311462640762,0.0,0.607354462146759,0.39264556765556335,0.0,True,True,False
valid,JAnRCQ9A0vI$_$4,1,0.0,0.19298020005226135,T,1.5600616931915283,-0.08088809251785278,-0.07020921260118484,0.9116988778114319,0.047270938754081726,0.04103020951151848,T,0.03077123500406742,0.01323921512812376,0.005413138773292303,0.6226022243499756,0.2678723931312561,0.1095254123210907,0.45624130964279175,0.26654595136642456,0.2772127091884613,True,True,True
valid,JAnRCQ9A0vI$_$8,2,1.1187583208084106,1.1187583208084106,T,4.721650123596191,0.2803574204444885,0.05143561214208603,0.9343432188034058,0.055478498339653015,0.010178330354392529,T,0.31894606351852417,0.029819924384355545,0.02805177867412567,0.8464199304580688,0.0791361927986145,0.07444388419389725,0.39549899101257324,0.2818295359611511,0.32267147302627563,True,True,True
valid,JOK1SSmPtFw$_$10,1,0.0,0.3337094485759735,T,0.5366709232330322,0.03026726469397545,-0.06960479170084,0.8431023955345154,0.04754944518208504,0.10934814065694809,T,0.11041407287120819,-0.02285592630505562,0.009148471057415009,0.77527916431427,0.16048428416252136,0.06423654407262802,0.44029125571250916,0.28276848793029785,0.276940256357193,True,True,True
valid,JOK1SSmPtFw$_$13,2,0.8122678995132446,0.8122678995132446,T,3.676008701324463,0.0597352460026741,0.17056849598884583,0.9410431981086731,0.015291978605091572,0.0436648353934288,T,0.2273125946521759,0.004619913175702095,0.030754894018173218,0.8653350472450256,0.01758711412549019,0.11707792431116104,0.39494699239730835,0.3065228760242462,0.29853013157844543,True,True,True
valid,JOK1SSmPtFw$_$14,1,0.0,0.10675099492073059,T,1.7669124603271484,-0.033627379685640335,0.010968979448080063,0.9753816723823547,0.01856318861246109,0.006055162288248539,A,-0.009064601734280586,0.015417363494634628,0.014253852888941765,0.23401084542274475,0.3980131149291992,0.36797603964805603,0.44490715861320496,0.2704769968986511,0.28461581468582153,True,True,True
valid,JOK1SSmPtFw$_$16,2,0.38308942317962646,0.38308942317962646,T,0.48348259925842285,0.0387822762131691,0.17133541405200958,0.6970622539520264,0.05591444671154022,0.24702326953411102,T,0.07673570513725281,0.016809623688459396,0.01986001990735531,0.6766497492790222,0.14822600781917572,0.1751241832971573,0.43878814578056335,0.2865040898323059,0.2747078239917755,True,True,True
valid,JOK1SSmPtFw$_$0,2,1.8255879878997803,1.8255879878997803,T,7.358417987823486,0.29836511611938477,0.2684096693992615,0.9284843802452087,0.03764767944812775,0.03386790305376053,T,0.677132248878479,-0.005530890543013811,0.01998915523290634,0.9636804461479187,0.007871447131037712,0.02844814769923687,0.37918564677238464,0.30527257919311523,0.3155418336391449,True,True,True
valid,JOK1SSmPtFw$_$5,2,0.19946017861366272,0.19946017861366272,V,-0.1267998218536377,0.025491634383797646,0.21506884694099426,0.3451647460460663,0.06939136981964111,0.585443913936615,V,0.017301112413406372,0.0043886457569897175,0.02990311197936535,0.33533918857574463,0.08506302535533905,0.5795977711677551,0.449020653963089,0.28789249062538147,0.26308688521385193,True,True,True
valid,JOK1SSmPtFw$_$4,1,0.0,0.13343721628189087,T,1.3970186710357666,-0.06932173669338226,-0.08245792239904404,0.902001678943634,0.044758401811122894,0.053239934146404266,T,0.03013784997165203,0.016503341495990753,-0.01712483912706375,0.4726317226886749,0.2588108479976654,0.2685573995113373,0.451600044965744,0.27166318893432617,0.2767367362976074,True,True,True
valid,JOK1SSmPtFw$_$8,1,0.0,0.22152185440063477,T,1.1316001415252686,0.019431736320257187,-0.09370921552181244,0.9091048240661621,0.015611066482961178,0.07528410106897354,V,0.011986535973846912,0.012710148468613625,0.034286484122276306,0.20321959257125854,0.21548771858215332,0.5812926888465881,0.4412600100040436,0.2840039134025574,0.2747361361980438,True,True,True
valid,JPT38CA3sGI$_$1,2,0.31852105259895325,0.31852105259895325,T,-1.2015812397003174,0.4632893204689026,0.4216932952404022,0.5758660435676575,0.22203457355499268,0.20209939777851105,V,0.004571367520838976,0.03168937936425209,0.05532253161072731,0.04991487041115761,0.346017062664032,0.6040680408477783,0.5270603895187378,0.22919952869415283,0.2437400072813034,True,True,True
valid,JPT38CA3sGI$_$0,1,0.0,0.028834333643317223,T,2.677767753601074,-0.0033574551343917847,0.026070795953273773,0.9891296029090881,0.0012401965213939548,0.009630183689296246,T,-0.06138402223587036,0.028835870325565338,0.027167808264493942,0.5229169726371765,0.24564644694328308,0.2314365953207016,0.501130223274231,0.24260687828063965,0.256262868642807,True,True,True
valid,JPT38CA3sGI$_$5,2,0.351020485162735,0.351020485162735,T,0.7631618976593018,0.03508883714675903,0.012060834094882011,0.9418129324913025,0.04330289736390114,0.014884193427860737,T,0.13227692246437073,-0.008246464654803276,-0.021477315574884415,0.8165206909179688,0.05090388283133507,0.13257545232772827,0.4189808666706085,0.2884099781513214,0.29260915517807007,True,True,True
valid,JVpF99zuQhA$_$0,2,0.7472905516624451,0.7472905516624451,T,2.7475640773773193,0.1814739853143692,-0.11945623904466629,0.9012855887413025,0.059529054909944534,0.03918532282114029,T,0.226014643907547,0.014411058276891708,-0.0009680883376859128,0.9362902045249939,0.05969937518239021,0.004010410979390144,0.4060169458389282,0.28217458724975586,0.3118084967136383,True,True,True
valid,JVpF99zuQhA$_$2,1,0.0,0.1954205334186554,T,1.6381642818450928,-0.1852487176656723,0.14248977601528168,0.8332885503768921,0.09423086047172546,0.07248058170080185,A,0.02323422022163868,0.030195340514183044,-0.0031890973914414644,0.4103633165359497,0.5333107709884644,0.05632590875029564,0.46378564834594727,0.25147727131843567,0.28473708033561707,True,True,True
valid,JVpF99zuQhA$_$4,1,0.0,0.10189010202884674,T,2.209538221359253,-0.12506020069122314,0.02171577513217926,0.937709391117096,0.05307449772953987,0.00921599194407463,V,-0.0012102813925594091,0.0088502774015069,0.011344357393682003,0.05654221400618553,0.4134693741798401,0.5299884080886841,0.4652523100376129,0.26242849230766296,0.27231913805007935,True,True,True
valid,K0m1tO3Ybyc$_$15,2,0.4075515866279602,0.4075515866279602,V,-0.28178226947784424,0.2430059015750885,0.331854909658432,0.3289377689361572,0.2836722731590271,0.3873899281024933,T,0.05173303186893463,0.030589599162340164,0.03938090801239014,0.42507418990135193,0.2513451874256134,0.32358065247535706,0.47500520944595337,0.26863303780555725,0.256361722946167,True,True,True
valid,K0m1tO3Ybyc$_$8,1,0.0,0.11202237010002136,T,1.2581371068954468,-0.03639347106218338,-0.0535522997379303,0.9332787394523621,0.026996463537216187,0.03972478210926056,T,-0.11508350074291229,0.05161010101437569,0.08583948016166687,0.4557165503501892,0.2043696641921997,0.33991381525993347,0.5551202893257141,0.2711388170719147,0.1737409234046936,True,True,True
valid,K8gp7ncdUl8$_$5,2,0.35102689266204834,0.35102689266204834,V,-0.4270986318588257,0.166277676820755,0.5598102807998657,0.37036386132240295,0.1441897451877594,0.48544642329216003,T,0.04558653011918068,0.026850322261452675,0.030118441209197044,0.44450682401657104,0.26181310415267944,0.29368001222610474,0.4984337389469147,0.2936820387840271,0.2078842669725418,True,True,True
valid,KDjl2exStlI$_$10,1,0.0,0.18727454543113708,T,0.8810603618621826,-0.543684184551239,0.2514248788356781,0.5256391763687134,0.32436108589172363,0.1499996781349182,A,0.022883368656039238,0.08996742963790894,-0.06533676385879517,0.12842293083667755,0.5049029588699341,0.3666740953922272,0.516127347946167,0.14787176251411438,0.33600088953971863,True,True,True
valid,KDjl2exStlI$_$13,1,0.0,-0.22028818726539612,T,2.2297909259796143,0.0625549852848053,-0.005261678248643875,0.9704837799072266,0.02722613885998726,0.002290068194270134,T,-0.04688991606235504,-0.009737248532474041,-0.0319267213344574,0.5295071005821228,0.10995844751596451,0.3605343699455261,0.46028897166252136,0.2726099491119385,0.26710110902786255,True,True,True
valid,KDjl2exStlI$_$5,1,0.0,0.27403879165649414,T,2.8335790634155273,0.051507532596588135,0.017168447375297546,0.9763370156288147,0.017747417092323303,0.005915554240345955,A,-0.07571568340063095,0.13980048894882202,0.012524738907814026,0.33202674984931946,0.6130500435829163,0.05492320656776428,0.4971907138824463,0.21010719239711761,0.2927020192146301,True,True,True
valid,KDjl2exStlI$_$4,1,0.0,0.0953206717967987,T,2.196401357650757,-0.04233039543032646,0.031039293855428696,0.9676752686500549,0.01864963211119175,0.013675076887011528,A,-0.012357400730252266,0.02331889420747757,0.00583068048581481,0.29771867394447327,0.5618066787719727,0.14047472178936005,0.45866158604621887,0.2639833688735962,0.27735504508018494,True,True,True
valid,KkKWFZZmmCM$_$1,2,0.7435987591743469,0.7435987591743469,T,3.065629005432129,0.07982248067855835,0.15355244278907776,0.9292589426040649,0.02419593185186386,0.04654509201645851,T,0.20510627329349518,0.006672408897429705,0.026367343962192535,0.8612626194953918,0.02801813930273056,0.1107192188501358,0.4045094847679138,0.2983991205692291,0.29709142446517944,True,True,True
valid,KpMCvUyQCXg$_$1,0,-9.999999974752427e-07,0.02515731379389763,T,0.8494092226028442,-0.002319738268852234,0.05946645140647888,0.9321922063827515,0.0025458186864852905,0.06526201963424683,T,-0.13799013197422028,0.06413370370864868,0.06725029647350311,0.5122619867324829,0.2380841225385666,0.2496538758277893,0.5097660422325134,0.25124847888946533,0.23898547887802124,True,True,True
valid,KpMCvUyQCXg$_$3,1,0.0,0.08071447163820267,T,2.5264499187469482,-0.07276415079832077,-0.21505770087242126,0.8977277874946594,0.0258554108440876,0.07641682028770447,V,-0.03757078945636749,0.01184205710887909,0.03764796629548073,0.43154650926589966,0.13602052628993988,0.43243297934532166,0.4746256172657013,0.2756030261516571,0.24977141618728638,True,True,True
valid,KpMCvUyQCXg$_$5,2,0.9890331029891968,0.9890331029891968,T,2.740482807159424,0.28126662969589233,0.33266839385032654,0.8169772028923035,0.08384960889816284,0.09917321056127548,T,0.2393813133239746,0.04022369533777237,0.047869544476270676,0.7309921383857727,0.12282999604940414,0.14617791771888733,0.4430454969406128,0.2846696674823761,0.2722848355770111,True,True,True
valid,L1eFHRQGFeg$_$2,1,0.0,0.051993224769830704,T,1.1041977405548096,-0.014127835631370544,-0.07804463058710098,0.9229565262794495,0.011808915995061398,0.06523451209068298,T,-0.07373594492673874,0.03484107926487923,0.04123559594154358,0.4921877980232239,0.23256437480449677,0.27524781227111816,0.48314958810806274,0.26217877864837646,0.2546716034412384,True,True,True
valid,MCsvw5-7lVE$_$1,2,1.1719889640808105,1.1719889640808105,T,6.018533229827881,0.20241883397102356,0.1283891499042511,0.947898805141449,0.03188028931617737,0.020220860838890076,T,0.38282930850982666,0.009550752118229866,0.0052099684253335,0.9628744721412659,0.024021608754992485,0.013103870674967766,0.3815014064311981,0.29455578327178955,0.32394281029701233,True,True,True
valid,MCsvw5-7lVE$_$2,2,0.8888351917266846,0.8888351917266846,T,4.770900249481201,0.058359771966934204,0.31316256523132324,0.9277534484863281,0.011348691768944263,0.060897864401340485,T,0.2788376212120056,-0.020288541913032532,0.03189374879002571,0.8423590660095215,0.06129100173711777,0.09634993970394135,0.39894694089889526,0.3155573606491089,0.28549569845199585,True,True,True
valid,MCsvw5-7lVE$_$4,2,0.5772913098335266,0.5772913098335266,T,3.4212052822113037,0.008450571447610855,0.28082752227783203,0.922037661075592,0.002277485327795148,0.07568489015102386,T,0.18584799766540527,-0.03089262545108795,0.02491239830851555,0.7690696120262146,0.12783877551555634,0.10309160500764847,0.40628117322921753,0.31226029992103577,0.2814585566520691,True,True,True
valid,MMpo2bDk-DU$_$10,1,0.0,-0.0877586156129837,T,2.4528346061706543,0.011467019096016884,-0.05014743283390999,0.9754958152770996,0.004560449626296759,0.019943704828619957,T,-0.061794161796569824,0.016608918085694313,0.0009319448145106435,0.7789013981819153,0.20935164391994476,0.01174695324152708,0.4667038321495056,0.25177690386772156,0.2815192937850952,True,True,True
valid,MMpo2bDk-DU$_$17,1,0.0,-0.05172368511557579,T,1.485472559928894,0.0066994596272706985,-0.04172249510884285,0.9684320092201233,0.0043676141649484634,0.0272003673017025,T,-0.07881046831607819,0.024332750588655472,0.022242698818445206,0.6285432577133179,0.19406287372112274,0.17739392817020416,0.4633541405200958,0.2553587257862091,0.28128716349601746,True,True,True
valid,MMpo2bDk-DU$_$16,1,0.0,0.33207905292510986,T,1.1517261266708374,-0.1532077193260193,-0.07839961349964142,0.8325730562210083,0.11075256019830704,0.05667441338300705,T,0.056012026965618134,0.02441481500864029,0.015729539096355438,0.5825096964836121,0.25390738248825073,0.16358289122581482,0.45574668049812317,0.2600487172603607,0.2842046022415161,True,True,True
valid,MMpo2bDk-DU$_$19,2,1.0311857461929321,1.0311857461929321,T,3.397313117980957,0.23575818538665771,0.19681411981582642,0.8870534300804138,0.061557501554489136,0.05138903483748436,T,0.3071942627429962,0.03387318179011345,0.0022550285793840885,0.8947688937187195,0.09866287559270859,0.006568252574652433,0.41367918252944946,0.28226760029792786,0.30405324697494507,True,True,True
valid,MjaaudUc5-4$_$1,0,-0.6339889764785767,-0.6339889764785767,T,3.6793313026428223,-0.01957136020064354,0.13090083003044128,0.9607102274894714,0.00511027779430151,0.03417951613664627,T,-0.2860899567604065,0.033185772597789764,0.023349326103925705,0.8349942564964294,0.09685740619897842,0.06814832985401154,0.4231671392917633,0.2815636098384857,0.2952691614627838,True,True,True
valid,MjaaudUc5-4$_$0,2,0.05871178209781647,0.05871178209781647,V,0.05447959899902344,-0.10192448645830154,0.2616049647331238,0.1303311437368393,0.24383321404457092,0.625835657119751,V,-0.005303334444761276,-0.000339823542162776,0.010224169120192528,0.33422985672950745,0.0214165598154068,0.6443536281585693,0.442416787147522,0.3021637201309204,0.25541946291923523,True,True,True
valid,MjaaudUc5-4$_$3,2,1.0566177368164062,1.0566177368164062,T,4.451507568359375,0.05327840894460678,0.22980694472789764,0.940209150314331,0.01125300768762827,0.04853784665465355,T,0.3264598846435547,0.025649085640907288,0.0008588000200688839,0.9248999953269958,0.07266693562269211,0.0024330834858119488,0.39431333541870117,0.31015893816947937,0.29552772641181946,True,True,True
valid,MjaaudUc5-4$_$6,0,-0.23420760035514832,-0.23420760035514832,T,0.2558180093765259,-0.03249391168355942,0.045237019658088684,0.7669578790664673,0.09741871803998947,0.13562332093715668,T,-0.12273907661437988,0.017430288717150688,0.012088305316865444,0.8061274290084839,0.11447889357805252,0.07939373701810837,0.4474296569824219,0.2937278151512146,0.25884246826171875,True,True,True
valid,MoQmPA7Q07Q$_$1,2,0.7297877073287964,0.7297877073287964,T,3.289271354675293,0.1442156285047531,0.17942139506340027,0.9104220271110535,0.03991676867008209,0.04966120794415474,T,0.20186729729175568,0.008849571458995342,0.022530002519488335,0.8654662370681763,0.03794079273939133,0.09659294039011002,0.40635946393013,0.2968129515647888,0.2968275547027588,True,True,True
valid,MoQmPA7Q07Q$_$2,2,2.106159210205078,2.106159210205078,T,7.687868595123291,0.18476763367652893,0.28192174434661865,0.942769467830658,0.022658202797174454,0.034572288393974304,T,0.8134856224060059,0.008767446503043175,0.034092385321855545,0.9499503374099731,0.010238212533295155,0.03981148824095726,0.3684243857860565,0.3235163688659668,0.3080591559410095,True,True,True
valid,N1X63d_jgmw$_$5,2,0.5805537104606628,0.5805537104606628,T,2.2620506286621094,0.1992204189300537,0.1616022288799286,0.8624323010444641,0.07595502585172653,0.06161266937851906,T,0.12155353277921677,0.023778900504112244,0.035664867609739304,0.6715764999389648,0.13137710094451904,0.1970464140176773,0.4259416162967682,0.2774662673473358,0.296592116355896,True,True,True
valid,N5xfBtD6rLY$_$7,2,0.3720567524433136,0.3720567524433136,T,0.5698260068893433,0.016351187601685524,0.0,0.9721054434776306,0.02789461612701416,0.0,T,0.12057240307331085,-0.010903813876211643,0.0,0.917066216468811,0.08293373137712479,0.0,0.5981907844543457,0.4018092453479767,0.0,True,True,False
valid,NoZsdSGnNpI$_$7,2,0.6465251445770264,0.6465251445770264,T,3.592306613922119,0.12957413494586945,0.010375084355473518,0.9625028371810913,0.0347173772752285,0.00277984282001853,T,0.24704082310199738,0.008772462606430054,-0.051864489912986755,0.8029205203056335,0.02851184643805027,0.16856753826141357,0.3917573392391205,0.2923130393028259,0.3159295916557312,True,True,True
valid,Nrurc5sMUOE$_$5,0,-1.4403636455535889,-1.4403636455535889,T,7.133062362670898,0.032265473157167435,-0.10495220124721527,0.9811261892318726,0.004437995608896017,0.01443578489124775,T,-0.5769091844558716,0.04702087491750717,-0.008245539851486683,0.9125775098800659,0.07437945902347565,0.0130431167781353,0.4119454324245453,0.2716977000236511,0.3163568377494812,True,True,True
valid,Nrurc5sMUOE$_$7,1,0.0,-0.20674511790275574,T,1.9307100772857666,-0.03607867658138275,0.08893639594316483,0.9391868710517883,0.01755034178495407,0.0432627871632576,T,-0.06903253495693207,0.019539205357432365,-0.03452320769429207,0.5608072280883789,0.1587328016757965,0.280460000038147,0.4630153179168701,0.2527228593826294,0.2842617630958557,True,True,True
valid,Nrurc5sMUOE$_$8,0,-0.20934244990348816,-0.20934244990348816,T,-0.22861063480377197,0.016329534351825714,-0.058617591857910156,0.7531042695045471,0.053793828934431076,0.1931019425392151,T,-0.1219736635684967,0.047074347734451294,-0.00998720247298479,0.6812830567359924,0.2629334628582001,0.05578345060348511,0.46482688188552856,0.24564304947853088,0.28953006863594055,True,True,True
valid,NzvNW7vP-Co$_$5,2,1.4574306011199951,1.4574306011199951,T,6.259275436401367,0.08997245877981186,-0.04472774639725685,0.9789332747459412,0.014071442186832428,0.00699529517441988,T,0.5303442478179932,0.023387214168906212,-0.03816200792789459,0.896013081073761,0.03951254114508629,0.06447445601224899,0.3594829738140106,0.3092647194862366,0.3312522768974304,True,True,True
valid,NzvNW7vP-Co$_$4,1,0.0,0.05643542855978012,T,1.2464146614074707,-0.003945701755583286,0.08422759920358658,0.9339321851730347,0.0029564944561570883,0.063111312687397,A,-0.008983221836388111,0.036163441836833954,-0.02335827425122261,0.13113246858119965,0.5278953909873962,0.3409721255302429,0.4424775540828705,0.2708599269390106,0.28666257858276367,True,True,True
valid,NzvNW7vP-Co$_$7,2,1.0451453924179077,1.0451453924179077,T,4.447790622711182,0.02451791986823082,-0.020844733342528343,0.98990398645401,0.005456728860735893,0.004639221355319023,T,0.35334742069244385,0.01740589551627636,-0.02214454859495163,0.899336576461792,0.04430132359266281,0.0563620999455452,0.37695398926734924,0.30557718873023987,0.3174687922000885,True,True,True
valid,OLP0nCKwU6k$_$6,1,0.0,-0.20126599073410034,T,1.626987099647522,0.06890788674354553,0.00427638553082943,0.9569547772407532,0.04052996635437012,0.0025152673479169607,T,-0.07327784597873688,0.002127122599631548,-0.011030953377485275,0.8477706909179688,0.024609241634607315,0.12761999666690826,0.45225247740745544,0.2698593735694885,0.27788811922073364,True,True,True
valid,OrYBtyO0aPI$_$1,1,0.0,-0.23453211784362793,T,2.089285135269165,-0.02391067147254944,0.047610942274332047,0.9669004678726196,0.011065621860325336,0.022033872082829475,T,-0.06307350099086761,0.016648998484015465,-0.04690480977296829,0.49810343980789185,0.13148030638694763,0.37041622400283813,0.4469410479068756,0.2731490731239319,0.27990996837615967,True,True,True
valid,OrYBtyO0aPI$_$4,2,0.6431411504745483,0.6431411504745483,T,4.09046745300293,0.2681563198566437,0.4492081105709076,0.8507924675941467,0.05577488988637924,0.09343256801366806,T,0.15048517286777496,0.029161743819713593,0.023119252175092697,0.7421611547470093,0.14381957054138184,0.11401928216218948,0.4272093176841736,0.2971797287464142,0.27561095356941223,True,True,True
valid,PboaYD5hlG8$_$10,2,0.6341270208358765,0.6341270208358765,T,2.5048046112060547,0.28498145937919617,0.2258342206478119,0.8306100964546204,0.09450177103281021,0.07488814741373062,T,0.15400269627571106,0.03163023293018341,0.013985928148031235,0.7714837193489075,0.15845312178134918,0.07006315886974335,0.4320890009403229,0.2727723717689514,0.2951386272907257,True,True,True
valid,PboaYD5hlG8$_$3,2,1.1476885080337524,1.1476885080337524,T,4.091005802154541,0.03910486772656441,0.4816860556602478,0.8870741724967957,0.008479312993586063,0.10444650053977966,T,0.3358696699142456,0.02222917228937149,0.029967572540044785,0.8654953241348267,0.05728187784552574,0.0772227942943573,0.42440101504325867,0.32699495553970337,0.24860404431819916,True,True,True
valid,PboaYD5hlG8$_$2,1,0.0,0.18935811519622803,T,2.451946258544922,-0.30379047989845276,-0.2621883153915405,0.8124608993530273,0.10066203027963638,0.0868770107626915,A,-0.004381229169666767,0.026430198922753334,0.026162337511777878,0.07689905911684036,0.46390119194984436,0.4591997265815735,0.5074188113212585,0.24343866109848022,0.24914252758026123,True,True,True
valid,PboaYD5hlG8$_$7,2,0.5239815711975098,0.5239815711975098,T,2.9242942333221436,0.19398298859596252,0.16606268286705017,0.890375018119812,0.059063006192445755,0.05056196451187134,T,0.15283028781414032,0.005630224943161011,0.0030172495171427727,0.9464479088783264,0.034866876900196075,0.018685232847929,0.41757458448410034,0.2872951626777649,0.29513025283813477,True,True,True
valid,PboaYD5hlG8$_$9,1,0.0,0.2723943889141083,T,1.8611961603164673,-0.04694749787449837,-0.6976747512817383,0.7142463326454163,0.01801641285419464,0.2677372992038727,V,-0.01658378727734089,0.012059353291988373,0.08058124035596848,0.15183228254318237,0.11040899157524109,0.7377587556838989,0.5495371222496033,0.3297302722930908,0.12073267251253128,True,True,True
valid,PboaYD5hlG8$_$8,0,-0.9709117412567139,-0.9709117412567139,T,4.146081924438477,-0.038135673850774765,0.004679381847381592,0.989778995513916,0.009103990159928799,0.0011170917423442006,T,-0.46748214960098267,0.016262032091617584,0.10052336007356644,0.8001165390014648,0.02783319354057312,0.17205022275447845,0.5198298692703247,0.3498215973377228,0.1303485482931137,True,True,True
valid,Pt-D0LUHDSc$_$2,2,1.5703328847885132,1.5703328847885132,T,5.169642448425293,0.4258579611778259,0.6622483134269714,0.8261185884475708,0.06805290281772614,0.10582852363586426,T,0.44149208068847656,0.05369232967495918,0.0708957314491272,0.7799109220504761,0.09484934061765671,0.12523974478244781,0.4590066075325012,0.29874318838119507,0.24225017428398132,True,True,True
valid,PwapK9d8IGk$_$4,1,0.0,-0.16680128872394562,T,1.1486095190048218,0.10007503628730774,0.000512097030878067,0.9194785356521606,0.08011151850223541,0.00040994107257574797,T,-0.07545201480388641,0.03022528626024723,-0.025423182174563408,0.5755281448364258,0.23055054247379303,0.19392135739326477,0.4525368809700012,0.26098254323005676,0.28648051619529724,True,True,True
valid,PyQrAYl1bFs$_$0,2,0.8735350370407104,0.8735350370407104,T,3.8896055221557617,0.3084259629249573,0.751484751701355,0.7858557105064392,0.062314365059137344,0.15182994306087494,T,0.15879447758197784,0.047522302716970444,0.07854443788528442,0.5574450492858887,0.16682615876197815,0.2757287919521332,0.48418664932250977,0.3209231197834015,0.19489027559757233,True,True,True
valid,PyQrAYl1bFs$_$3,2,1.6630693674087524,1.6630693674087524,T,6.419114589691162,0.19899079203605652,0.481023371219635,0.9042115807533264,0.028030311688780785,0.06775808334350586,T,0.5492337346076965,0.021547876298427582,0.038874994963407516,0.9008903503417969,0.035344287753105164,0.06376539915800095,0.4057978391647339,0.3261944651603699,0.268007755279541,True,True,True
valid,PyQrAYl1bFs$_$4,2,1.1204707622528076,1.1204707622528076,T,4.524801731109619,0.1664646565914154,-0.04900533705949783,0.954544723033905,0.03511711210012436,0.01033808570355177,T,0.37367039918899536,0.025336358696222305,-0.021525757387280464,0.8885648250579834,0.060248274356126785,0.051186904311180115,0.3812159597873688,0.2933887839317322,0.32539522647857666,True,True,True
valid,Q4WzApjaCNI$_$0,2,0.6931625604629517,0.6931625604629517,T,1.705612301826477,0.44510191679000854,0.0,0.7930446267127991,0.20695540308952332,0.0,T,0.1966489851474762,0.023661695420742035,0.0,0.8925984501838684,0.10740149021148682,0.0,0.658892810344696,0.34110718965530396,0.0,True,True,False
valid,Q7S0tX4FUNA$_$4,1,0.0,0.08323695510625839,T,1.464194655418396,-0.09449826180934906,-0.11207696795463562,0.876359224319458,0.05655970796942711,0.0670810267329216,A,0.007185949012637138,0.020240526646375656,-0.014665788039565086,0.1707189977169037,0.48086097836494446,0.34842002391815186,0.4590182900428772,0.27149301767349243,0.26948869228363037,True,True,True
valid,Q7S0tX4FUNA$_$7,1,0.0,-0.0952199399471283,T,0.6177613735198975,-0.015027523040771484,0.0,0.9762519001960754,0.023748083040118217,0.0,T,-0.09154018014669418,0.04479745030403137,0.0,0.6714226603507996,0.32857728004455566,0.0,0.6734911799430847,0.3265087902545929,0.0,True,True,False
valid,Q7S0tX4FUNA$_$8,0,-0.8844546675682068,-0.8844546675682068,T,4.522327899932861,0.019128073006868362,-0.06278940290212631,0.9822083115577698,0.004154442809522152,0.013637284748256207,T,-0.39918050169944763,0.06822730600833893,0.012126042507588863,0.8324344754219055,0.14227838814258575,0.025287145748734474,0.46926212310791016,0.23256975412368774,0.2981681227684021,True,True,True
valid,Qa6Yz62V-Yc$_$0,1,0.0,0.024222761392593384,T,1.582420825958252,0.026830431073904037,-0.06072641909122467,0.9475700259208679,0.01606634072959423,0.03636361286044121,T,-0.0707138180732727,0.01715039648115635,0.04664577171206474,0.5257142782211304,0.12750278413295746,0.34678298234939575,0.47362032532691956,0.2870534658432007,0.23932617902755737,True,True,True
valid,QjcQx8_PQfw$_$10,2,1.1643437147140503,1.1643437147140503,T,5.297807216644287,0.0863477885723114,0.2013181746006012,0.948497474193573,0.015459351241588593,0.03604317456483841,T,0.37132763862609863,0.005501664709299803,0.01775694079697132,0.9410557150840759,0.013942870311439037,0.04500142112374306,0.3828035891056061,0.31632983684539795,0.30086657404899597,True,True,True
valid,QjcQx8_PQfw$_$7,1,0.0,-0.1627838909626007,T,1.5869311094284058,0.012160208076238632,-0.008281342685222626,0.9872826337814331,0.0075652701780200005,0.005152098834514618,T,-0.07592897862195969,0.009495656937360764,-0.002873410703614354,0.8599168658256531,0.10754096508026123,0.03254217654466629,0.46401411294937134,0.2670871913433075,0.26889869570732117,True,True,True
valid,QpchvHpGFc8$_$3,1,0.0,-0.16182200610637665,T,3.039092779159546,0.003870939603075385,-0.3273751139640808,0.9017172455787659,0.001148531213402748,0.09713418036699295,T,-0.08163511008024216,0.005061238072812557,0.00758871017023921,0.8658329844474792,0.0536801740527153,0.08048687875270844,0.482853502035141,0.29076436161994934,0.2263820916414261,True,True,True
valid,RArhIHk4Qs4$_$13,2,0.4196338653564453,0.4196338653564453,T,2.097715139389038,0.18077866733074188,-0.2148228883743286,0.8413352370262146,0.07250529527664185,0.08615949004888535,T,0.13047295808792114,0.012186005711555481,-0.016849957406520844,0.8179665803909302,0.07639701664447784,0.10563646256923676,0.4125675559043884,0.2762078046798706,0.31122463941574097,True,True,True
valid,RArhIHk4Qs4$_$17,2,0.008062359876930714,0.008062359876930714,A,-0.0655401349067688,0.23820315301418304,0.17841657996177673,0.13593029975891113,0.494033545255661,0.37003612518310547,T,-0.032980844378471375,0.02268437296152115,-0.002008151262998581,0.5718557238578796,0.39332491159439087,0.03481938689947128,0.45405590534210205,0.26092904806137085,0.2850150465965271,True,True,True
valid,RArhIHk4Qs4$_$16,1,0.0,-0.34153392910957336,T,0.387347936630249,0.00936464499682188,0.058332011103630066,0.8512307405471802,0.020579621195793152,0.12818966805934906,T,-0.1592395007610321,0.04517628997564316,-0.015269191935658455,0.7248538136482239,0.2056412249803543,0.06950493901968002,0.4606991410255432,0.24666714668273926,0.2926337420940399,True,True,True
valid,RArhIHk4Qs4$_$19,1,0.0,0.05453577637672424,T,3.055722236633301,-0.0994909331202507,0.20279471576213837,0.9099806547164917,0.029627962037920952,0.0603913739323616,V,0.020367765799164772,0.01511533185839653,-0.032294586300849915,0.30050843954086304,0.22301340103149414,0.4764781594276428,0.46750548481941223,0.2512228786945343,0.28127169609069824,True,True,True
valid,RArhIHk4Qs4$_$1,2,0.6131139993667603,0.6131139993667603,T,2.8249471187591553,0.1254969984292984,0.20168526470661163,0.8962027430534363,0.03981340304017067,0.06398381292819977,T,0.17787860333919525,0.016623234376311302,-0.0022037022281438112,0.9042887687683105,0.08450821787118912,0.011203051544725895,0.41849958896636963,0.29456251859664917,0.2869378924369812,True,True,True
valid,RArhIHk4Qs4$_$2,1,0.0,0.24751439690589905,T,1.8958020210266113,-0.10125599056482315,-0.27350103855133057,0.8349494338035583,0.044595178216695786,0.12045536935329437,T,0.02887166477739811,0.015812071040272713,0.023016950115561485,0.4264604449272156,0.2335585057735443,0.3399810492992401,0.48602795600891113,0.2728405296802521,0.2411314845085144,True,True,True
valid,RArhIHk4Qs4$_$7,2,0.1362234652042389,0.1362234652042389,V,0.07449901103973389,0.07345391809940338,-0.12273402512073517,0.2752220332622528,0.2713611423969269,0.4534168541431427,T,0.09041137993335724,-0.025746462866663933,-0.03421793878078461,0.6012362837791443,0.17121416330337524,0.22754952311515808,0.43205127120018005,0.2760584354400635,0.29189029335975647,True,True,True
valid,RArhIHk4Qs4$_$6,0,-0.5111228227615356,-0.5111228227615356,T,1.3703784942626953,-0.05023445188999176,0.01431111991405487,0.955018162727356,0.03500844165682793,0.009973433800041676,T,-0.18152037262916565,-0.001155911828391254,-0.004367891699075699,0.9704679250717163,0.006179886870086193,0.02335219271481037,0.45053139328956604,0.28285810351371765,0.2666105031967163,True,True,True
valid,RArhIHk4Qs4$_$8,1,0.0,-0.3238831162452698,T,1.417896032333374,0.053593963384628296,0.09513824433088303,0.9050622582435608,0.03420975059270859,0.060728028416633606,T,-0.08260414004325867,-0.019976772367954254,-0.020794639363884926,0.6695341467857361,0.16191840171813965,0.16854749619960785,0.4581390917301178,0.2625984251499176,0.2792624831199646,True,True,True
valid,RArhIHk4Qs4$_$21,2,0.8362889289855957,0.8362889289855957,T,4.079375267028809,0.058391936123371124,0.19600743055343628,0.9412984251976013,0.0134736904874444,0.04522787779569626,T,0.25074663758277893,0.03280162438750267,-0.012200004421174526,0.8478380441665649,0.11091062426567078,0.04125131294131279,0.38981524109840393,0.311096727848053,0.2990880012512207,True,True,True
valid,ROcTx5VEn7o$_$11,1,0.0,0.3895602226257324,T,1.2388782501220703,-0.21401631832122803,-0.3898348808288574,0.6723061203956604,0.1161409318447113,0.2115529626607895,V,0.03190603107213974,0.03709646686911583,0.04659615457057953,0.2760069668292999,0.32090744376182556,0.4030856192111969,0.49648067355155945,0.2705356478691101,0.2329837530851364,True,True,True
valid,ROcTx5VEn7o$_$1,1,0.0,0.11537564545869827,T,3.4790947437286377,-0.16467145085334778,-0.3367334008216858,0.8740347027778625,0.041369546204805374,0.08459576219320297,T,-0.038405753672122955,0.03348497301340103,0.02840622514486313,0.38292044401168823,0.33385834097862244,0.28322121500968933,0.5081689357757568,0.26339393854141235,0.22843718528747559,True,True,True
valid,ROcTx5VEn7o$_$5,0,-0.1982792615890503,-0.1982792615890503,T,-0.28729474544525146,0.01043513510376215,0.04065422713756561,0.8490196466445923,0.0308381374925375,0.12014225125312805,T,-0.1727573722600937,0.04682938754558563,0.04474632441997528,0.6535594463348389,0.17716053128242493,0.16928008198738098,0.4969940185546875,0.288900762796402,0.21410518884658813,True,True,True
valid,ROcTx5VEn7o$_$9,1,0.0,0.21170079708099365,T,1.9513953924179077,-0.0897694006562233,-0.11709502339363098,0.9041522145271301,0.04159341752529144,0.05425436794757843,A,0.023910019546747208,0.027557935565710068,0.004224378149956465,0.42932334542274475,0.4948245882987976,0.07585205882787704,0.463159441947937,0.26985564827919006,0.2669849097728729,True,True,True
valid,RrGpzInAwCg$_$0,1,0.0,0.24333995580673218,T,3.1503798961639404,-0.06261955946683884,-0.6703711748123169,0.8112488985061646,0.01612505502998829,0.17262612283229828,V,-0.040317222476005554,0.034052953124046326,0.07256409525871277,0.27438950538635254,0.23175637423992157,0.4938541352748871,0.5841902494430542,0.33193716406822205,0.08387260138988495,True,True,True
valid,RzOFxDk26p0$_$1,2,1.897120714187622,1.897120714187622,T,7.716174125671387,0.3927808403968811,0.26138773560523987,0.9218468070030212,0.046925295144319534,0.0312278401106596,T,0.7935264706611633,0.010556302964687347,-0.07371330261230469,0.9039986729621887,0.012025917880237103,0.08397543430328369,0.3759193420410156,0.2922157049179077,0.3318648934364319,True,True,True
valid,RzOFxDk26p0$_$0,1,0.0,-0.08678880333900452,T,1.6211920976638794,-0.15249302983283997,-0.1634359359741211,0.8369079828262329,0.07872147858142853,0.08437053114175797,V,-0.03854043036699295,0.03439977765083313,-0.0397891104221344,0.34188470244407654,0.3051537871360779,0.3529615104198456,0.46542078256607056,0.26169851422309875,0.2728806436061859,True,True,True
valid,SHa756SwGJQ$_$0,2,0.3471228778362274,0.3471228778362274,A,0.26692211627960205,0.3586582541465759,-0.14652907848358154,0.3457050323486328,0.46451738476753235,0.18977759778499603,A,0.07464991509914398,0.07483576238155365,-0.04824957624077797,0.37752455472946167,0.3784644603729248,0.24401099979877472,0.4614863097667694,0.2296367585659027,0.3088769316673279,True,True,True
valid,SHa756SwGJQ$_$2,2,0.5474181771278381,0.5474181771278381,T,0.8220443725585938,0.308951735496521,0.29899609088897705,0.5748593211174011,0.21605134010314941,0.20908930897712708,T,0.07367563247680664,0.05254653841257095,0.04332511126995087,0.43454331159591675,0.30992263555526733,0.2555341124534607,0.4688792824745178,0.26107901334762573,0.27004170417785645,True,True,True
valid,SHa756SwGJQ$_$4,1,0.0,0.17352662980556488,T,3.5284295082092285,-0.39468416571617126,0.13738034665584564,0.8689655661582947,0.09720101952552795,0.03383340686559677,T,0.040287282317876816,0.01510464958846569,-0.012477178126573563,0.5936025977134705,0.22255557775497437,0.1838417798280716,0.5046442151069641,0.18975725769996643,0.30559852719306946,True,True,True
valid,SHa756SwGJQ$_$7,1,0.0,0.2005448341369629,T,1.7766823768615723,-0.24365141987800598,0.0007358947768807411,0.8790801763534546,0.12055566906929016,0.00036411150358617306,A,0.01576165296137333,0.038904644548892975,-0.002710257889702916,0.2747054696083069,0.6780582666397095,0.047236330807209015,0.46137547492980957,0.24392801523208618,0.29469650983810425,True,True,True
valid,SHa756SwGJQ$_$6,2,0.37945497035980225,0.37945497035980225,A,0.2696751356124878,0.35774415731430054,-0.11887651681900024,0.36135151982307434,0.4793597161769867,0.15928873419761658,T,0.07372923195362091,0.04052324220538139,-0.0020785194355994463,0.6337883472442627,0.3483443260192871,0.01786728762090206,0.4520000219345093,0.23455460369586945,0.31344538927078247,True,True,True
valid,TH32jop4FiI$_$15,0,-0.6321514844894409,-0.6321514844894409,T,2.1673059463500977,0.007301050238311291,0.055025167763233185,0.972046434879303,0.0032745536882430315,0.024679034948349,T,-0.24758920073509216,0.03274351730942726,-0.014068148098886013,0.8409934639930725,0.11122085899114609,0.0477856881916523,0.44293656945228577,0.2668147683143616,0.29024869203567505,True,True,True
valid,TH32jop4FiI$_$17,2,0.4499998390674591,0.4499998390674591,T,1.2912089824676514,0.2699417471885681,0.19517642259597778,0.7351756691932678,0.15369673073291779,0.11112760007381439,T,0.10190630704164505,0.048068609088659286,-0.013826610520482063,0.6221328377723694,0.29345643520355225,0.08441075682640076,0.4441191256046295,0.26252925395965576,0.29335156083106995,True,True,True
valid,TWszOxkOV0w$_$1,0,-0.6397936344146729,-0.6397936344146729,T,4.713602066040039,0.02791954204440117,0.07438710331916809,0.9787564873695374,0.005797356832772493,0.015446119010448456,T,-0.34341397881507874,0.07607966661453247,0.03575323522090912,0.7543467283248901,0.1671173870563507,0.07853592932224274,0.454038143157959,0.25204870104789734,0.2939131259918213,True,True,True
valid,TXCXFYIc3Yo$_$16,2,0.6036705374717712,0.6036705374717712,T,3.5704872608184814,0.19961725175380707,-0.11729131639003754,0.9184779524803162,0.05134986713528633,0.030172210186719894,T,0.20741470158100128,0.021471485495567322,-0.03987092152237892,0.7717552185058594,0.07989178597927094,0.1483529955148697,0.39951175451278687,0.27917563915252686,0.32131263613700867,True,True,True
valid,TXCXFYIc3Yo$_$2,2,0.9744824171066284,0.9744824171066284,T,4.678475856781006,0.2052524983882904,-0.13343091309070587,0.9324949383735657,0.04091010242700577,0.026594912633299828,T,0.34733957052230835,0.018043149262666702,-0.04334009438753128,0.8498169183731079,0.04414519667625427,0.10603786259889603,0.38446205854415894,0.28731223940849304,0.328225702047348,True,True,True
valid,TXCXFYIc3Yo$_$7,2,0.16975200176239014,0.16975200176239014,T,0.961344301700592,0.24103069305419922,-0.027623184025287628,0.7815819382667542,0.19596020877361298,0.0224579069763422,T,0.04530994966626167,0.014914469793438911,-0.018571997061371803,0.5750254988670349,0.1892785280942917,0.2356959581375122,0.4307751953601837,0.25892940163612366,0.310295432806015,True,True,True
valid,TXCXFYIc3Yo$_$6,2,0.3961013853549957,0.3961013853549957,T,2.346796751022339,0.0488908551633358,-0.0744539201259613,0.9500657320022583,0.01979273557662964,0.030141562223434448,T,0.1383940577507019,-0.005144523456692696,-0.015432478860020638,0.8705613613128662,0.032361384481191635,0.09707728773355484,0.3960736095905304,0.29363733530044556,0.31028908491134644,True,True,True
valid,TYJzg5IJN8o$_$11,1,0.0,-0.2069896161556244,T,0.7375912666320801,-0.03718231990933418,0.0760171189904213,0.8669479489326477,0.04370325058698654,0.08934878557920456,T,-0.10751955211162567,0.04716164618730545,-0.023740526288747787,0.6026146411895752,0.264326810836792,0.13305848836898804,0.4637683033943176,0.24195177853107452,0.29427993297576904,True,True,True
valid,TYJzg5IJN8o$_$10,0,-0.8066211938858032,-0.8066211938858032,T,4.282071590423584,0.041392840445041656,-0.07808677852153778,0.9728550910949707,0.00940414797514677,0.01774074137210846,T,-0.3318621516227722,0.05857245996594429,-0.017351767048239708,0.8138136863708496,0.14363515377044678,0.04255111888051033,0.42934465408325195,0.25924602150917053,0.3114092946052551,True,True,True
valid,TYJzg5IJN8o$_$14,2,1.1432262659072876,1.1432262659072876,T,5.231388092041016,0.37705227732658386,-0.34102311730384827,0.8793041706085205,0.06337584555149078,0.05731998011469841,T,0.3766075074672699,0.032681144773960114,-0.02296357974410057,0.8712679147720337,0.07560665160417557,0.05312541499733925,0.3923153877258301,0.2681093215942383,0.33957529067993164,True,True,True
valid,TYJzg5IJN8o$_$0,2,0.7655911445617676,0.7655911445617676,T,2.2835850715637207,0.34737586975097656,0.2455427646636963,0.7938752174377441,0.12076322734355927,0.0853615328669548,T,0.15629535913467407,0.04168665409088135,0.04798998311161995,0.6354193091392517,0.16947723925113678,0.1951034516096115,0.44596606492996216,0.2658044397830963,0.28822946548461914,True,True,True
valid,TYJzg5IJN8o$_$4,2,0.8845994472503662,0.8845994472503662,T,3.8238773345947266,0.3332839906215668,-0.12879012525081635,0.8921887278556824,0.07776197046041489,0.030049368739128113,T,0.2558661103248596,0.0324445478618145,0.000585121801123023,0.8856693506240845,0.11230538040399551,0.002025373512879014,0.40498924255371094,0.2645319998264313,0.3304787874221802,True,True,True
valid,TYJzg5IJN8o$_$7,2,1.7652372121810913,1.7652372121810913,T,6.768245697021484,0.4874812364578247,-0.20260529220104218,0.9074744582176208,0.06536062061786652,0.027164960280060768,T,0.6806421875953674,0.005407620687037706,-0.025807665660977364,0.9561495184898376,0.007596493232995272,0.036253977566957474,0.37941429018974304,0.26890283823013306,0.3516828715801239,True,True,True
valid,Uc_6d-fkZEc$_$3,2,0.42094695568084717,0.42094695568084717,T,3.605109930038452,0.33611801266670227,-0.05587121844291687,0.9019315838813782,0.08409048616886139,0.013977941125631332,T,0.14626166224479675,0.032666705548763275,-0.05267291143536568,0.6315235495567322,0.1410471647977829,0.22742927074432373,0.407749205827713,0.2625438868999481,0.3297068774700165,True,True,True
valid,UlTJmndbGHM$_$1,2,1.8933037519454956,1.8933037519454956,T,8.675869941711426,0.3011334240436554,1.0058763027191162,0.8690748810768127,0.030164986848831177,0.10076013207435608,T,0.6516510248184204,0.005300341174006462,0.07130086421966553,0.8948150277137756,0.007278166711330414,0.09790682792663574,0.47589537501335144,0.39805567264556885,0.1260490119457245,True,True,True
valid,UlTJmndbGHM$_$4,0,-0.7384060025215149,-0.7384060025215149,T,4.752284049987793,0.013426382094621658,0.0,0.9971827268600464,0.002817288739606738,0.0,T,-0.32116934657096863,0.05488252267241478,0.0,0.8540559411048889,0.1459440141916275,0.0,0.641255795955658,0.35874420404434204,0.0,True,True,False
valid,VbV9S4svrTg$_$13,2,0.6085973978042603,0.6085973978042603,T,2.780088424682617,0.05973460525274277,0.25521156191825867,0.8982414603233337,0.01930014044046402,0.08245838433504105,T,0.16508683562278748,0.005630048457533121,0.020010575652122498,0.8655640482902527,0.029518814757466316,0.10491712391376495,0.41462093591690063,0.30822673439979553,0.27715232968330383,True,True,True
valid,VbV9S4svrTg$_$3,2,1.1276799440383911,1.1276799440383911,T,5.341737270355225,0.1041647344827652,0.5853434801101685,0.8856773376464844,0.017270850017666817,0.09705184400081635,T,0.34333139657974243,-0.00019414693815633655,0.037139296531677246,0.9019257426261902,0.0005100207054056227,0.09756429493427277,0.41499873995780945,0.342372328042984,0.24262894690036774,True,True,True
valid,VbV9S4svrTg$_$7,2,2.060300827026367,2.060300827026367,T,7.285640716552734,0.09513832628726959,0.26770710945129395,0.9525598287582397,0.012438843958079815,0.03500131890177727,T,0.8252409100532532,0.00554983876645565,-0.003972086124122143,0.9885932207107544,0.006648401729762554,0.004758340772241354,0.3618917167186737,0.3348729610443115,0.30323532223701477,True,True,True
valid,VbV9S4svrTg$_$8,2,0.3508814871311188,0.3508814871311188,T,-0.266340970993042,0.20255637168884277,0.10635147243738174,0.4630013108253479,0.3521195650100708,0.18487907946109772,T,0.045780375599861145,0.03431884944438934,0.022406931966543198,0.4466109573841095,0.3347979187965393,0.21859107911586761,0.44735607504844666,0.26328614354133606,0.2893577814102173,True,True,True
valid,VinxKpWioTo$_$1,2,1.9123034477233887,1.9123034477233887,T,7.4357500076293945,0.3789088726043701,0.25535184144973755,0.9214051961898804,0.04695270583033562,0.031642068177461624,T,0.6833258867263794,0.02068314328789711,0.03483929485082626,0.924852728843689,0.027993761003017426,0.04715351387858391,0.38341590762138367,0.29209139943122864,0.3244926929473877,True,True,True
valid,VinxKpWioTo$_$0,2,0.44453513622283936,0.44453513622283936,T,1.9569933414459229,-0.016919253394007683,0.05018499121069908,0.96684730052948,0.008358911611139774,0.024793758988380432,T,0.1463274508714676,0.012163085862994194,-0.02420523762702942,0.8009350299835205,0.06657562404870987,0.13248930871486664,0.3980605900287628,0.2994062304496765,0.3025331497192383,True,True,True
valid,VinxKpWioTo$_$3,2,1.1886790990829468,1.1886790990829468,T,5.350212097167969,0.16593843698501587,0.2784464955329895,0.9233104586601257,0.0286367516964674,0.04805278033018112,T,0.3631439507007599,0.016317956149578094,0.024710513651371002,0.8984876871109009,0.040373750030994415,0.061138544231653214,0.3946589231491089,0.30857014656066895,0.29677096009254456,True,True,True
valid,VinxKpWioTo$_$5,2,1.3841288089752197,1.3841288089752197,T,5.922231674194336,0.2268504798412323,0.24939604103565216,0.9255688190460205,0.03545381873846054,0.038977399468421936,T,0.46539029479026794,0.00985712744295597,0.008818858303129673,0.9614185690879822,0.020363178104162216,0.018218286335468292,0.3903341293334961,0.30381008982658386,0.3058558404445648,True,True,True
valid,ViyQVpGW05w$_$1,1,0.0,0.15709523856639862,T,2.8360257148742676,-0.08926694840192795,-0.6520395278930664,0.7927767038345337,0.02495349571108818,0.18226976692676544,V,-0.08676868677139282,0.02322118915617466,0.10096844285726547,0.4113072454929352,0.11007477343082428,0.47861796617507935,0.5511251091957092,0.31505292654037476,0.13382193446159363,True,True,True
valid,ViyQVpGW05w$_$4,1,0.0,0.1712920367717743,T,0.8775695562362671,-0.02448175847530365,-0.09892666339874268,0.8767121434211731,0.024457838386297226,0.09883000701665878,T,-0.10560297966003418,0.046447716653347015,0.10132269561290741,0.4167879819869995,0.18331727385520935,0.3998947739601135,0.5356015563011169,0.2837733030319214,0.18062523007392883,True,True,True
valid,ViyQVpGW05w$_$6,0,-0.2880774736404419,-0.2880774736404419,T,2.8730814456939697,-0.02682606130838394,0.10540637373924255,0.9560004472732544,0.008926209062337875,0.035073332488536835,T,-0.24045419692993164,0.03302157670259476,0.09611794352531433,0.6505905985832214,0.08934561163187027,0.2600637972354889,0.47728025913238525,0.3091987669467926,0.21352095901966095,True,True,True
valid,Vuay0mVKkik$_$3,0,-0.42024052143096924,-0.42024052143096924,T,1.407779574394226,0.04498488828539848,-0.07596101611852646,0.9208844900131226,0.029426399618387222,0.04968911409378052,T,-0.20365169644355774,0.04723414033651352,0.0004181429394520819,0.8103798627853394,0.18795618414878845,0.0016638928791508079,0.47246915102005005,0.2415780872106552,0.2859528064727783,True,True,True
valid,WmQF5RmbsVQ$_$6,2,0.3315148949623108,0.3315148949623108,T,0.29651451110839844,0.08658412843942642,0.06907706707715988,0.6557506322860718,0.19148336350917816,0.15276598930358887,T,0.09984401613473892,-0.013489238917827606,0.009611230343580246,0.8121064901351929,0.10971812903881073,0.0781753659248352,0.4425334632396698,0.27617591619491577,0.28129062056541443,True,True,True
valid,Wrcf2xtqbkQ$_$9,1,0.0,0.019271012395620346,T,2.8420464992523193,-0.015400940552353859,-0.14080148935317993,0.9479021430015564,0.005136645399034023,0.04696124419569969,V,-0.006901873275637627,0.02266552299261093,-0.024331972002983093,0.12805108726024628,0.4205155372619629,0.45143333077430725,0.4675822854042053,0.2694547176361084,0.26296302676200867,True,True,True
valid,Wrcf2xtqbkQ$_$8,2,0.21874287724494934,0.21874287724494934,T,0.9448925852775574,-0.027757827192544937,0.12902621924877167,0.8576859831809998,0.025195986032485962,0.11711805313825607,T,0.10139775276184082,-0.01764605939388275,-0.025699861347675323,0.7005332112312317,0.12191246449947357,0.17755429446697235,0.4197317361831665,0.29574427008628845,0.28452402353286743,True,True,True
valid,WxajvjGKz7Y$_$0,1,0.0,0.35607269406318665,T,1.4019689559936523,-0.23771172761917114,0.14380855858325958,0.7860820889472961,0.13328464329242706,0.0806332677602768,T,0.06943763792514801,0.030801985412836075,0.004021305125206709,0.6659986972808838,0.2954317331314087,0.038569629192352295,0.46635428071022034,0.2410493642091751,0.29259634017944336,True,True,True
valid,WxajvjGKz7Y$_$3,1,0.0,-0.0054731727577745914,T,1.3835984468460083,-0.15455250442028046,0.044306788593530655,0.8743352293968201,0.09766612201929092,0.02799871936440468,T,-0.038706596940755844,0.012489184737205505,0.009400935843586922,0.6387572884559631,0.20610330998897552,0.15513935685157776,0.451175332069397,0.2536907196044922,0.29513391852378845,True,True,True
valid,WxajvjGKz7Y$_$6,2,0.4249553084373474,0.4249553084373474,T,1.388054370880127,0.12850655615329742,-0.08356058597564697,0.8674681186676025,0.08031050115823746,0.052221402525901794,T,0.09515818953514099,0.018588371574878693,0.013872090727090836,0.7456448078155518,0.14565560221672058,0.10869955271482468,0.4201498031616211,0.2773219645023346,0.3025282323360443,True,True,True
valid,XIGpuL-Kkyk$_$12,2,0.329987496137619,0.329987496137619,T,0.6112010478973389,0.22310024499893188,-0.13844770193099976,0.628323495388031,0.2293502688407898,0.1423262357711792,T,0.1166064664721489,0.029788199812173843,-0.05094406008720398,0.5908949971199036,0.15094958245754242,0.2581554055213928,0.442720502614975,0.25712472200393677,0.30015480518341064,True,True,True
valid,XIGpuL-Kkyk$_$0,0,-0.5229931473731995,-0.5229931473731995,T,2.5559191703796387,-0.018098797649145126,0.0,0.9929686188697815,0.00703134061768651,0.0,T,-0.2518404722213745,0.06071833521127701,0.0,0.8057379126548767,0.19426211714744568,0.0,0.6658731698989868,0.3341268002986908,0.0,True,True,False
valid,XIGpuL-Kkyk$_$4,2,1.4187357425689697,1.4187357425689697,T,6.18882942199707,0.3119320869445801,0.6772646307945251,0.8621909618377686,0.04345652833580971,0.09435249119997025,T,0.4345981776714325,0.0038949386216700077,0.06032928451895714,0.8712483644485474,0.00780826760455966,0.12094341963529587,0.4365197718143463,0.32769128680229187,0.2357889860868454,True,True,True
valid,XIGpuL-Kkyk$_$7,1,0.0,0.1320800483226776,T,2.9529647827148438,-0.14943775534629822,0.0,0.9518316388130188,0.048168398439884186,0.0,A,0.005688990466296673,0.02337408810853958,0.0,0.1957463026046753,0.8042536377906799,0.0,0.6611525416374207,0.33884745836257935,0.0,True,True,False
valid,XaVYxIW0FDg$_$2,2,0.36584213376045227,0.36584213376045227,T,1.3784586191177368,0.1996884047985077,0.32994765043258667,0.7224267721176147,0.10465329885482788,0.17291995882987976,T,0.08235004544258118,-0.00800796877592802,0.033223167061805725,0.6663639545440674,0.06479925662279129,0.2688367962837219,0.4522976875305176,0.287116140127182,0.2605862021446228,True,True,True
valid,XyP8bVmGX6M$_$4,2,1.4665993452072144,1.4665993452072144,T,7.081944942474365,0.2868865728378296,0.9151249527931213,0.8548988699913025,0.03463158756494522,0.11046954989433289,T,0.4337484836578369,0.03471723943948746,0.051111914217472076,0.8348097801208496,0.06681819260120392,0.09837204962968826,0.5269500017166138,0.4058462381362915,0.06720376759767532,True,True,True
valid,XzVapdEr_GY$_$3,2,1.0435978174209595,1.0435978174209595,T,4.550434589385986,0.08912257850170135,0.11139117181301117,0.9577949643135071,0.018758902326226234,0.023446092382073402,T,0.397475004196167,-0.024658747017383575,-0.024794472381472588,0.8893486857414246,0.0551738440990448,0.055477529764175415,0.38412830233573914,0.3057606816291809,0.31011107563972473,True,True,True
valid,XzVapdEr_GY$_$4,2,1.2872065305709839,1.2872065305709839,T,6.347202301025391,0.01897163689136505,0.13831199705600739,0.9758192300796509,0.0029167006723582745,0.02126409485936165,T,0.4902571439743042,-0.026303276419639587,-0.020191116258502007,0.913378119468689,0.04900456219911575,0.03761724755167961,0.36564311385154724,0.32330504059791565,0.31105178594589233,True,True,True
valid,Y7h-S3cJ52o$_$0,2,0.5231407284736633,0.5231407284736633,T,1.063642978668213,0.01496097631752491,0.03459712862968445,0.9554814100265503,0.013439598493278027,0.03107895515859127,T,0.15857252478599548,0.02094140276312828,-0.01832526922225952,0.8015222549438477,0.10585062205791473,0.09262708574533463,0.4179401397705078,0.28713634610176086,0.29492348432540894,True,True,True
valid,Y7qkyMyanjU$_$2,1,0.0,0.15630708634853363,T,2.4582359790802,-0.06702430546283722,0.0,0.973458468914032,0.026541544124484062,0.0,A,0.010343058034777641,0.02681444212794304,0.0,0.27835723757743835,0.7216428518295288,0.0,0.6436404585838318,0.3563595116138458,0.0,True,True,False
valid,Y7qkyMyanjU$_$4,1,0.0,0.2196224331855774,T,1.0610096454620361,-0.05572992563247681,0.0,0.9500958919525146,0.04990414157509804,0.0,T,0.044035881757736206,0.014310703612864017,0.0,0.7547293901443481,0.24527062475681305,0.0,0.627156138420105,0.372843861579895,0.0,True,True,False
valid,YbuG8xyUO-o$_$3,1,0.0,0.08852553367614746,T,2.014906883239746,-0.10921407490968704,0.041169002652168274,0.9305483102798462,0.050438545644283295,0.019013158977031708,A,-0.00796531978994608,0.013051332905888557,0.009438982233405113,0.26153844594955444,0.4285358786582947,0.3099256455898285,0.45234349370002747,0.26124218106269836,0.2864142954349518,True,True,True
valid,YbuG8xyUO-o$_$2,1,0.0,-0.01797262579202652,T,3.1628189086914062,-0.06045009195804596,0.01832299306988716,0.9756993055343628,0.01864827238023281,0.005652467720210552,T,-0.04971536993980408,0.023335648700594902,0.005396692082285881,0.6337389349937439,0.29746752977371216,0.06879349052906036,0.4715811014175415,0.24446603655815125,0.283952921628952,True,True,True
valid,Z7L3V5bwzI0$_$2,2,1.0602947473526,1.0602947473526,T,2.730006456375122,0.524604082107544,0.3756546974182129,0.7520129680633545,0.1445084661245346,0.1034785807132721,T,0.25237444043159485,0.042143870145082474,0.059849418699741364,0.712182343006134,0.11892694234848022,0.16889071464538574,0.4682529866695404,0.250119149684906,0.281627893447876,True,True,True
valid,ZaoFHcbRM9g$_$3,2,1.2849146127700806,1.2849146127700806,T,4.804941177368164,0.21830230951309204,0.4810502529144287,0.8729442358016968,0.039660368114709854,0.08739545941352844,T,0.3603988289833069,0.018806107342243195,0.0636218786239624,0.8138595819473267,0.04246831312775612,0.1436721533536911,0.43102821707725525,0.31038519740104675,0.258586585521698,True,True,True
valid,ZaoFHcbRM9g$_$2,1,0.0,0.2022843062877655,T,0.9348448514938354,-0.19974809885025024,0.02435789443552494,0.8066302537918091,0.17235250771045685,0.02101719193160534,A,-0.008258897811174393,0.058591119945049286,0.002206264529377222,0.11959660798311234,0.8484545350074768,0.03194878622889519,0.45397740602493286,0.24687840044498444,0.2991442084312439,True,True,True
valid,ZaoFHcbRM9g$_$5,1,0.0,0.09774331748485565,T,0.9021234512329102,0.004060693085193634,-0.08189283311367035,0.9130092859268188,0.0041096932254731655,0.08288102596998215,T,-0.08103833347558975,0.06318724155426025,0.035451650619506836,0.4510217607021332,0.35167086124420166,0.19730743765830994,0.4932383596897125,0.2495485246181488,0.25721314549446106,True,True,True
valid,ZaoFHcbRM9g$_$9,0,-0.536443293094635,-0.536443293094635,T,3.2049520015716553,0.04353613406419754,0.14408941566944122,0.944695234298706,0.012832759879529476,0.042471956461668015,T,-0.2753738462924957,0.08438573777675629,-0.004761675372719765,0.755439817905426,0.23149745166301727,0.013062819838523865,0.4578508734703064,0.21778714656829834,0.3243618905544281,True,True,True
valid,ZaoFHcbRM9g$_$8,0,-1.4054988622665405,-1.4054988622665405,T,4.731301307678223,0.009593167342245579,0.19384978711605072,0.9587734341621399,0.0019440051401033998,0.03928264230489731,T,-0.5441032648086548,0.039859745651483536,-0.01889479160308838,0.9025399088859558,0.06611798703670502,0.0313420370221138,0.4237746596336365,0.26191896200180054,0.314306378364563,True,True,True
valid,Zvisaa77Cng$_$1,2,0.21256063878536224,0.21256063878536224,V,0.026063919067382812,0.12801013886928558,0.3811359405517578,0.048698488622903824,0.239177405834198,0.7121241092681885,A,0.01270370464771986,0.038629595190286636,0.004647083580493927,0.2269313633441925,0.6900559067726135,0.08301271498203278,0.458927720785141,0.28689560294151306,0.25417667627334595,True,True,True
valid,Zvisaa77Cng$_$5,2,0.6904687881469727,0.6904687881469727,T,3.5660786628723145,0.04803567752242088,0.33373892307281494,0.9032956957817078,0.012167544104158878,0.08453681319952011,T,0.19772398471832275,0.02255133166909218,-0.0009129467653110623,0.8939171433448792,0.1019553691148758,0.004127464722841978,0.41044849157333374,0.311926007270813,0.27762556076049805,True,True,True
valid,_7HVhnSYX1Y$_$26,2,0.2296033799648285,0.2296033799648285,T,0.06765866279602051,-0.0312776118516922,0.020652668550610542,0.5657601952552795,0.2615426778793335,0.17269714176654816,T,0.052133262157440186,0.0038638217374682426,0.005695243366062641,0.8450525999069214,0.06263050436973572,0.0923168808221817,0.43086570501327515,0.28516441583633423,0.283969908952713,True,True,True
valid,_7HVhnSYX1Y$_$12,2,0.39272868633270264,0.39272868633270264,T,1.3777813911437988,0.08454377204179764,-0.0013386423233896494,0.9413236379623413,0.057761743664741516,0.0009145832154899836,T,0.10017210245132446,0.01299997791647911,0.003500978462398052,0.8585709929466248,0.11142227798700333,0.030006742104887962,0.4167171120643616,0.28199055790901184,0.3012923002243042,True,True,True
valid,_7HVhnSYX1Y$_$14,1,0.0,0.11052297055721283,T,1.3452426195144653,-0.00948016345500946,0.07793344557285309,0.9389849901199341,0.006617193575948477,0.05439786985516548,A,-0.0032448144629597664,0.017167169600725174,0.007943235337734222,0.11443447321653366,0.6054324507713318,0.28013309836387634,0.43589580059051514,0.2773357629776001,0.28676843643188477,True,True,True
valid,_7HVhnSYX1Y$_$19,1,0.0,-0.35003209114074707,T,1.0369842052459717,0.030895214527845383,-0.08119693398475647,0.9024502038955688,0.02688699960708618,0.07066278159618378,T,-0.12500950694084167,0.004731341265141964,-0.011925104074180126,0.882424533367157,0.033397872000932693,0.08417762815952301,0.45553308725357056,0.2754652202129364,0.26900169253349304,True,True,True
valid,_7HVhnSYX1Y$_$31,2,0.698715329170227,0.698715329170227,T,3.0766561031341553,0.0005840340163558722,0.11597809940576553,0.9634969830513,0.00018289824947714806,0.03632013127207756,T,0.17758864164352417,0.006187534891068935,0.03849077224731445,0.7989881038665771,0.02783830463886261,0.17317362129688263,0.3943042457103729,0.309236079454422,0.2964596450328827,True,True,True
valid,_7HVhnSYX1Y$_$3,2,0.36667150259017944,0.36667150259017944,T,0.7034549117088318,-0.024614090099930763,0.03196766972541809,0.9255538582801819,0.03238539770245552,0.042060691863298416,T,0.1162174791097641,-0.00015373015776276588,-0.00821787491440773,0.9328062534332275,0.001233897521160543,0.06595983356237411,0.4210696816444397,0.2900036871433258,0.2889266014099121,True,True,True
valid,_BvNNdEkhZA$_$14,1,0.0,-0.25763025879859924,T,0.9298738837242126,0.018846545368433,0.003206007182598114,0.976833701133728,0.019798319786787033,0.003367914818227291,T,-0.0549430251121521,-0.016155783087015152,-0.029982078820466995,0.5435550808906555,0.1598302572965622,0.29661473631858826,0.4266342222690582,0.2807948589324951,0.29257088899612427,True,True,True
valid,_BvNNdEkhZA$_$19,2,0.3150169849395752,0.3150169849395752,A,-0.06257104873657227,0.20350392162799835,-0.10783971101045609,0.1673404574394226,0.544252336025238,0.2884072959423065,T,0.08359856903553009,0.038954563438892365,-0.03215105086565018,0.5403769016265869,0.2518003284931183,0.2078227698802948,0.4500230848789215,0.25261056423187256,0.29736635088920593,True,True,True
valid,_BvNNdEkhZA$_$7,2,0.7835159301757812,0.7835159301757812,T,3.8425681591033936,0.21004000306129456,-0.09586922824382782,0.9262599349021912,0.05063062906265259,0.023109499365091324,T,0.213555246591568,0.047814320772886276,-0.008995919488370419,0.7898761630058289,0.17685069143772125,0.033273182809352875,0.39446568489074707,0.28032392263412476,0.3252103924751282,True,True,True
valid,_BvNNdEkhZA$_$6,2,0.2992822527885437,0.2992822527885437,T,1.6459882259368896,0.18111278116703033,-0.09417830407619476,0.8567147254943848,0.09426676481962204,0.04901853948831558,T,0.08783558011054993,0.021683694794774055,-0.024417666718363762,0.6557980179786682,0.1618947982788086,0.1823071837425232,0.41684338450431824,0.2716003358364105,0.31155627965927124,True,True,True
valid,_BvNNdEkhZA$_$9,2,0.05798790603876114,0.05798790603876114,A,-0.07931697368621826,0.1086539626121521,-0.007267812266945839,0.4062562882900238,0.5565184354782104,0.037225253880023956,V,0.012944890186190605,0.024059521034359932,-0.03266478702425957,0.1858050525188446,0.34533941745758057,0.46885547041893005,0.4416232407093048,0.26406633853912354,0.29431042075157166,True,True,True
valid,_aZDaIfGfPo$_$1,2,0.670535683631897,0.670535683631897,T,1.5516114234924316,0.2784309685230255,0.26921790838241577,0.7391229271888733,0.13263289630413055,0.12824417650699615,T,0.12443934381008148,0.04875054955482483,0.039167653769254684,0.5859897136688232,0.2295682430267334,0.18444201350212097,0.4524078667163849,0.2726915776729584,0.2749006152153015,True,True,True
valid,_aZDaIfGfPo$_$0,2,0.5811240077018738,0.5811240077018738,V,0.44001948833465576,0.25765496492385864,0.6423319578170776,0.32837119698524475,0.1922789067029953,0.47934994101524353,V,0.02756107784807682,0.05079107731580734,0.10284261405467987,0.15210747718811035,0.28031206130981445,0.5675804615020752,0.5147587060928345,0.30342358350753784,0.18181774020195007,True,True,True
valid,_gr7o5ynhnw$_$13,2,0.3611087501049042,0.3611087501049042,T,1.6479747295379639,0.028880300000309944,-0.008440546691417694,0.9778550267219543,0.01713663712143898,0.005008347798138857,T,0.15844318270683289,-0.032468341290950775,-0.02001088671386242,0.7511917352676392,0.1539350003004074,0.09487320482730865,0.4121524691581726,0.28948959708213806,0.2983579635620117,True,True,True
valid,_gr7o5ynhnw$_$12,2,0.4045344293117523,0.4045344293117523,T,2.8148889541625977,0.0378270149230957,0.12342043966054916,0.9458198547363281,0.012710107490420341,0.04147002100944519,T,0.16264581680297852,-0.023717980831861496,-0.018248802050948143,0.7948964238166809,0.11591652035713196,0.08918709307909012,0.40824785828590393,0.2984560430049896,0.2932961583137512,True,True,True
valid,_gr7o5ynhnw$_$15,2,1.5110167264938354,1.5110167264938354,T,6.967640399932861,0.08956415951251984,0.28090429306030273,0.9495144486427307,0.012205345556139946,0.03828020021319389,T,0.586995542049408,-0.02875557914376259,-0.019017430022358894,0.924739420413971,0.045300886034965515,0.029959626495838165,0.37138351798057556,0.32714182138442993,0.3014746308326721,True,True,True
valid,_gzYkdjNvPc$_$12,2,0.5407048463821411,0.5407048463821411,T,2.9220025539398193,-0.028039488941431046,-0.2912423610687256,0.9014952778816223,0.008650734089314938,0.08985400199890137,T,0.2249842882156372,-0.01828889362514019,-0.039462000131607056,0.7957421541213989,0.06468559801578522,0.13957230746746063,0.38860195875167847,0.3003707230091095,0.3110273480415344,True,True,True
valid,_gzYkdjNvPc$_$17,0,-1.4627768993377686,-1.4627768993377686,T,6.490333080291748,0.010045955888926983,-0.12607839703559875,0.979457437992096,0.001516037154942751,0.019026514142751694,T,-0.5809354186058044,0.03514040634036064,-0.002093785209581256,0.939767062664032,0.05684589967131615,0.003387072356417775,0.4167483448982239,0.27675512433052063,0.3064965605735779,True,True,True
valid,_gzYkdjNvPc$_$1,0,-0.2015683948993683,-0.2015683948993683,T,-0.3263590335845947,0.036809176206588745,-0.07704508304595947,0.7413656711578369,0.08361668139696121,0.17501762509346008,T,-0.13798196613788605,0.06282421946525574,-0.007125174626708031,0.6635938286781311,0.3021392226219177,0.03426695615053177,0.47517311573028564,0.23392827808856964,0.2908986508846283,True,True,True
valid,_gzYkdjNvPc$_$3,2,0.6356151103973389,0.6356151103973389,T,1.5079851150512695,0.18047359585762024,-0.2520046532154083,0.7771263122558594,0.09300541877746582,0.129868283867836,T,0.20092128217220306,0.022517427802085876,-0.023300589993596077,0.8143059611320496,0.09126000106334686,0.09443404525518417,0.41899019479751587,0.2731770873069763,0.3078327476978302,True,True,True
valid,_gzYkdjNvPc$_$2,0,-0.29617077112197876,-0.29617077112197876,T,4.478535175323486,-0.016022570431232452,0.042253583669662476,0.9871548414230347,0.0035316809080541134,0.009313497692346573,T,-0.28378716111183167,0.06930124759674072,0.1004476472735405,0.625721275806427,0.15280206501483917,0.22147664427757263,0.5234140157699585,0.3503061830997467,0.1262797862291336,True,True,True
valid,_gzYkdjNvPc$_$5,2,0.19090332090854645,0.19090332090854645,T,-0.2972681522369385,0.1761881709098816,-0.2051815390586853,0.4380365014076233,0.2596203088760376,0.3023431897163391,T,0.04475198686122894,0.02830704301595688,-0.024330567568540573,0.4595150649547577,0.29065778851509094,0.24982717633247375,0.4431966245174408,0.2587786316871643,0.2980248034000397,True,True,True
valid,_gzYkdjNvPc$_$4,1,0.0,0.13148264586925507,T,2.223459482192993,-0.28973886370658875,0.05986637994647026,0.864128828048706,0.11260457336902618,0.023266565054655075,A,0.004580084700137377,0.03176017850637436,-0.007476710714399815,0.10452763736248016,0.7248373627662659,0.17063502967357635,0.48322629928588867,0.23279446363449097,0.283979207277298,True,True,True
valid,_gzYkdjNvPc$_$6,0,-0.423824667930603,-0.423824667930603,T,2.4279487133026123,0.0172875989228487,-0.15205341577529907,0.934800922870636,0.006656015291810036,0.05854311212897301,T,-0.18598154187202454,0.042681142687797546,-0.013917848467826843,0.766679584980011,0.17594628036022186,0.05737413465976715,0.43828245997428894,0.25707560777664185,0.3046419024467468,True,True,True
valid,_gzYkdjNvPc$_$9,1,0.0,-0.2568405270576477,T,1.5880471467971802,0.02314344048500061,0.07969166338443756,0.9391825795173645,0.013687198981642723,0.04713022708892822,T,-0.05610386282205582,-0.006961731240153313,-0.03775009885430336,0.5564992427825928,0.06905403733253479,0.3744466304779053,0.44913408160209656,0.27077317237854004,0.280092716217041,True,True,True
valid,a-WihYDk6vc$_$8,2,0.6250141859054565,0.6250141859054565,T,2.5564587116241455,0.41266295313835144,0.1691671758890152,0.8146027326583862,0.1314929723739624,0.05390426889061928,T,0.09227339178323746,0.05943584069609642,0.04473201930522919,0.4697251319885254,0.3025629222393036,0.22771194577217102,0.4442501664161682,0.24561186134815216,0.31013795733451843,True,True,True
valid,a-WihYDk6vc$_$0,2,0.7419922351837158,0.7419922351837158,T,4.362888336181641,0.3777189254760742,0.07831646502017975,0.9053656458854675,0.07838241755962372,0.016251858323812485,T,0.19213655591011047,0.02688852697610855,0.018550481647253036,0.8087387084960938,0.11317884176969528,0.07808244973421097,0.40769368410110474,0.2628394067287445,0.32946696877479553,True,True,True
valid,aFhc2ddipoM$_$14,2,1.1370587348937988,1.1370587348937988,T,5.304378509521484,0.18182960152626038,0.19949328899383545,0.9329330325126648,0.03198015317320824,0.03508684039115906,T,0.40135738253593445,0.0031912275590002537,-0.02062642201781273,0.9439815282821655,0.007505679503083229,0.0485127754509449,0.38953879475593567,0.2993607819080353,0.31110045313835144,True,True,True
valid,aK5tRCXjUvU$_$0,2,0.329582154750824,0.329582154750824,T,-1.0008418560028076,0.4345722198486328,0.35952112078666687,0.5575922131538391,0.2421102523803711,0.200297549366951,T,0.056640252470970154,0.01848764158785343,0.02018595114350319,0.594249963760376,0.19396595656871796,0.21178403496742249,0.5094128847122192,0.23015494644641876,0.2604321837425232,True,True,True
valid,b-FX9NOVQOM$_$1,1,0.0,-0.0813460424542427,T,0.6755784749984741,0.03173333406448364,0.03643631935119629,0.9083430767059326,0.04266677424311638,0.04899013414978981,T,-0.11379276216030121,0.05561866983771324,0.016060013324022293,0.613532543182373,0.29987725615501404,0.0865902230143547,0.4740006625652313,0.23919035494327545,0.28680896759033203,True,True,True
valid,b-FX9NOVQOM$_$4,0,-0.1535499542951584,-0.1535499542951584,T,0.08309817314147949,-0.0010220333933830261,-0.06105728819966316,0.5723901987075806,0.007039888296276331,0.42056992650032043,T,-0.13554620742797852,0.04166944697499275,0.027656586840748787,0.6616133451461792,0.20339235663414001,0.13499431312084198,0.45951011776924133,0.24529893696308136,0.2951909005641937,True,True,True
valid,b1LEcg6z66g$_$0,1,0.0,0.0663292333483696,T,1.3965731859207153,-0.011189481243491173,-0.03332793712615967,0.969108521938324,0.00776459276676178,0.023126885294914246,T,-0.05965553596615791,0.03912068530917168,0.02765611559152603,0.4718376696109772,0.3094199597835541,0.21874243021011353,0.46693649888038635,0.27156272530555725,0.26150083541870117,True,True,True
valid,b1LEcg6z66g$_$4,2,0.5730050802230835,0.5730050802230835,T,3.0264737606048584,0.09855645895004272,0.216285839676857,0.9057729244232178,0.029496297240257263,0.06473073363304138,T,0.13469666242599487,0.011546267196536064,0.032141562551259995,0.7550917267799377,0.06472685188055038,0.1801813691854477,0.41196855902671814,0.3028572201728821,0.28517425060272217,True,True,True
valid,b1LEcg6z66g$_$8,0,-1.257425308227539,-1.257425308227539,T,7.05546760559082,0.00913146696984768,-0.032047249376773834,0.994197428226471,0.0012867299374192953,0.004515829961746931,T,-0.5315712094306946,0.0331752710044384,0.03675343841314316,0.8837428092956543,0.05515424162149429,0.061102982610464096,0.4206657111644745,0.2876158654689789,0.2917185127735138,True,True,True
valid,bAkUEnPoucg$_$3,2,0.9719619154930115,0.9719619154930115,T,3.842957019805908,0.2042645812034607,0.5401087999343872,0.8377327919006348,0.04452798515558243,0.1177392452955246,T,0.23556670546531677,0.017574770376086235,0.06796212494373322,0.7336159348487854,0.05473240464925766,0.2116517275571823,0.448345810174942,0.3116251528263092,0.2400290071964264,True,True,True
valid,bNQkb4K5DX0$_$3,1,0.0,0.15548516809940338,T,1.7027784585952759,-0.3325931131839752,-0.13100242614746094,0.7860039472579956,0.153525248169899,0.0604708269238472,A,0.004788799677044153,0.018977399915456772,0.013116581365466118,0.12983836233615875,0.5145328044891357,0.3556288778781891,0.4887465834617615,0.23670248687267303,0.2745508849620819,True,True,True
valid,bNQkb4K5DX0$_$7,2,1.5695631504058838,1.5695631504058838,T,7.1236891746521,0.4894244074821472,0.14316850900650024,0.9184412360191345,0.06310039013624191,0.018458394333720207,T,0.5741828680038452,-0.02114114724099636,0.012685026973485947,0.9443656802177429,0.03477110713720322,0.02086322009563446,0.38904035091400146,0.2787114083766937,0.332248330116272,True,True,True
valid,bWunvAd96zI$_$1,1,0.0,0.05955991521477699,T,1.9633615016937256,-0.14534109830856323,-0.3725380301475525,0.7912821173667908,0.05857597663998604,0.15014183521270752,A,-0.021705713123083115,0.024574831128120422,0.0019947122782468796,0.4496240019798279,0.5090564489364624,0.04131956025958061,0.48939159512519836,0.2789411246776581,0.23166732490062714,True,True,True
valid,bWunvAd96zI$_$2,0,-0.4153876304626465,-0.4153876304626465,T,1.7417399883270264,0.001287665218114853,0.019914284348487854,0.9879735112190247,0.0007304070168174803,0.011296052485704422,T,-0.21883465349674225,0.030221492052078247,0.03426336124539375,0.7723953127861023,0.10666929930448532,0.12093541026115417,0.4899199604988098,0.27804362773895264,0.23203641176223755,True,True,True
valid,bWunvAd96zI$_$5,2,0.28065353631973267,0.28065353631973267,T,0.5936950445175171,0.18362519145011902,0.15758498013019562,0.6350323557853699,0.19641049206256866,0.16855716705322266,A,0.03400261327624321,0.04166363179683685,0.0031671947799623013,0.4313221871852875,0.5285019874572754,0.040175773203372955,0.4462161958217621,0.2725857198238373,0.28119808435440063,True,True,True
valid,bWunvAd96zI$_$4,2,0.7663156986236572,0.7663156986236572,T,3.224562883377075,0.2952277660369873,0.41695958375930786,0.8190925717353821,0.07499276101589203,0.10591466724872589,T,0.232911616563797,0.008097938261926174,0.005220843944698572,0.9459092617034912,0.03288764879107475,0.021203085780143738,0.4408107101917267,0.28907108306884766,0.27011823654174805,True,True,True
valid,bj9e8w4vNxo$_$12,1,0.0,0.30557093024253845,T,1.066197395324707,-0.281011700630188,-0.14538982510566711,0.7143228054046631,0.18827007710933685,0.09740716218948364,A,0.00844710785895586,0.043000753968954086,0.03577147424221039,0.09684903174638748,0.49301859736442566,0.41013237833976746,0.4737013876438141,0.2473153918981552,0.2789832055568695,True,True,True
valid,bpvYdXVlgvc$_$1,0,-0.3375425636768341,-0.3375425636768341,T,1.7184418439865112,-0.06253957748413086,0.020576879382133484,0.9538641571998596,0.03471415862441063,0.01142171211540699,T,-0.21543659269809723,0.0035381426569074392,0.08391375094652176,0.7112736105918884,0.011681337840855122,0.27704504132270813,0.48634350299835205,0.31828629970550537,0.19537022709846497,True,True,True
valid,bpvYdXVlgvc$_$3,0,-0.3331540822982788,-0.3331540822982788,T,1.8070800304412842,-0.03655671328306198,-0.030467599630355835,0.9642366170883179,0.01950623095035553,0.0162571519613266,T,-0.21365903317928314,0.061972759664058685,0.02518291585147381,0.710267961025238,0.206016406416893,0.08371571451425552,0.4822811782360077,0.23630061745643616,0.2814181447029114,True,True,True
valid,bpvYdXVlgvc$_$4,0,-0.6636477112770081,-0.6636477112770081,T,2.3075551986694336,-0.026552964001893997,0.07235760986804962,0.9588980078697205,0.011034009046852589,0.03006799891591072,T,-0.25287768244743347,0.013018744066357613,-6.733319605700672e-05,0.9507974982261658,0.04894931614398956,0.00025316679966636,0.4569612145423889,0.3085443377494812,0.23449447751045227,True,True,True
valid,bpvYdXVlgvc$_$6,0,-0.6821728944778442,-0.6821728944778442,T,3.220771312713623,-0.05344782769680023,-0.0007594525814056396,0.9834480881690979,0.016320055350661278,0.0002318954502698034,T,-0.2718953490257263,0.021880023181438446,0.003586730221286416,0.9143577218055725,0.07358039915561676,0.012061825953423977,0.452683687210083,0.30189284682273865,0.24542348086833954,True,True,True
valid,c1a1y9ytHH0$_$0,2,0.3854866325855255,0.3854866325855255,A,-0.08137226104736328,0.2827012836933136,0.19206660985946655,0.14631609618663788,0.5083273649215698,0.34535646438598633,T,0.05323643609881401,0.03750895708799362,0.023472361266613007,0.4660959839820862,0.3283986747264862,0.20550537109375,0.46888601779937744,0.25248655676841736,0.2786274254322052,True,True,True
valid,c1a1y9ytHH0$_$3,1,0.0,0.3304116427898407,T,1.4036436080932617,-0.2788960337638855,-0.21159805357456207,0.7410461902618408,0.14724168181419373,0.11171207576990128,A,0.027952363714575768,0.042976535856723785,0.024664808064699173,0.2924079895019531,0.44957494735717773,0.25801706314086914,0.4840485453605652,0.2482759654521942,0.267675518989563,True,True,True
valid,c1a1y9ytHH0$_$7,2,0.5837889909744263,0.5837889909744263,T,2.013810634613037,0.29026755690574646,0.13700133562088013,0.8249672651290894,0.11890950798988342,0.05612326040863991,T,0.13663533329963684,0.027694471180438995,0.017788100987672806,0.7502576112747192,0.15206891298294067,0.09767355024814606,0.4372037649154663,0.2653060853481293,0.2974902093410492,True,True,True
valid,c5cB7AfVgcE$_$12,2,0.7846865057945251,0.7846865057945251,T,3.860231399536133,0.3290977478027344,-0.030004248023033142,0.9148913621902466,0.07799757272005081,0.007111134938895702,T,0.24799805879592896,0.006422362755984068,-0.0016279214760288596,0.9685595035552979,0.02508261799812317,0.006357867270708084,0.40523648262023926,0.2690141499042511,0.32574939727783203,True,True,True
valid,c5cB7AfVgcE$_$5,1,0.0,-0.12187333405017853,T,1.8944778442382812,0.01590816117823124,0.05258532240986824,0.965107262134552,0.008104123175144196,0.026788635179400444,T,-0.06878150254487991,0.018769310787320137,-0.005626697093248367,0.7381770610809326,0.20143605768680573,0.06038685515522957,0.4728701114654541,0.2353190928697586,0.2918108105659485,True,True,True
valid,d8BR6hsvzoY$_$1,2,0.6261041164398193,0.6261041164398193,T,3.044952630996704,0.534961998462677,-0.021562740206718445,0.8454732298851013,0.14853960275650024,0.005987192969769239,T,0.10237924009561539,0.09843182563781738,-0.003989941440522671,0.49989619851112366,0.4806218147277832,0.019482040777802467,0.4499724209308624,0.20816166698932648,0.3418658971786499,True,True,True
valid,d8BR6hsvzoY$_$0,1,0.0,0.17292413115501404,T,2.9395384788513184,-0.46637609601020813,0.008100591599941254,0.8610209226608276,0.1366063356399536,0.002372746355831623,A,-0.07743773609399796,0.10721524059772491,0.012935743667185307,0.3919137418270111,0.5426182150840759,0.06546802818775177,0.529866099357605,0.16503331065177917,0.30510056018829346,True,True,True
valid,d8BR6hsvzoY$_$2,2,0.45298832654953003,0.45298832654953003,T,2.330392360687256,0.3158700168132782,-0.021237879991531372,0.8736240267753601,0.11841423809528351,0.007961716502904892,T,0.11833634227514267,0.020959801971912384,-0.002128613879904151,0.8367441892623901,0.14820460975170135,0.015051211230456829,0.4218326210975647,0.2605953514575958,0.3175719678401947,True,True,True
valid,d8BR6hsvzoY$_$5,1,0.0,-0.009641150012612343,T,2.3499624729156494,-0.18639817833900452,-0.025091927498579025,0.917433500289917,0.07277049869298935,0.009795975871384144,T,-0.0402667298913002,0.03326569125056267,-0.011204772628843784,0.4751954972743988,0.39257487654685974,0.13222970068454742,0.4716740846633911,0.24916714429855347,0.27915871143341064,True,True,True
valid,d8BR6hsvzoY$_$6,1,0.0,-0.13951969146728516,T,2.1552317142486572,-0.011404002085328102,0.036684297025203705,0.97817462682724,0.005175826605409384,0.016649555414915085,T,-0.06785301119089127,0.01755456067621708,-0.011233767494559288,0.7021116614341736,0.18164649605751038,0.11624184250831604,0.46155259013175964,0.25142520666122437,0.287022203207016,True,True,True
valid,d8BR6hsvzoY$_$9,1,0.0,0.0032273666001856327,T,1.826735258102417,-0.24456757307052612,0.000860065221786499,0.8815596699714661,0.1180252656340599,0.0004150567692704499,A,0.0008695675642229617,-0.014197055250406265,-0.0005888055311515927,0.055544156581163406,0.9068455696105957,0.037610311061143875,0.46815958619117737,0.24158573150634766,0.2902546525001526,True,True,True
valid,d8BR6hsvzoY$_$8,2,0.47158217430114746,0.47158217430114746,T,3.0374338626861572,0.30686458945274353,0.029598981142044067,0.9002745151519775,0.0909525603055954,0.008772934786975384,T,0.14839990437030792,0.002424592152237892,-0.007308235391974449,0.9384515285491943,0.015332639217376709,0.04621582850813866,0.41745129227638245,0.25767093896865845,0.3248777985572815,True,True,True
valid,dBWvtPeHpWM$_$4,2,0.5826578140258789,0.5826578140258789,V,0.5391970276832581,0.18319250643253326,0.5910961031913757,0.41050851345062256,0.13947050273418427,0.45002099871635437,V,0.026072151958942413,0.06317652761936188,0.09247733652591705,0.14346957206726074,0.34764713048934937,0.5088833570480347,0.493921160697937,0.29667583107948303,0.20940296351909637,True,True,True
valid,dEDbm2ubVRQ$_$0,1,0.0,0.007196834776550531,T,3.641388416290283,0.005517353303730488,0.010775677859783173,0.9955455660820007,0.001508429180830717,0.002946040825918317,T,-0.0409667044878006,0.019214067608118057,0.009159503504633904,0.590806782245636,0.27709823846817017,0.13209499418735504,0.48355481028556824,0.2598201036453247,0.25662508606910706,True,True,True
valid,dEDbm2ubVRQ$_$3,0,-0.6554777026176453,-0.6554777026176453,T,3.550555467605591,-0.007098962552845478,-0.011957988142967224,0.9946613907814026,0.0019887208472937346,0.0033499402925372124,T,-0.28993701934814453,0.04705951362848282,0.005812861956655979,0.8457674384117126,0.1372760385274887,0.016956543549895287,0.44225338101387024,0.27406325936317444,0.28368332982063293,True,True,True
valid,dEDbm2ubVRQ$_$8,1,0.0,0.06613792479038239,T,0.6894538402557373,-0.029284581542015076,-0.12339526414871216,0.8186987638473511,0.03477426618337631,0.14652693271636963,A,0.0037609506398439407,0.013842258602380753,-0.010545746423304081,0.133608877658844,0.4917503297328949,0.3746407628059387,0.44831451773643494,0.2801363468170166,0.27154916524887085,True,True,True
valid,dt641WxonBI$_$1,2,0.3266240954399109,0.3266240954399109,V,-0.2901092767715454,0.3458644449710846,0.6435790061950684,0.22672709822654724,0.27030104398727417,0.502971887588501,V,0.00904605258256197,0.013746028766036034,0.07152379304170609,0.09591230750083923,0.14574459195137024,0.7583431005477905,0.533179521560669,0.28459644317626953,0.1822240650653839,True,True,True
valid,dt641WxonBI$_$3,1,0.0,0.1080031543970108,T,1.9236167669296265,-0.2920762896537781,-0.17755256593227386,0.8037691116333008,0.12204192578792572,0.07418902963399887,A,-0.021828612312674522,0.023056000471115112,0.019797148182988167,0.33747708797454834,0.3564528822898865,0.3060700297355652,0.48936983942985535,0.24116255342960358,0.26946762204170227,True,True,True
valid,eOiC1kb17P4$_$0,2,0.5396655201911926,0.5396655201911926,T,2.5879383087158203,0.21657124161720276,0.5678221583366394,0.7674031853675842,0.06422002613544464,0.16837671399116516,T,0.11426658183336258,0.010929035022854805,0.0416797436773777,0.6847420930862427,0.06549220532178879,0.24976570904254913,0.46464574337005615,0.3093760311603546,0.22597822546958923,True,True,True
valid,erNDEjQeox8$_$12,2,1.2116566896438599,1.2116566896438599,T,5.073375225067139,-0.017098721116781235,0.06953786313533783,0.983210027217865,0.0033136981073766947,0.013476299121975899,T,0.45162323117256165,-0.015213881619274616,-0.023118257522583008,0.9217640161514282,0.03105156682431698,0.04718441516160965,0.37149718403816223,0.31357067823410034,0.3149321377277374,True,True,True
valid,ewBrNsyY82Q$_$4,2,0.10064738988876343,0.10064738988876343,T,-0.5090088844299316,0.10233946889638901,0.2641966938972473,0.5813623070716858,0.11688658595085144,0.30175113677978516,V,-0.005663195624947548,-0.002122314181178808,0.02635515108704567,0.1658783257007599,0.0621638260781765,0.7719578146934509,0.46310365200042725,0.28036585450172424,0.2565304934978485,True,True,True
valid,fWOIAxzBQFY$_$12,1,0.0,0.17062433063983917,T,3.7137012481689453,-0.1790677011013031,-0.35590219497680664,0.8740853667259216,0.04214675724506378,0.08376788347959518,A,0.011531835421919823,0.04628673568367958,-0.015874436125159264,0.15648479759693146,0.6281021237373352,0.21541306376457214,0.5066033601760864,0.2597489058971405,0.23364773392677307,True,True,True
valid,fWOIAxzBQFY$_$5,2,0.4345308244228363,0.4345308244228363,V,-0.18364810943603516,0.36222559213638306,0.43951326608657837,0.1863715648651123,0.3675973117351532,0.4460311233997345,T,0.06246035918593407,0.05162962153553963,0.016787394881248474,0.4772433638572693,0.39448851346969604,0.12826812267303467,0.5030463337898254,0.2553488612174988,0.24160481989383698,True,True,True
valid,fWOIAxzBQFY$_$7,2,0.27171850204467773,0.27171850204467773,T,0.3591160774230957,0.2273886799812317,0.2867746949195862,0.4112269878387451,0.26038476824760437,0.3283882439136505,T,0.04456119239330292,0.042737364768981934,-0.011468928307294846,0.45117267966270447,0.4327068030834198,0.11612048000097275,0.46385303139686584,0.2716619670391083,0.2644850015640259,True,True,True
valid,f_ZJ7L14oYQ$_$11,2,0.3722437620162964,0.3722437620162964,T,1.8567209243774414,0.2231193631887436,-0.03329136595129967,0.8786584734916687,0.10558706521987915,0.015754517167806625,T,0.10439759492874146,0.008271729573607445,-0.00293744052760303,0.9030404686927795,0.07155056297779083,0.025408897548913956,0.423636257648468,0.27372193336486816,0.30264177918434143,True,True,True
valid,f_ZJ7L14oYQ$_$27,2,0.715681791305542,0.715681791305542,T,4.523974895477295,0.3294568657875061,0.07542082667350769,0.9178556203842163,0.06684251129627228,0.015301903709769249,T,0.27947384119033813,-0.010637963190674782,-0.0405806340277195,0.8451170921325684,0.03216875344514847,0.12271412461996078,0.4012395441532135,0.27585557103157043,0.3229048252105713,True,True,True
valid,f_ZJ7L14oYQ$_$21,0,-1.1336734294891357,-1.1336734294891357,T,6.181901931762695,0.0017479769885540009,0.010955899953842163,0.9979491829872131,0.0002821772650349885,0.0017686194041743875,T,-0.4865208864212036,0.028202835470438004,0.04572880640625954,0.8680858016014099,0.0503215417265892,0.08159264922142029,0.4498186707496643,0.2775886654853821,0.2725926637649536,True,True,True
valid,f_ZJ7L14oYQ$_$17,1,0.0,-0.23009788990020752,T,2.116468906402588,-0.17377090454101562,-0.16581912338733673,0.8617337346076965,0.07075192779302597,0.06751430779695511,T,-0.09067961573600769,0.00840690080076456,-0.00956961140036583,0.834555983543396,0.07737162709236145,0.08807245641946793,0.4675540626049042,0.2602338492870331,0.27221208810806274,True,True,True
valid,f_ZJ7L14oYQ$_$9,2,0.19764406979084015,0.19764406979084015,T,1.9647562503814697,0.12466342747211456,0.1632254421710968,0.8721996545791626,0.05534091219305992,0.07245945930480957,T,0.06708096712827682,0.002924781059846282,-0.019020915031433105,0.7534930109977722,0.032852865755558014,0.21365414559841156,0.42297714948654175,0.28764304518699646,0.2893798053264618,True,True,True
valid,f_ZJ7L14oYQ$_$8,2,0.10567361116409302,0.10567361116409302,T,-0.4321972727775574,0.17652437090873718,0.19016629457473755,0.540998637676239,0.22096262872219086,0.23803876340389252,T,0.01719490811228752,0.006884315051138401,-0.0038321877364069223,0.6160529851913452,0.24664877355098724,0.13729825615882874,0.4539650082588196,0.26867973804473877,0.27735528349876404,True,True,True
valid,ffrJ91swyq0$_$1,2,1.315877914428711,1.315877914428711,T,5.842929840087891,0.3006632626056671,0.10953794419765472,0.9344006180763245,0.048082031309604645,0.017517294734716415,T,0.45705223083496094,-0.01837007701396942,0.016853926703333855,0.9284466505050659,0.03731660172343254,0.03423672541975975,0.38637828826904297,0.2864702343940735,0.32715144753456116,True,True,True
valid,g8Cl74tS3oY$_$2,0,-0.47902506589889526,-0.47902506589889526,T,0.9253678321838379,0.01712576113641262,0.09461309015750885,0.8922590017318726,0.01651301607489586,0.09122791886329651,T,-0.21432530879974365,0.02156645804643631,0.016713585704565048,0.8484591245651245,0.08537609130144119,0.06616481393575668,0.4665195643901825,0.25583523511886597,0.27764514088630676,True,True,True
valid,g8Cl74tS3oY$_$6,2,1.4340496063232422,1.4340496063232422,T,5.687638282775879,0.3563264012336731,0.2196435183286667,0.9080449938774109,0.05688835680484772,0.03506661206483841,T,0.5297207236289978,-0.022567860782146454,-0.0017347128596156836,0.9561343193054199,0.04073449596762657,0.0031311188358813524,0.39588427543640137,0.2836470305919647,0.3204686939716339,True,True,True
valid,gR4gM_WXesQ$_$10,1,0.0,-0.07260285317897797,T,0.7157096862792969,0.006099618040025234,-0.0631815642118454,0.911742627620697,0.007770304102450609,0.08048699796199799,T,-0.08239100873470306,-0.0074514225125312805,0.05064466595649719,0.5864667296409607,0.053039904683828354,0.36049333214759827,0.48474517464637756,0.29418206214904785,0.22107280790805817,True,True,True
valid,gR4gM_WXesQ$_$26,0,-0.9235470294952393,-0.9235470294952393,T,3.7342991828918457,-0.07456128299236298,0.06490513682365417,0.9639971852302551,0.01924775168299675,0.01675505004823208,T,-0.30541396141052246,-0.021259073168039322,-0.006486598402261734,0.9167196154594421,0.06381047517061234,0.019469941034913063,0.41919443011283875,0.2993764877319336,0.2814290523529053,True,True,True
valid,gR4gM_WXesQ$_$20,2,0.2298116683959961,0.2298116683959961,T,-0.2333282232284546,0.08664025366306305,0.22717393934726715,0.4264488220214844,0.15835046768188477,0.41520076990127563,T,0.0526634156703949,-0.0013502811780199409,0.010449031367897987,0.8169591426849365,0.020946696400642395,0.1620941460132599,0.4537275433540344,0.2809125781059265,0.26535987854003906,True,True,True
valid,gR4gM_WXesQ$_$24,1,0.0,-0.22776255011558533,T,0.6373800039291382,0.01483401283621788,-0.04868273437023163,0.9093778729438782,0.021164333447813988,0.06945778429508209,T,-0.06408577412366867,-0.014110376127064228,-0.012863149866461754,0.7037806510925293,0.1549580991268158,0.1412612348794937,0.44008028507232666,0.2788938581943512,0.28102588653564453,True,True,True
valid,gR4gM_WXesQ$_$18,0,-0.5390055179595947,-0.5390055179595947,T,2.1197237968444824,-0.00876833125948906,0.11584905534982681,0.9444748759269714,0.003906861878931522,0.051618292927742004,T,-0.18573759496212006,-0.0030552679672837257,-0.00783936120569706,0.9445938467979431,0.015537980943918228,0.03986813873052597,0.4345516264438629,0.2932069003582001,0.2722415030002594,True,True,True
valid,gR4gM_WXesQ$_$3,1,0.0,-0.03267146646976471,T,2.401754856109619,-0.026171887293457985,-0.1955118477344513,0.9154987931251526,0.009976176545023918,0.07452503591775894,T,-0.01994934491813183,0.006113611161708832,-0.012047268450260162,0.5234643220901489,0.16041918098926544,0.31611642241477966,0.4670799970626831,0.27443671226501465,0.25848329067230225,True,True,True
valid,gR4gM_WXesQ$_$4,2,1.2304099798202515,1.2304099798202515,T,4.469106197357178,0.060571491718292236,0.27405673265457153,0.9303399324417114,0.012609249912202358,0.057050760835409164,T,0.4125998616218567,0.0058777909725904465,0.0023057949729263783,0.980551540851593,0.013968683779239655,0.005479766055941582,0.39521974325180054,0.31700846552848816,0.2877717912197113,True,True,True
valid,gR4gM_WXesQ$_$8,2,0.37145140767097473,0.37145140767097473,T,1.2777860164642334,0.013597319833934307,0.11668097972869873,0.9074770212173462,0.009656745940446854,0.08286622911691666,T,0.14057721197605133,-0.0014811165165156126,-0.02963244356215,0.8187813758850098,0.00862665195018053,0.1725919395685196,0.42054617404937744,0.29286664724349976,0.2865871787071228,True,True,True
valid,gVqs4TzqySw$_$1,2,0.08277919888496399,0.08277919888496399,A,-0.27867841720581055,0.378318727016449,0.06980611383914948,0.3834303319454193,0.520524263381958,0.09604540467262268,V,0.02643083781003952,0.028153296560049057,-0.04197615385055542,0.27372369170188904,0.29156187176704407,0.4347144663333893,0.46132364869117737,0.23062804341316223,0.3080483376979828,True,True,True
valid,gVqs4TzqySw$_$3,2,9.999999974752427e-07,-0.1612904965877533,T,-0.48580265045166016,0.27014657855033875,0.13760791718959808,0.5436726808547974,0.30232712626457214,0.15400011837482452,V,-0.01901211589574814,0.01854328066110611,-0.06833863258361816,0.17953906953334808,0.17511166632175446,0.6453492641448975,0.46099141240119934,0.2508806884288788,0.2881278991699219,True,True,True
valid,gVqs4TzqySw$_$2,2,0.20528796315193176,0.20528796315193176,A,-0.30770325660705566,0.30945247411727905,0.27360787987709045,0.345437616109848,0.34740132093429565,0.30716103315353394,T,0.052676841616630554,0.01937970519065857,-0.018512196838855743,0.5816227197647095,0.2139778584241867,0.20439940690994263,0.47657275199890137,0.2515926659107208,0.2718345522880554,True,True,True
valid,gVqs4TzqySw$_$4,1,0.0,-0.1451094150543213,T,1.1448031663894653,-0.3147640526294708,-0.1800885796546936,0.6981972455978394,0.1919695883989334,0.10983315855264664,V,-0.01743999868631363,0.007568945176899433,-0.05352860689163208,0.22205935418605804,0.09637358039617538,0.6815670132637024,0.4751617908477783,0.24223317205905914,0.28260502219200134,True,True,True
valid,goMtnNHQ_z4$_$1,1,0.0,0.26015785336494446,T,1.6763299703598022,-0.005681930109858513,-0.39624232053756714,0.8066048622131348,0.0027339919470250607,0.19066114723682404,V,0.01712782494723797,0.011847613379359245,0.04297012835741043,0.23806644976139069,0.16467468440532684,0.5972589254379272,0.48147913813591003,0.2975364327430725,0.22098441421985626,True,True,True
valid,goMtnNHQ_z4$_$2,2,1.6523196697235107,1.6523196697235107,T,7.113741874694824,0.11348263919353485,0.7833737134933472,0.8880412578582764,0.01416656281799078,0.09779216349124908,T,0.5489362478256226,-0.019425561651587486,0.07498776167631149,0.8532472252845764,0.030194411054253578,0.11655834317207336,0.43659108877182007,0.36475810408592224,0.1986508071422577,True,True,True
valid,goMtnNHQ_z4$_$13,2,1.5554943084716797,1.5554943084716797,T,6.2862229347229,0.1072043627500534,0.15368536114692688,0.9601519107818604,0.016374295577406883,0.02347376011312008,T,0.5347610712051392,0.015528393909335136,0.009002074599266052,0.9561401009559631,0.027764400467276573,0.016095494851469994,0.36951741576194763,0.31534430384635925,0.3151382505893707,True,True,True
valid,goMtnNHQ_z4$_$12,1,0.0,0.12076772749423981,T,3.6222448348999023,0.019944697618484497,-0.025489702820777893,0.9876121878623962,0.0054379613138735294,0.0069498177617788315,T,-0.03770611435174942,0.02702275663614273,0.03596894443035126,0.37444818019866943,0.26835495233535767,0.3571968674659729,0.5012142062187195,0.2793494164943695,0.2194363921880722,True,True,True
valid,hqzF4IDaIYE$_$0,0,-0.08783401548862457,-0.08783401548862457,T,-0.19800269603729248,0.033120326697826385,0.09100030362606049,0.614679753780365,0.10281877219676971,0.2825014293193817,T,-0.12421119958162308,0.04294935241341591,0.03698339685797691,0.6084490418434143,0.21038757264614105,0.18116332590579987,0.48655086755752563,0.24884185194969177,0.264607310295105,True,True,True
valid,hqzF4IDaIYE$_$3,2,0.6748592853546143,0.6748592853546143,T,3.819166421890259,0.35318535566329956,0.012067893519997597,0.9127111434936523,0.08440486341714859,0.002884006593376398,T,0.2116352617740631,0.04066501557826996,-0.038425203412771225,0.72795569896698,0.13987427949905396,0.13217006623744965,0.40869414806365967,0.2617648243904114,0.32954108715057373,True,True,True
valid,hqzF4IDaIYE$_$2,2,0.9696444272994995,0.9696444272994995,T,4.519044399261475,0.3955032527446747,0.020123187452554703,0.9157742857933044,0.08014785498380661,0.004077919293195009,T,0.2865793704986572,0.029605649411678314,0.004055722150951624,0.8948873281478882,0.09244810789823532,0.012664604000747204,0.4029361605644226,0.26095372438430786,0.3361101746559143,True,True,True
valid,hqzF4IDaIYE$_$4,2,0.3506980836391449,0.3506980836391449,A,-0.11895585060119629,0.27227216958999634,-0.004139072261750698,0.3008744418621063,0.6886566281318665,0.010468934662640095,T,0.051128096878528595,0.03476952761411667,0.016546541824936867,0.4990825653076172,0.3393997848033905,0.1615176647901535,0.4521751403808594,0.2468755692243576,0.3009493052959442,True,True,True
valid,hqzF4IDaIYE$_$6,0,-9.999999974752427e-07,0.018753834068775177,T,0.5126686096191406,0.014179959893226624,0.01934809982776642,0.9386154413223267,0.025961272418498993,0.03542332351207733,T,-0.15813064575195312,0.0829986035823822,0.06639130413532257,0.5142115950584412,0.26989609003067017,0.2158922404050827,0.5266237854957581,0.23586533963680267,0.23751094937324524,True,True,True
valid,hvfaYsv7p8E$_$0,0,-0.2701265513896942,-0.2701265513896942,T,1.0503342151641846,-0.022955885156989098,0.05686882138252258,0.9293686151504517,0.02031208574771881,0.05031931400299072,T,-0.1842142939567566,0.009453540667891502,0.06948195397853851,0.7000358700752258,0.03592456132173538,0.264039546251297,0.47341790795326233,0.2896403670310974,0.23694172501564026,True,True,True
valid,iUXqlrui25c$_$10,0,-0.6462925672531128,-0.6462925672531128,T,4.609011173248291,0.01165858842432499,0.0371001772582531,0.9895316958427429,0.002503040712326765,0.00796522293239832,T,-0.3095691204071045,0.018478767946362495,0.05723866820335388,0.8034775853157043,0.047961100935935974,0.1485612839460373,0.41485628485679626,0.2850935459136963,0.3000502288341522,True,True,True
valid,iUXqlrui25c$_$21,1,0.0,0.06540083140134811,T,1.0770502090454102,0.06355258077383041,-0.021666351705789566,0.9266787767410278,0.054679740220308304,0.01864142157137394,V,-0.01778990961611271,-0.01940058171749115,0.04400213807821274,0.21910744905471802,0.2389451116323471,0.5419474840164185,0.4391937255859375,0.2820364534854889,0.2787697911262512,True,True,True
valid,iUXqlrui25c$_$23,1,0.0,0.33015474677085876,T,0.822354793548584,-0.22457540035247803,-0.12706318497657776,0.7004765272140503,0.19129188358783722,0.10823160409927368,V,0.029421230778098106,0.026078669354319572,0.04000714048743248,0.30805301666259766,0.27305492758750916,0.4188920557498932,0.46237361431121826,0.2540227770805359,0.28360360860824585,True,True,True
valid,icbUzboLcDQ$_$0,2,0.9007749557495117,0.9007749557495117,T,3.823338031768799,0.4348143935203552,0.14596061408519745,0.8681288957595825,0.09872915595769882,0.033141884952783585,T,0.28533339500427246,0.028106408193707466,-0.018628347665071487,0.8592615127563477,0.08464047312736511,0.05609796196222305,0.4194882810115814,0.2562271058559418,0.3242846429347992,True,True,True
valid,ioupaiAuRr0$_$5,2,0.7428932785987854,0.7428932785987854,T,3.922274351119995,0.07176102697849274,-0.07037951052188873,0.9650280475616455,0.017655929550528526,0.017316024750471115,T,0.26535463333129883,-0.00342617928981781,-0.02403297834098339,0.9062231183052063,0.011700879782438278,0.08207597583532333,0.3844207525253296,0.29492875933647156,0.3206504285335541,True,True,True
valid,ioupaiAuRr0$_$4,2,0.24635691940784454,0.24635691940784454,T,0.3825981616973877,0.0014906711876392365,0.0009543970227241516,0.9936498999595642,0.0038714385591447353,0.0024786749854683876,T,0.08576671779155731,0.0030182083137333393,-0.021472686901688576,0.7778757214546204,0.0273741502314806,0.19475015997886658,0.42423325777053833,0.28023797273635864,0.29552873969078064,True,True,True
valid,jICmfLeFymA$_$16,2,1.7163923978805542,1.7163923978805542,T,7.557514190673828,0.8112795948982239,0.58286052942276,0.8442589044570923,0.09062901139259338,0.06511204689741135,T,0.5548866987228394,-0.0027161873877048492,0.0835222527384758,0.8654888868331909,0.004236594773828983,0.13027448952198029,0.45656150579452515,0.25304654240608215,0.2903919517993927,True,True,True
valid,jPrEKz1rAno$_$11,2,0.3603029251098633,0.3603029251098633,T,2.0164945125579834,-0.035706549882888794,0.1197441890835762,0.9284278154373169,0.0164398942142725,0.05513222888112068,T,0.14322635531425476,-0.017199788242578506,-0.020335184410214424,0.7923506498336792,0.09515193104743958,0.11249743402004242,0.40667030215263367,0.2998969852924347,0.29343274235725403,True,True,True
valid,jPrEKz1rAno$_$7,2,0.23788636922836304,0.23788636922836304,T,0.32553648948669434,0.30083900690078735,0.06466507911682129,0.47108158469200134,0.43534204363822937,0.09357638657093048,T,0.06354110687971115,0.02322639524936676,-0.02229730412364006,0.5825995802879333,0.21295958757400513,0.2044408768415451,0.4520052671432495,0.25030985474586487,0.29768481850624084,True,True,True
valid,jPrEKz1rAno$_$6,1,0.0,0.21147409081459045,T,1.1223087310791016,-0.29232487082481384,0.042686302214860916,0.770118236541748,0.20059072971343994,0.02929096110165119,T,0.054010793566703796,0.031235765665769577,-0.029630176723003387,0.4701630175113678,0.2719067931175232,0.2579301595687866,0.46970516443252563,0.23461449146270752,0.29568034410476685,True,True,True
valid,k5ZOshC2LP4$_$1,0,-9.999999974752427e-07,0.1561744213104248,T,0.9742711782455444,0.05261639878153801,0.050620704889297485,0.9041891098022461,0.048831552267074585,0.04697941616177559,T,-0.13473793864250183,0.06885626912117004,0.10299482941627502,0.43947410583496094,0.22458817064762115,0.3359377384185791,0.5529336929321289,0.29900088906288147,0.148065447807312,True,True,True
valid,kbGhEJ4W44o$_$0,0,-9.999999974752427e-07,0.027157410979270935,T,-0.3678688406944275,0.01863687112927437,0.027891457080841064,0.8877204060554504,0.044973451644182205,0.06730610132217407,T,-0.10624292492866516,0.038551975041627884,0.0617515966296196,0.514377772808075,0.186650350689888,0.29897192120552063,0.5094292759895325,0.27589672803878784,0.2146739959716797,True,True,True
valid,kfsO4c0Ekes$_$7,2,1.3963255882263184,1.3963255882263184,T,6.420721530914307,0.17721065878868103,-0.038579415529966354,0.9674843549728394,0.026702379807829857,0.005813207011669874,T,0.5531949996948242,-0.0103182103484869,-0.05363297834992409,0.8963759541511536,0.016719231382012367,0.08690481632947922,0.3684151768684387,0.3040072023868561,0.3275776505470276,True,True,True
valid,kvUb78Rdzdc$_$3,2,1.6289265155792236,1.6289265155792236,T,7.27009916305542,0.32956939935684204,-0.04067161679267883,0.9515412449836731,0.04313543438911438,0.005323273129761219,T,0.685490608215332,-0.018475797027349472,-0.07364137470722198,0.8815377950668335,0.023759789764881134,0.09470247477293015,0.363036185503006,0.2927793860435486,0.3441844582557678,True,True,True
valid,lO87-4Kf0cQ$_$2,1,0.0,0.15071526169776917,T,1.459478497505188,-0.1461566537618637,0.00111369788646698,0.9083426594734192,0.09096422046422958,0.0006931375246495008,T,0.040896158665418625,0.014461793005466461,-0.020069289952516556,0.5421934723854065,0.19173169136047363,0.2660748362541199,0.4570482671260834,0.2587774693965912,0.28417426347732544,True,True,True
valid,lO87-4Kf0cQ$_$5,1,0.0,0.15592822432518005,T,1.0763559341430664,-0.17369979619979858,-0.06036534905433655,0.821381688117981,0.13255265355110168,0.04606560990214348,T,0.03295618295669556,0.008071868680417538,-0.003997175022959709,0.7319492697715759,0.17927435040473938,0.08877633512020111,0.45575958490371704,0.26091983914375305,0.2833206355571747,True,True,True
valid,lWf5hHRHIDs$_$11,2,0.7572479248046875,0.7572479248046875,T,3.0585241317749023,-0.06780040264129639,0.5589115619659424,0.8299397826194763,0.018397845327854156,0.15166234970092773,T,0.1623002141714096,0.0012020699214190245,0.07949716597795486,0.6679036021232605,0.004946800880134106,0.32714954018592834,0.4477313458919525,0.3420946002006531,0.2101740539073944,True,True,True
valid,lawHYX5eB20$_$1,1,0.0,-0.10112327337265015,T,2.1709017753601074,-0.1318807750940323,0.14822539687156677,0.8857179880142212,0.05380675196647644,0.06047528609633446,V,-0.022390155121684074,0.012983155436813831,-0.039305612444877625,0.29981890320777893,0.17385299503803253,0.5263280272483826,0.45927977561950684,0.2527225911617279,0.28799763321876526,True,True,True
valid,lawHYX5eB20$_$2,2,0.5150386691093445,0.5150386691093445,T,3.5202038288116455,0.4995711147785187,-0.05134126543998718,0.8646778464317322,0.12271109968423843,0.012611103244125843,T,0.1627238690853119,0.03063295967876911,-0.03495221957564354,0.7127350568771362,0.1341732144355774,0.153091698884964,0.4262174665927887,0.23543179035186768,0.33835071325302124,True,True,True
valid,mHGaQ_nv9UY$_$13,2,0.39982402324676514,0.39982402324676514,T,1.7631765604019165,0.07329420000314713,-0.1547555923461914,0.8854727149009705,0.036808572709560394,0.07771873474121094,T,0.1622200310230255,-0.030521564185619354,-0.012618274427950382,0.789930522441864,0.14862476289272308,0.06144469231367111,0.408669650554657,0.2833462655544281,0.30798405408859253,True,True,True
valid,mHGaQ_nv9UY$_$14,1,0.0,0.009757844731211662,T,1.3850008249282837,-0.1067403182387352,0.10310596227645874,0.868422269821167,0.06692823767662048,0.06464943289756775,T,0.03177423030138016,-0.01933376118540764,-0.02417992427945137,0.4220362603664398,0.2567976713180542,0.321166068315506,0.4508460760116577,0.25926923751831055,0.28988465666770935,True,True,True
valid,mHGaQ_nv9UY$_$17,1,0.0,0.12422695755958557,T,2.567908763885498,-0.15307025611400604,0.06145806610584259,0.9228991270065308,0.0550130158662796,0.022087855264544487,T,0.010738009586930275,0.007474064826965332,0.008228519931435585,0.4061183035373688,0.2826738655567169,0.3112078309059143,0.4661673605442047,0.2513490915298462,0.2824835479259491,True,True,True
valid,mHGaQ_nv9UY$_$22,0,-0.4308152198791504,-0.4308152198791504,T,1.8232008218765259,-0.06285769492387772,-0.06069561466574669,0.9365336298942566,0.032288458198308945,0.031177852302789688,T,-0.13196218013763428,-0.007151314988732338,-0.020483214408159256,0.8268477320671082,0.044808659702539444,0.1283435821533203,0.4327193796634674,0.2710103690624237,0.2962702512741089,True,True,True
valid,mHGaQ_nv9UY$_$5,1,0.0,-0.08894822746515274,T,1.179471492767334,-0.028947293758392334,-0.13704724609851837,0.8766266703605652,0.02151469513773918,0.10185856372117996,T,-0.027370113879442215,-0.006449613720178604,-0.010830452665686607,0.6129899621009827,0.14444763958454132,0.24256233870983124,0.45198073983192444,0.28264862298965454,0.265370637178421,True,True,True
valid,mHGaQ_nv9UY$_$4,0,-0.9778035879135132,-0.9778035879135132,T,4.972508907318115,-0.001406567869707942,-0.0478065125644207,0.9901999235153198,0.00028009669040329754,0.009519943036139011,T,-0.35766837000846863,0.024859923869371414,-0.020456423982977867,0.8875481486320496,0.06168949231505394,0.05076228082180023,0.4205898642539978,0.2693091332912445,0.3101010322570801,True,True,True
valid,mLW-jn67gRE$_$20,2,1.044585943222046,1.044585943222046,T,5.432028293609619,0.3666187524795532,0.15448230504989624,0.9124660491943359,0.06158420816063881,0.025949764996767044,T,0.3703991770744324,-0.0011431892635300756,-0.02085942216217518,0.9439283609390259,0.0029133132193237543,0.05315832793712616,0.3985714614391327,0.27660080790519714,0.32482773065567017,True,True,True
valid,mLW-jn67gRE$_$17,1,0.0,0.11867594718933105,T,2.2417654991149902,-0.21826086938381195,-0.1619204878807068,0.855000376701355,0.08324381709098816,0.06175582483410835,A,-0.005766098387539387,0.032564252614974976,-0.0022109407000243664,0.14222779870033264,0.8032366633415222,0.054535526782274246,0.4792892634868622,0.24773947894573212,0.2729712426662445,True,True,True
valid,mLW-jn67gRE$_$1,0,-0.2820669114589691,-0.2820669114589691,T,0.06434011459350586,-0.021726226434111595,-0.013657823204994202,0.6451807618141174,0.21786320209503174,0.13695600628852844,T,-0.12573976814746857,-0.004654292948544025,0.021101154386997223,0.8299916386604309,0.030722375959157944,0.13928593695163727,0.4610154926776886,0.2812342345714569,0.2577502131462097,True,True,True
valid,mLW-jn67gRE$_$3,1,0.0,0.1496131420135498,T,1.6851749420166016,-0.18400028347969055,-0.1760960817337036,0.8239370584487915,0.08996374905109406,0.08609912544488907,T,0.02483522705733776,0.017129898071289062,-0.007044755853712559,0.5067391991615295,0.349519282579422,0.14374153316020966,0.4737471640110016,0.25684404373168945,0.26940882205963135,True,True,True
valid,mLW-jn67gRE$_$5,2,0.24956050515174866,0.24956050515174866,V,0.0781017541885376,0.13628815114498138,0.2449890375137329,0.17001596093177795,0.29667913913726807,0.5333048701286316,T,0.07366330921649933,-0.0012459461577236652,-0.0040299175307154655,0.9331654906272888,0.015783624723553658,0.05105092376470566,0.45160406827926636,0.2804562747478485,0.2679397165775299,True,True,True
valid,mLW-jn67gRE$_$6,0,-0.5046721696853638,-0.5046721696853638,T,2.305738687515259,-0.009065812453627586,0.05510379746556282,0.9729231595993042,0.003825385356321931,0.023251445963978767,T,-0.20895865559577942,0.023971743881702423,0.000156378373503685,0.8964844346046448,0.1028447225689888,0.0006709019653499126,0.4443188011646271,0.2646321952342987,0.29104894399642944,True,True,True
valid,mLW-jn67gRE$_$9,1,0.0,0.050603099167346954,T,2.2212369441986084,-0.22801262140274048,-0.13184519112110138,0.8605793714523315,0.08833950012922287,0.05108111351728439,A,-0.01949499361217022,0.03860136494040489,-0.01722915656864643,0.25880998373031616,0.5124607086181641,0.22872936725616455,0.47632351517677307,0.2418641597032547,0.28181231021881104,True,True,True
valid,mjpCK2Edsv8$_$0,2,2.008654832839966,2.008654832839966,T,7.8869805335998535,0.47364503145217896,0.260151207447052,0.9148805737495422,0.05494227260351181,0.03017723746597767,T,0.7919641733169556,-0.01469008345156908,0.017663700506091118,0.9607508182525635,0.017820894718170166,0.021428260952234268,0.3868259787559509,0.2926991879940033,0.3204748332500458,True,True,True
valid,nUZYqTRSGDw$_$4,0,-1.0356708765029907,-1.0356708765029907,T,6.591670989990234,0.0004922300577163696,0.013079717755317688,0.9979453086853027,7.452111458405852e-05,0.001980202505365014,T,-0.47761666774749756,0.03185241296887398,0.07076118141412735,0.8231501579284668,0.05489615723490715,0.12195361405611038,0.4456174671649933,0.288690984249115,0.2656915783882141,True,True,True
valid,nyzIL6YAonY$_$5,2,0.678861141204834,0.678861141204834,T,3.190657138824463,-0.03414146229624748,-0.04067010432481766,0.977090060710907,0.010455301962792873,0.012454599142074585,T,0.20741364359855652,0.00030140677699819207,0.007565510459244251,0.9634573459625244,0.0014000650262460113,0.03514256328344345,0.3901497423648834,0.3053046762943268,0.3045455515384674,True,True,True
valid,nyzIL6YAonY$_$6,2,0.8668271899223328,0.8668271899223328,T,3.841754198074341,0.07570067793130875,0.22611036896705627,0.9271615147590637,0.018269455060362816,0.05456903949379921,T,0.24605344235897064,0.00808492861688137,0.028281493112444878,0.871232807636261,0.028627337887883186,0.10013988614082336,0.4043414890766144,0.3127640187740326,0.2828945219516754,True,True,True
valid,ooAF6I-fmTg$_$3,1,0.0,-0.12085340917110443,T,2.643059730529785,-0.06214917451143265,-0.21473243832588196,0.9051756262779236,0.02128439024090767,0.07353997975587845,T,-0.02699129655957222,-0.0018567423103377223,-0.026450328528881073,0.4881029725074768,0.03357680141925812,0.47832027077674866,0.4747356176376343,0.2759508490562439,0.2493135929107666,True,True,True
valid,ooAF6I-fmTg$_$5,2,9.999999974752427e-07,-0.1659919172525406,T,-0.5136151909828186,0.01702820509672165,0.050149716436862946,0.884334146976471,0.029318880289793015,0.08634694665670395,T,-0.03442135825753212,-0.005387883633375168,-0.03057004325091839,0.4890836477279663,0.07655496150255203,0.43436136841773987,0.4323006868362427,0.2802565097808838,0.28744280338287354,True,True,True
valid,ooAF6I-fmTg$_$7,0,-1.6712737083435059,-1.6712737083435059,T,7.362828254699707,0.01885979063808918,0.09926929324865341,0.9842093586921692,0.0025210396852344275,0.013269597664475441,T,-0.6621628999710083,0.026829242706298828,-0.008263950236141682,0.949669599533081,0.038478318601846695,0.011852102354168892,0.4176543056964874,0.3027399182319641,0.27960583567619324,True,True,True
valid,pOrk7fl1AYo$_$1,1,0.0,-0.08223523944616318,T,1.7523642778396606,-0.02744763344526291,-0.07869253307580948,0.9428895115852356,0.01476866751909256,0.04234185814857483,T,-0.09111887216567993,0.05211085081100464,-0.003402679692953825,0.6214101910591125,0.35538429021835327,0.023205509409308434,0.48433318734169006,0.23768101632595062,0.2779858112335205,True,True,True
valid,pOrk7fl1AYo$_$3,2,0.7985435128211975,0.7985435128211975,T,3.5885396003723145,0.2776482105255127,0.1788836121559143,0.8871387243270874,0.0686386376619339,0.04422260820865631,T,0.23387950658798218,0.019613195210695267,0.0042644646018743515,0.9073636531829834,0.07609175145626068,0.016544504091143608,0.41473451256752014,0.27976056933403015,0.3055049479007721,True,True,True
valid,pOrk7fl1AYo$_$2,1,0.0,-0.23044201731681824,T,0.8975299000740051,-0.02904324233531952,-0.058477602899074554,0.9111509323120117,0.029484005644917488,0.05936506763100624,T,-0.13386188447475433,0.037288494408130646,0.004615687299519777,0.7615911364555359,0.21214841306209564,0.02626039832830429,0.47755753993988037,0.26392826437950134,0.2585142254829407,True,True,True
valid,pOrk7fl1AYo$_$4,0,-0.5445001125335693,-0.5445001125335693,T,3.6462647914886475,0.0012436900287866592,0.015028225257992744,0.9955572485923767,0.0003395706880837679,0.004103228449821472,T,-0.26490330696105957,0.042703356593847275,0.023674486204981804,0.7996329069137573,0.12890367209911346,0.07146342843770981,0.4164585471153259,0.27718067169189453,0.30636081099510193,True,True,True
valid,q9yDL81QppI$_$1,2,0.3190688490867615,0.3190688490867615,T,0.8199812173843384,-0.02534513920545578,-0.21457600593566895,0.7736384272575378,0.023912709206342697,0.20244883000850677,T,0.1293964385986328,-0.013613414019346237,-0.02401505410671234,0.774713397026062,0.08150529116392136,0.14378127455711365,0.4190502166748047,0.28540995717048645,0.29553982615470886,True,True,True
valid,q9yDL81QppI$_$0,1,0.0,0.16264604032039642,T,1.2334505319595337,-0.13064946234226227,0.06298988312482834,0.8643117547035217,0.0915495753288269,0.044138696044683456,T,0.05915258452296257,0.009974140673875809,-0.029850251972675323,0.5976398587226868,0.10077232867479324,0.3015878200531006,0.4554295539855957,0.26168298721313477,0.28288745880126953,True,True,True
valid,q9yDL81QppI$_$2,1,0.0,0.3150290846824646,T,0.7111459970474243,-0.06824256479740143,0.22183136641979218,0.7102795243263245,0.06815941631793976,0.22156108915805817,T,0.0967874750494957,0.011785241775214672,-0.018166566267609596,0.7636738419532776,0.09298807382583618,0.14333808422088623,0.4431845247745514,0.26954832673072815,0.28726717829704285,True,True,True
valid,qK77ZmbqmOM$_$9,1,0.0,-0.21149732172489166,T,2.0643696784973145,0.0634387731552124,-0.14006935060024261,0.9102649688720703,0.027972746640443802,0.06176229938864708,T,-0.06623305380344391,-0.015422643162310123,-0.003952645231038332,0.773675262928009,0.1801535040140152,0.04617126286029816,0.46284008026123047,0.282501757144928,0.25465816259384155,True,True,True
valid,qK77ZmbqmOM$_$0,1,0.0,0.2377336323261261,T,1.3892489671707153,-0.0162957776337862,-0.24021762609481812,0.8441370129585266,0.00990165863186121,0.14596129953861237,T,0.05556706339120865,0.017499200999736786,-0.008647305890917778,0.6800224781036377,0.21415293216705322,0.10582459717988968,0.45869964361190796,0.2822747528553009,0.25902557373046875,True,True,True
valid,qY1sXq-YCHs$_$8,1,0.0,0.05506792664527893,T,2.3889591693878174,0.053520314395427704,-0.043590202927589417,0.9609381556510925,0.021528083831071854,0.01753378100693226,T,-0.056122034788131714,0.02035326510667801,0.03913471847772598,0.4854426681995392,0.1760510504245758,0.338506281375885,0.49098941683769226,0.28542062640190125,0.2235899120569229,True,True,True
valid,qmMSumMloAs$_$1,2,1.7086808681488037,1.7086808681488037,T,7.344751834869385,0.07540947943925858,0.20921450853347778,0.9626936316490173,0.009884095750749111,0.027422230690717697,T,0.7330372333526611,-0.017592916265130043,-0.08356469124555588,0.8787362575531006,0.021089697256684303,0.10017406940460205,0.35420453548431396,0.3297499716281891,0.31604549288749695,True,True,True
valid,qmMSumMloAs$_$3,2,1.4577316045761108,1.4577316045761108,T,6.83662223815918,-0.06392224133014679,0.18981194496154785,0.9642141461372375,0.00901537761092186,0.02677043527364731,T,0.6204074621200562,-0.022842522710561752,-0.08186409622430801,0.8555997610092163,0.03150197118520737,0.11289822310209274,0.355824738740921,0.33110904693603516,0.3130662143230438,True,True,True
valid,qmMSumMloAs$_$2,2,1.9711968898773193,1.9711968898773193,T,7.382664680480957,-0.0845244973897934,0.17973566055297852,0.9654422998428345,0.011053397320210934,0.023504305630922318,T,0.8760313391685486,-0.014194482937455177,-0.08919668197631836,0.8944365978240967,0.014492706395685673,0.09107068926095963,0.346197247505188,0.3349820673465729,0.31882062554359436,True,True,True
valid,r13W4H8ZhqI$_$12,1,0.0,0.0661187469959259,T,2.820858955383301,0.0010380297899246216,-0.02024887502193451,0.9925102591514587,0.0003652274899650365,0.007124502211809158,A,-0.023090098053216934,0.032438937574625015,-0.002297768834978342,0.39929747581481934,0.5609671473503113,0.03973535820841789,0.4914315640926361,0.2384277880191803,0.2701405882835388,True,True,True
valid,r13W4H8ZhqI$_$1,2,0.23478370904922485,0.23478370904922485,T,-0.5268921852111816,0.2555983364582062,0.25494083762168884,0.5078814625740051,0.2463761419057846,0.24574236571788788,T,0.0320655032992363,0.023523233830928802,0.007840779609978199,0.5055296421051025,0.37085625529289246,0.12361405044794083,0.47774451971054077,0.2562413811683655,0.26601409912109375,True,True,True
valid,r13W4H8ZhqI$_$5,2,0.07968582212924957,0.07968582212924957,T,-0.6233959197998047,0.012713784351944923,0.21558697521686554,0.7319459319114685,0.014927596785128117,0.25312647223472595,A,0.03551521152257919,-0.035802893340587616,0.011863789521157742,0.42695844173431396,0.43041691184043884,0.1426246613264084,0.4513649046421051,0.2917690873146057,0.2568660080432892,True,True,True
valid,r13W4H8ZhqI$_$8,2,0.24975058436393738,0.24975058436393738,V,-0.09630477428436279,0.06567157804965973,0.1289622038602829,0.33101412653923035,0.22572319209575653,0.44326266646385193,T,0.06474310159683228,0.015605469234287739,-0.01189734973013401,0.7018532752990723,0.16917245090007782,0.12897425889968872,0.4367564022541046,0.2827967405319214,0.280446857213974,True,True,True
valid,r5ijC2W9ddk$_$8,2,0.315127432346344,0.315127432346344,V,-0.39630717039108276,0.15488681197166443,0.7736916542053223,0.2991255819797516,0.11690580099821091,0.5839686393737793,V,0.014054515399038792,0.02079096809029579,0.0555938184261322,0.15540273487567902,0.22988863289356232,0.6147086024284363,0.5571021437644958,0.33764004707336426,0.1052577942609787,True,True,True
valid,r5ijC2W9ddk$_$0,1,0.0,-0.19346725940704346,T,1.2966145277023315,0.016855325549840927,-0.022267058491706848,0.9707109332084656,0.012618745677173138,0.016670241951942444,T,-0.1317940354347229,0.03175787255167961,0.020465364679694176,0.7162047028541565,0.17258092761039734,0.11121436953544617,0.5070727467536926,0.27317699790000916,0.21975024044513702,True,True,True
valid,r9tgDqXEcuc$_$4,1,0.0,0.15200836956501007,T,1.1955775022506714,-0.11737143993377686,-0.1837109476327896,0.7988304495811462,0.07842225581407547,0.12274729460477829,A,0.0017691263929009438,0.019997108727693558,0.013954561203718185,0.04952651262283325,0.5598170161247253,0.3906565010547638,0.4608575403690338,0.2717832624912262,0.2673592269420624,True,True,True
valid,rf0yDSeVEUA$_$1,2,1.739092469215393,1.739092469215393,T,7.602760314941406,0.374960333108902,0.6106672286987305,0.8852370977401733,0.04365898668766022,0.07110381871461868,T,0.576928436756134,0.01753515750169754,0.05255134403705597,0.89167720079422,0.027101628482341766,0.08122122287750244,0.4234008491039276,0.3175126314163208,0.259086549282074,True,True,True
valid,rf0yDSeVEUA$_$0,2,1.9624872207641602,1.9624872207641602,T,7.644411087036133,0.23062121868133545,0.5276548266410828,0.9097579121589661,0.02744612656533718,0.0627959594130516,T,0.7191008925437927,0.0033956714905798435,0.045051902532577515,0.9368801116943359,0.004424048587679863,0.05869584158062935,0.4041801393032074,0.3313398063182831,0.26448002457618713,True,True,True
valid,rf0yDSeVEUA$_$3,2,0.9202461242675781,0.9202461242675781,T,4.629666328430176,0.3495047092437744,0.5889337062835693,0.8314617872238159,0.06276906281709671,0.10576914995908737,T,0.21929356455802917,0.024006009101867676,0.058660805225372314,0.7262328863143921,0.07950052618980408,0.19426655769348145,0.4566277861595154,0.30360037088394165,0.23977190256118774,True,True,True
valid,rojyUp4FPSg$_$26,2,0.66694176197052,0.66694176197052,T,2.6551401615142822,0.10731129348278046,0.13037364184856415,0.9178363680839539,0.03709567338228226,0.0450679287314415,T,0.15185263752937317,0.012674376368522644,0.04656991362571716,0.719350278377533,0.06004055216908455,0.2206091433763504,0.4115135073661804,0.29448220133781433,0.29400429129600525,True,True,True
valid,rojyUp4FPSg$_$20,2,0.3172011971473694,0.3172011971473694,V,-0.22327792644500732,0.09604712575674057,0.23771913349628448,0.40082621574401855,0.17242281138896942,0.42675092816352844,V,0.03496166691184044,0.014111028984189034,0.042065635323524475,0.3836109936237335,0.15483088791370392,0.46155810356140137,0.45014262199401855,0.28281867504119873,0.2670387327671051,True,True,True
valid,rojyUp4FPSg$_$21,2,1.43641996383667,1.43641996383667,T,5.1991095542907715,0.2043406218290329,0.22129400074481964,0.9243282079696655,0.03632887452840805,0.03934294730424881,T,0.43699905276298523,0.03792770206928253,0.03151606768369675,0.8628793358802795,0.0748903900384903,0.06223025545477867,0.39265429973602295,0.3019773066043854,0.3053683936595917,True,True,True
valid,rojyUp4FPSg$_$23,2,1.48136305809021,1.48136305809021,T,5.528072357177734,0.1148022711277008,0.08273794502019882,0.9654988646507263,0.02005065232515335,0.014450496062636375,T,0.47188258171081543,0.008310874924063683,0.04587153345346451,0.8970043659210205,0.015798190608620644,0.08719746768474579,0.3741553723812103,0.31194210052490234,0.31390252709388733,True,True,True
valid,rojyUp4FPSg$_$5,2,0.44165468215942383,0.44165468215942383,T,0.31124258041381836,0.07616416364908218,0.0905676931142807,0.6511699557304382,0.1593477874994278,0.18948230147361755,T,0.07439446449279785,0.022007692605257034,0.03690159320831299,0.5580823421478271,0.16509433090686798,0.27682337164878845,0.43817296624183655,0.2794274389743805,0.2823995351791382,True,True,True
valid,rojyUp4FPSg$_$7,2,1.255138874053955,1.255138874053955,T,5.391685962677002,0.11085762083530426,0.08158071339130402,0.9655383229255676,0.019852284342050552,0.014609402045607567,T,0.44209665060043335,-0.030197080224752426,0.018834538757801056,0.9001653790473938,0.06148511916399002,0.03834953159093857,0.37442103028297424,0.3111727833747864,0.31440621614456177,True,True,True
valid,rojyUp4FPSg$_$9,0,-0.30743157863616943,-0.30743157863616943,T,2.329220771789551,0.009201772511005402,0.020422115921974182,0.9874413013458252,0.0039009656757116318,0.008657677099108696,T,-0.18627984821796417,0.01359866838902235,0.05485090613365173,0.7312851548194885,0.05338475853204727,0.2153300791978836,0.44156208634376526,0.290427565574646,0.26801034808158875,True,True,True
valid,rojyUp4FPSg$_$10,2,1.59505033493042,1.59505033493042,T,5.350211143493652,0.12164925783872604,0.18748292326927185,0.9453766942024231,0.02149529568850994,0.0331280343234539,T,0.5133180022239685,0.02466941624879837,0.0395096018910408,0.8888669610023499,0.0427178256213665,0.06841524690389633,0.3816888928413391,0.3104783892631531,0.3078327476978302,True,True,True
valid,rojyUp4FPSg$_$12,2,0.6401367783546448,0.6401367783546448,T,1.3228024244308472,0.11430568993091583,-0.0002262890338897705,0.9203163981437683,0.07952616363763809,0.00015743658877909184,T,0.13770286738872528,0.008191024884581566,0.05582282319664955,0.6826547384262085,0.040606576949357986,0.2767387330532074,0.4174378216266632,0.2841801047325134,0.298382043838501,True,True,True
valid,rojyUp4FPSg$_$16,2,0.6051509976387024,0.6051509976387024,T,1.860597848892212,0.06245563551783562,0.13170957565307617,0.9055048227310181,0.030395541340112686,0.06409963965415955,T,0.14072254300117493,-0.01636442169547081,0.0651715099811554,0.6331481337547302,0.07362788170576096,0.29322394728660583,0.41266393661499023,0.2989586293697357,0.28837743401527405,True,True,True
valid,rojyUp4FPSg$_$18,2,0.41135919094085693,0.41135919094085693,V,0.0879209041595459,0.07510066032409668,0.1819165050983429,0.25488895177841187,0.21772216260433197,0.527388870716095,T,0.05726215988397598,0.014949795790016651,0.05078485980629921,0.4655580520629883,0.1215461939573288,0.41289570927619934,0.44468116760253906,0.28335610032081604,0.2719627618789673,True,True,True
valid,rojyUp4FPSg$_$37,2,0.4992378354072571,0.4992378354072571,T,0.573829174041748,0.12063784897327423,0.07256235927343369,0.7481189370155334,0.15727931261062622,0.09460180252790451,T,0.08156411349773407,0.02434151992201805,0.047077078372240067,0.5331590175628662,0.15911288559436798,0.3077280819416046,0.43411141633987427,0.275504469871521,0.2903841435909271,True,True,True
valid,rojyUp4FPSg$_$36,2,1.421732783317566,1.421732783317566,T,4.249014854431152,0.09207896888256073,0.09417326003313065,0.9580064415931702,0.020760634914040565,0.02123282477259636,T,0.43902868032455444,0.025790005922317505,0.035291336476802826,0.8778641819953918,0.051568664610385895,0.07056714594364166,0.38191744685173035,0.3060888350009918,0.31199371814727783,True,True,True
valid,rojyUp4FPSg$_$34,2,0.9296906590461731,0.9296906590461731,T,3.985295057296753,0.10606926679611206,0.09754957258701324,0.9513910412788391,0.02532142400741577,0.023287557065486908,T,0.2599145472049713,-0.0008658495498821139,0.04639057070016861,0.8461560010910034,0.0028187872376292944,0.15102525055408478,0.3940850794315338,0.29797330498695374,0.30794161558151245,True,True,True
valid,rojyUp4FPSg$_$32,2,1.8968900442123413,1.8968900442123413,T,6.019331455230713,0.24311240017414093,0.011942587792873383,0.9593498110771179,0.038746800273656845,0.0019033873686566949,T,0.6880154609680176,0.004270905163139105,0.03795498237013817,0.9421754479408264,0.005848621483892202,0.05197594314813614,0.37255972623825073,0.29369232058525085,0.3337479531764984,True,True,True
valid,rwNlqh0k1j4$_$15,2,0.92026287317276,0.92026287317276,T,4.0290632247924805,0.156754732131958,0.24109813570976257,0.9101287722587585,0.03540946915745735,0.054461877793073654,T,0.2839986979961395,0.0328734815120697,-0.014905646443367004,0.8559906482696533,0.0990828201174736,0.04492659121751785,0.4035967290401459,0.29755833745002747,0.2988449037075043,True,True,True
valid,rwNlqh0k1j4$_$3,0,-1.550586223602295,-1.550586223602295,T,6.310503959655762,-0.0481330044567585,0.23317384719848633,0.9573248028755188,0.0073019396513700485,0.0353732630610466,T,-0.6549054384231567,0.052440010011196136,0.01542486809194088,0.906104564666748,0.07255418598651886,0.021341314539313316,0.4188310205936432,0.29090407490730286,0.29026493430137634,True,True,True
valid,rwNlqh0k1j4$_$2,1,0.0,0.2103995978832245,T,0.9437463879585266,-0.11858327686786652,-0.24940598011016846,0.7194638848304749,0.09040181338787079,0.19013433158397675,A,0.029706675559282303,0.035826362669467926,-0.010276604443788528,0.3918587863445282,0.47258317470550537,0.13555800914764404,0.4636336863040924,0.2698795795440674,0.2664867043495178,True,True,True
valid,rwNlqh0k1j4$_$7,0,-0.2945100963115692,-0.2945100963115692,T,0.7041380405426025,0.01664937660098076,0.25477057695388794,0.7217798233032227,0.01706651598215103,0.2611536979675293,T,-0.17256274819374084,0.0486244335770607,0.010459006763994694,0.7449410557746887,0.20990820229053497,0.04515078291296959,0.47753670811653137,0.2604909837245941,0.2619723081588745,True,True,True
valid,sC16n1k66io$_$2,2,1.1642630100250244,1.1642630100250244,T,5.023162841796875,0.00837430264800787,0.2820128798484802,0.9453496932983398,0.0015760278329253197,0.05307428911328316,T,0.41485676169395447,-0.02163509465754032,0.0013328776694834232,0.9475407600402832,0.04941496625542641,0.0030443179421126842,0.38634809851646423,0.32447144389152527,0.2891804873943329,True,True,True
valid,sC16n1k66io$_$16,2,0.9259567260742188,0.9259567260742188,T,4.274446964263916,-0.1093650609254837,0.1935214102268219,0.9338290691375732,0.02389274537563324,0.04227819666266441,T,0.3706609010696411,-0.05624362453818321,-0.010354234836995602,0.8476923704147339,0.12862779200077057,0.023679880425333977,0.38260239362716675,0.3241349458694458,0.29326269030570984,True,True,True
valid,sPremsknoLM$_$1,0,-0.08093094825744629,-0.08093094825744629,T,-0.35632413625717163,0.05577060580253601,0.0,0.8646655678749084,0.13533443212509155,0.0,T,-0.07090374082326889,0.028928127139806747,0.0,0.7102315425872803,0.2897684872150421,0.0,0.6459270119667053,0.35407301783561707,0.0,True,True,False
valid,ssqiwP19JhM$_$10,1,0.0,-0.14469093084335327,T,1.4246680736541748,0.02576456591486931,0.05566779524087906,0.9459316730499268,0.017106804996728897,0.036961544305086136,T,-0.11366771906614304,0.012057933025062084,0.0383499339222908,0.6927765607833862,0.07349011301994324,0.23373334109783173,0.47511500120162964,0.26582223176956177,0.2590627670288086,True,True,True
valid,ssqiwP19JhM$_$2,1,0.0,0.06617160886526108,T,3.5783603191375732,0.04862512648105621,0.03231322765350342,0.9778813719749451,0.013288099318742752,0.00883044209331274,T,-0.06698465347290039,0.019229819998145103,0.05482352524995804,0.4749404788017273,0.13634495437145233,0.3887145519256592,0.4998786151409149,0.27711257338523865,0.22300876677036285,True,True,True
valid,szic2IB9HB4$_$5,0,-0.470161110162735,-0.470161110162735,T,1.2544562816619873,0.01593325100839138,0.13851460814476013,0.8903772830963135,0.011308967135846615,0.09831371903419495,T,-0.21397486329078674,0.024562951177358627,0.016397133469581604,0.8393311500549316,0.09634987264871597,0.06431888788938522,0.4662958085536957,0.2743246853351593,0.259379506111145,True,True,True
valid,tQ-CIfgj-Js$_$3,1,0.0,-0.26610633730888367,T,1.5332720279693604,0.03270784765481949,0.0,0.9791135191917419,0.020886506885290146,0.0,T,-0.10667940974235535,0.002751467749476433,0.0,0.9748565554618835,0.02514343149960041,0.0,0.6243574023246765,0.37564265727996826,0.0,True,True,False
valid,tXQpm-nKxNA$_$5,2,1.6283172369003296,1.6283172369003296,T,6.459244251251221,0.09137141704559326,0.6116272807121277,0.9018465876579285,0.012757374905049801,0.08539605140686035,T,0.539291262626648,-0.019253898411989212,0.07304812967777252,0.853858470916748,0.030484646558761597,0.11565691232681274,0.41518262028694153,0.35024717450141907,0.2345702052116394,True,True,True
valid,tXQpm-nKxNA$_$7,2,1.4133515357971191,1.4133515357971191,T,6.153165817260742,0.252905011177063,0.6957188844680786,0.8664246797561646,0.03561144694685936,0.09796388447284698,T,0.40694621205329895,0.016792401671409607,0.0727744996547699,0.819608211517334,0.03382066264748573,0.14657115936279297,0.4424157440662384,0.3321199119091034,0.22546440362930298,True,True,True
valid,uacdDoBtT1k$_$0,0,-0.7783486247062683,-0.7783486247062683,T,2.7281627655029297,-0.03437235951423645,-0.07183456420898438,0.9625289440155029,0.012126985006034374,0.025344105437397957,T,-0.29113513231277466,0.004799705930054188,0.0058252159506082535,0.9647901654243469,0.015905704349279404,0.01930413208901882,0.4145663380622864,0.28705596923828125,0.2983776032924652,True,True,True
valid,uacdDoBtT1k$_$6,0,-0.40684711933135986,-0.40684711933135986,T,1.154286503791809,-0.05841945856809616,-0.09331241995096207,0.8838210701942444,0.044730961322784424,0.07144801318645477,T,-0.1681073009967804,0.007537534926086664,0.009121299721300602,0.9098383188247681,0.04079500213265419,0.04936673119664192,0.42640113830566406,0.28287777304649353,0.2907210886478424,True,True,True
valid,unNY4zIk8MM$_$1,2,2.047974109649658,2.047974109649658,T,7.676748275756836,0.29145362973213196,0.44293761253356934,0.9126882553100586,0.03465091064572334,0.05266083404421806,T,0.8159551620483398,0.011268047615885735,-0.008140183985233307,0.9767667055130005,0.013488797470927238,0.009744483046233654,0.3808014690876007,0.31377261877059937,0.3054259121417999,True,True,True
valid,unNY4zIk8MM$_$3,2,0.3494783937931061,0.3494783937931061,T,2.569955348968506,0.1283140927553177,0.01381110679358244,0.9475955367088318,0.04731205105781555,0.005092439707368612,T,0.1747407466173172,-0.011927583254873753,-0.06078115478157997,0.7061673402786255,0.048202093690633774,0.24563054740428925,0.4027423560619354,0.28770530223846436,0.30955228209495544,True,True,True
valid,unNY4zIk8MM$_$5,2,1.0868549346923828,1.0868549346923828,T,4.849933624267578,0.03143908083438873,0.39465588331222534,0.9192394614219666,0.005958853289484978,0.07480169832706451,T,0.32491305470466614,0.004095554817467928,0.035512905567884445,0.8913412690162659,0.011235427111387253,0.09742335230112076,0.4047260582447052,0.32745808362960815,0.26781585812568665,True,True,True
valid,unNY4zIk8MM$_$8,1,0.0,-0.010613965801894665,T,3.3500683307647705,-0.06524181365966797,-0.22387194633483887,0.9205552935600281,0.01792760379612446,0.061517104506492615,T,-0.032530926167964935,-0.0029479453805834055,0.01694878190755844,0.6204917430877686,0.05622882395982742,0.3232794404029846,0.4790581464767456,0.26927289366722107,0.25166893005371094,True,True,True
valid,uooIiW6dEyg$_$1,0,-1.4210784435272217,-1.4210784435272217,T,6.117819309234619,0.0339803621172905,0.0359230637550354,0.9887028932571411,0.00549157802015543,0.005805538967251778,T,-0.6398285627365112,0.06596904993057251,0.044046610593795776,0.8532820343971252,0.08797700703144073,0.058741018176078796,0.43136605620384216,0.2558709681034088,0.312762975692749,True,True,True
valid,uooIiW6dEyg$_$5,2,0.8895519375801086,0.8895519375801086,T,2.969744920730591,0.24117451906204224,0.05494634434580803,0.9093285202980042,0.07384704053401947,0.01682443358004093,T,0.2382410168647766,0.02052009105682373,0.0319436676800251,0.8195290565490723,0.0705873891711235,0.10988353192806244,0.41326650977134705,0.2754674255847931,0.31126606464385986,True,True,True
valid,v2Rr-EsJda8$_$0,0,-0.503768265247345,-0.503768265247345,T,4.111383438110352,-0.03924147039651871,0.18351688981056213,0.9486038088798523,0.009054034948348999,0.04234215244650841,T,-0.23329634964466095,0.054655492305755615,-0.005879578180611134,0.7939803004264832,0.1860097050666809,0.02001003921031952,0.43806391954421997,0.2537970244884491,0.30813905596733093,True,True,True
valid,v2Rr-EsJda8$_$6,2,0.462186336517334,0.462186336517334,T,2.3461661338806152,0.09817121922969818,0.033479657024145126,0.9468681812286377,0.039620041847229004,0.01351175457239151,T,0.12586386501789093,0.03385135158896446,-0.019408628344535828,0.7026638984680176,0.18898293375968933,0.10835312306880951,0.40513327717781067,0.2882440984249115,0.3066226840019226,True,True,True
valid,v9gjg7TDlTA$_$0,0,-1.0100452899932861,-1.0100452899932861,T,4.480655193328857,0.05484551191329956,0.18807697296142578,0.9485723972320557,0.011611010879278183,0.039816636592149734,T,-0.3502132296562195,0.02285446599125862,-0.037978723645210266,0.8520040512084961,0.055600691586732864,0.09239520877599716,0.42455482482910156,0.26875224709510803,0.3066929578781128,True,True,True
valid,v9gjg7TDlTA$_$4,1,0.0,-0.08421307057142258,T,1.8087090253829956,-0.31809890270233154,0.14024734497070312,0.7978230714797974,0.14031369984149933,0.06186322122812271,V,-0.024867381900548935,0.021083787083625793,-0.039286889135837555,0.29174038767814636,0.24735181033611298,0.46090784668922424,0.4730517268180847,0.2253943830728531,0.3015539050102234,True,True,True
valid,vHzbn_YW76s$_$3,1,0.0,-0.24625812470912933,T,1.1843231916427612,0.051239002496004105,-0.029537150636315346,0.936150312423706,0.04050195589661598,0.02334769070148468,T,-0.08125167340040207,0.004007647279649973,-0.020019210875034332,0.7717782258987427,0.03806709125638008,0.19015473127365112,0.4369538128376007,0.27609506249427795,0.2869511544704437,True,True,True
valid,vU0a4F36Ksw$_$13,2,0.6254979372024536,0.6254979372024536,T,0.5581989288330078,0.08850019425153732,0.37969911098480225,0.5438424944877625,0.0862240344285965,0.369933545589447,T,0.09529301524162292,0.015808753669261932,0.0855080857872963,0.48468077182769775,0.08040671795606613,0.4349125027656555,0.46176472306251526,0.3014778792858124,0.23675735294818878,True,True,True
valid,vU0a4F36Ksw$_$12,2,0.8967522382736206,0.8967522382736206,T,3.1174373626708984,0.34987586736679077,0.4269389510154724,0.8005226850509644,0.08984416723251343,0.10963310301303864,T,0.20078663527965546,0.020023973658680916,0.07252773642539978,0.6844881772994995,0.06826237589120865,0.24724940955638885,0.4506787359714508,0.2823478579521179,0.2669734060764313,True,True,True
valid,vU0a4F36Ksw$_$17,1,0.0,0.2166614532470703,T,2.88997483253479,-0.1370449960231781,-0.21017663180828094,0.89274001121521,0.04233447089791298,0.06492551416158676,V,-0.006624791771173477,0.02205350622534752,0.04192562773823738,0.09383036196231842,0.31235525012016296,0.5938144326210022,0.48995649814605713,0.258204847574234,0.2518386244773865,True,True,True
valid,vU0a4F36Ksw$_$0,2,1.750496506690979,1.750496506690979,T,6.7001752853393555,0.20901498198509216,0.0016189739108085632,0.9695211052894592,0.030244646593928337,0.00023426691768690944,T,0.6543487310409546,0.007210839539766312,-0.00880018062889576,0.9761157035827637,0.010756670497357845,0.01312754862010479,0.36214780807495117,0.30043888092041016,0.33741331100463867,True,True,True
valid,vU0a4F36Ksw$_$3,2,1.4680821895599365,1.4680821895599365,T,5.905914306640625,0.5240955352783203,-0.019647572189569473,0.9156942367553711,0.08125943690538406,0.003046297002583742,T,0.5097509026527405,0.018774881958961487,-0.008298400789499283,0.9495677351951599,0.03497398644685745,0.015458322130143642,0.393743634223938,0.25533348321914673,0.3509228825569153,True,True,True
valid,vU0a4F36Ksw$_$5,2,0.5673115849494934,0.5673115849494934,T,2.8074355125427246,0.1966698169708252,0.04121198132634163,0.9218860268592834,0.06458105891942978,0.013532902114093304,T,0.170608252286911,0.01985972933471203,-0.014052437618374825,0.8341869115829468,0.09710389375686646,0.06870921701192856,0.4073594808578491,0.2811848223209381,0.31145575642585754,True,True,True
valid,vU0a4F36Ksw$_$7,2,0.3150612711906433,0.3150612711906433,T,2.503063678741455,0.12839481234550476,0.10994628071784973,0.9130587577819824,0.04683540761470795,0.04010581970214844,T,0.15364618599414825,-0.008082064799964428,-0.05514711141586304,0.7084538340568542,0.03726594150066376,0.2542802095413208,0.4193587899208069,0.2899306118488312,0.29071059823036194,True,True,True
valid,vU0a4F36Ksw$_$20,2,9.999999974752427e-07,-0.01637124828994274,T,0.08963143825531006,-0.0007407674565911293,0.05490990728139877,0.6169474720954895,0.00509882066398859,0.3779536485671997,V,0.00395255396142602,-0.010938974097371101,-0.013462801463901997,0.13939860463142395,0.38579556345939636,0.4748058617115021,0.42592817544937134,0.28774794936180115,0.2863238453865051,True,True,True
valid,vbr3EA8cJTI$_$0,2,1.8734002113342285,1.8734002113342285,T,7.507694721221924,0.3095088005065918,0.26230916380882263,0.9292262196540833,0.038307856768369675,0.032465964555740356,T,0.7541356682777405,-0.021621517837047577,-0.015212376601994038,0.9534319639205933,0.027335461229085922,0.01923256926238537,0.377658486366272,0.3061958849430084,0.3161456286907196,True,True,True
valid,vbr3EA8cJTI$_$2,2,0.3624584972858429,0.3624584972858429,V,0.19953608512878418,0.37750086188316345,0.5101054906845093,0.18354180455207825,0.3472414016723633,0.46921679377555847,T,0.05639120191335678,0.012358256615698338,0.0376710407435894,0.5298904180526733,0.116126649081707,0.35398292541503906,0.4982295036315918,0.2650794982910156,0.23669099807739258,True,True,True
valid,vbr3EA8cJTI$_$7,2,0.28555822372436523,0.28555822372436523,T,-0.4319416284561157,0.19472354650497437,0.2974144518375397,0.4674290120601654,0.21072159707546234,0.32184937596321106,V,0.03331897035241127,0.009032569825649261,0.038131482899188995,0.41398757696151733,0.11222951114177704,0.4737829566001892,0.4689804017543793,0.27272653579711914,0.2582930028438568,True,True,True
valid,vbr3EA8cJTI$_$6,2,1.4327006340026855,1.4327006340026855,T,6.390626907348633,0.2858344614505768,0.4056701958179474,0.9023592472076416,0.040359947830438614,0.057280804961919785,T,0.47504922747612,-0.0031840018928050995,0.032970234751701355,0.9292762279510498,0.00622844323515892,0.06449532508850098,0.4064926207065582,0.3116670548915863,0.28184032440185547,True,True,True
valid,wF8980oGklk$_$24,2,0.5224382281303406,0.5224382281303406,T,2.401150703430176,0.06463411450386047,0.2742041349411011,0.8763359785079956,0.02358919009566307,0.10007490962743759,T,0.17900335788726807,-0.02092123031616211,0.0028650464955717325,0.8827046751976013,0.10316716134548187,0.014128169976174831,0.42247268557548523,0.29820260405540466,0.2793247103691101,True,True,True
valid,wF8980oGklk$_$25,2,1.3614710569381714,1.3614710569381714,T,6.476434230804443,-0.002449739258736372,0.29515546560287476,0.9560668468475342,0.00036163642653264105,0.04357156157493591,T,0.5465680360794067,-0.05483722686767578,-0.01721769943833351,0.88352370262146,0.08864402025938034,0.02783229947090149,0.36576923727989197,0.3351708650588989,0.2990599274635315,True,True,True
valid,wF8980oGklk$_$1,1,0.0,-0.02817833423614502,T,3.0026140213012695,-0.19234678149223328,-0.27683374285697937,0.8648593425750732,0.05540269613265991,0.07973793894052505,T,-0.07630793750286102,0.02633373625576496,0.02558906003832817,0.5950830578804016,0.20536212623119354,0.19955481588840485,0.49231940507888794,0.25489482283592224,0.2527858018875122,True,True,True
valid,wF8980oGklk$_$0,1,0.0,0.23430833220481873,T,1.5905981063842773,-0.2624781131744385,-0.16694048047065735,0.7874183058738708,0.12993858754634857,0.08264312148094177,A,0.01851421594619751,0.035210128873586655,0.009545729495584965,0.29262199997901917,0.5565052032470703,0.15087273716926575,0.4912274479866028,0.24858684837818146,0.26018568873405457,True,True,True
valid,wF8980oGklk$_$3,1,0.0,-0.2731983959674835,T,0.5609480142593384,-0.008603356778621674,-0.09319569915533066,0.8463984131813049,0.012981358915567398,0.14062032103538513,T,-0.12933380901813507,0.015585310757160187,0.007437292020767927,0.8488898277282715,0.10229507088661194,0.04881509020924568,0.48416173458099365,0.2538028359413147,0.26203545928001404,True,True,True
valid,wF8980oGklk$_$2,0,-1.1406837701797485,-1.1406837701797485,T,6.3067402839660645,-0.05732022225856781,0.12423157691955566,0.9720185995101929,0.008834408596158028,0.019147038459777832,T,-0.4811164140701294,0.04191906005144119,0.023879146203398705,0.8796919584274292,0.07664643973112106,0.043661560863256454,0.45884066820144653,0.2496509701013565,0.29150843620300293,True,True,True
valid,wF8980oGklk$_$6,2,1.0699543952941895,1.0699543952941895,T,4.637162208557129,0.09519625455141068,0.22900089621543884,0.9346555471420288,0.019187534227967262,0.046156883239746094,T,0.37265488505363464,-0.008696732111275196,-0.005906097125262022,0.9622916579246521,0.022457219660282135,0.01525107678025961,0.3914038836956024,0.30885201692581177,0.2997440993785858,True,True,True
valid,wF8980oGklk$_$17,2,1.7295985221862793,1.7295985221862793,T,7.042098045349121,0.27845126390457153,0.23623037338256836,0.9318913817405701,0.03684787452220917,0.031260717660188675,T,0.6352101564407349,0.0025492808781564236,0.004502180032432079,0.9890208840370178,0.003969225101172924,0.007009884808212519,0.37631726264953613,0.30550575256347656,0.3181770145893097,True,True,True
valid,wosolsrH3sM$_$6,2,0.4733598232269287,0.4733598232269287,T,3.108011245727539,0.062458883970975876,-0.021628152579069138,0.9736577272415161,0.019566716626286507,0.006775528192520142,T,0.20032262802124023,0.014983706176280975,-0.07118244469165802,0.6992337703704834,0.05230119824409485,0.24846504628658295,0.3962734341621399,0.309814989566803,0.2939116060733795,True,True,True
valid,x-zGBp7axao$_$3,0,-9.999999974752427e-07,0.07454673945903778,T,1.0474860668182373,-0.3697061836719513,0.01445094496011734,0.7316670417785645,0.2582390606403351,0.01009395718574524,T,-0.055773161351680756,0.040678780525922775,0.02495633251965046,0.4593851864337921,0.33505773544311523,0.20555710792541504,0.44596678018569946,0.23108352720737457,0.32294973731040955,True,True,True
valid,x2lOwQaAn4g$_$4,2,1.9622458219528198,1.9622458219528198,T,7.546491622924805,0.5660508871078491,0.9341593980789185,0.8341705203056335,0.06256986409425735,0.10325966775417328,T,0.618898868560791,0.05578158423304558,0.09272721409797668,0.8064799308776855,0.07268833369016647,0.12083175778388977,0.491386353969574,0.32251840829849243,0.18609519302845,True,True,True
valid,xUgAP84vsg4$_$15,2,1.813887119293213,1.813887119293213,T,8.447174072265625,0.16228190064430237,1.0993000268936157,0.8700572848320007,0.016715003177523613,0.11322768777608871,T,0.6815303564071655,-0.005687541328370571,0.009576777927577496,0.9780935049057007,0.00816243514418602,0.013744045980274677,0.472737193107605,0.39971864223480225,0.127544105052948,True,True,True
valid,xUgAP84vsg4$_$4,2,0.9296563863754272,0.9296563863754272,T,3.9201560020446777,0.2375534027814865,0.8683075904846191,0.7799726724624634,0.047264739871025085,0.17276255786418915,T,0.2539798319339752,0.006052982062101364,0.045393817126750946,0.83155757188797,0.019818121567368507,0.14862430095672607,0.49891453981399536,0.3486420214176178,0.15244343876838684,True,True,True
valid,xUgAP84vsg4$_$8,2,0.3920822739601135,0.3920822739601135,V,0.13865292072296143,0.11402592062950134,0.4460639953613281,0.19843196868896484,0.16318723559379578,0.638380765914917,T,0.07324279844760895,0.011292642913758755,0.03191840648651123,0.6289427280426025,0.09697097539901733,0.2740863263607025,0.47650840878486633,0.2919637858867645,0.23152774572372437,True,True,True
valid,xivYoEUQ5sk$_$5,2,1.3011057376861572,1.3011057376861572,T,5.464988708496094,0.20154784619808197,0.25235289335250854,0.9233132600784302,0.03405163437128067,0.04263518005609512,T,0.42678067088127136,0.006679760292172432,0.015994682908058167,0.9495512247085571,0.014861906878650188,0.035586826503276825,0.3953877389431,0.3061010539531708,0.2985111474990845,True,True,True
valid,xivYoEUQ5sk$_$4,2,2.042685031890869,2.042685031890869,T,7.888283729553223,0.37945711612701416,0.21146810054779053,0.9303089380264282,0.044751476496458054,0.024939602240920067,T,0.7862794399261475,0.007242839317768812,0.022266484797000885,0.9638271927833557,0.008878326043486595,0.027294423431158066,0.37316542863845825,0.29818740487098694,0.3286471664905548,True,True,True
valid,xjsaS-LeZ14$_$20,1,0.0,0.12655174732208252,T,1.4736621379852295,-0.15722480416297913,-0.17205138504505157,0.817366898059845,0.08720476180315018,0.09542832523584366,A,0.00714360224083066,0.011649027466773987,0.00842424388974905,0.262469619512558,0.4280075430870056,0.3095228374004364,0.4669031798839569,0.2649267911911011,0.26816996932029724,True,True,True
valid,xjsaS-LeZ14$_$14,2,0.47681862115859985,0.47681862115859985,T,2.789034128189087,0.2559792995452881,0.1723276674747467,0.8668754696846008,0.07956237345933914,0.053562138229608536,T,0.1807495653629303,0.014417450875043869,-0.04986055940389633,0.7376703023910522,0.05884011834859848,0.20348958671092987,0.4210513234138489,0.2757878601551056,0.3031608462333679,True,True,True
valid,xjsaS-LeZ14$_$6,2,0.47895288467407227,0.47895288467407227,T,0.9441564083099365,0.2578161656856537,0.1982782632112503,0.67427659034729,0.18412140011787415,0.14160194993019104,T,0.10365977138280869,0.026937786489725113,0.015438858419656754,0.7098214030265808,0.1844593733549118,0.10571923851966858,0.4461570382118225,0.2652418911457062,0.2886010706424713,True,True,True
valid,y8HXGm1-Ecw$_$7,0,-0.3100573420524597,-0.3100573420524597,T,2.6462302207946777,0.001720657106488943,-0.013419046998023987,0.9943112730979919,0.0006465305923484266,0.005042157601565123,T,-0.1772288680076599,0.029613405466079712,0.028900567442178726,0.7517889738082886,0.12561741471290588,0.12259361892938614,0.4563029408454895,0.2904737889766693,0.2532232999801636,True,True,True
valid,y9FyTEyGy5Y$_$1,2,0.7379536032676697,0.7379536032676697,T,2.12190318107605,0.3235227167606354,0.38005954027175903,0.7509871125221252,0.11450164020061493,0.13451123237609863,T,0.14567212760448456,0.03545042872428894,0.05501960590481758,0.6168831586837769,0.1501232534646988,0.23299357295036316,0.4647500813007355,0.2745908200740814,0.2606590688228607,True,True,True
valid,zhE_68GMJIk$_$8,2,0.03470831364393234,0.03470831364393234,T,-0.5208780765533447,-0.054720230400562286,0.31333011388778687,0.5859617590904236,0.06155752018094063,0.3524807095527649,A,0.0005353444721549749,-0.011837296187877655,0.00787982065230608,0.0264335498213768,0.5844867825508118,0.38907963037490845,0.45331668853759766,0.30284184217453003,0.24384143948554993,True,True,True
valid,zhE_68GMJIk$_$5,1,0.0,-0.25419729948043823,T,0.9433826208114624,0.05713491886854172,-0.07013359665870667,0.8811298608779907,0.053364649415016174,0.06550555676221848,T,-0.11395709216594696,-0.010468903928995132,0.02449782006442547,0.7652039527893066,0.07029704749584198,0.16449901461601257,0.4652256667613983,0.29911383986473083,0.23566044867038727,True,True,True
valid,zjYEBwXGD8I$_$13,2,1.5820379257202148,1.5820379257202148,T,6.071010589599609,0.1308959424495697,0.241031214594841,0.9422736763954163,0.020316189154982567,0.03741014003753662,T,0.5320270657539368,-0.008753594011068344,0.04819602146744728,0.9033074975013733,0.014862378127872944,0.08183009922504425,0.3824842572212219,0.3119165897369385,0.3055991232395172,True,True,True
valid,zjYEBwXGD8I$_$15,1,0.0,0.11775562167167664,T,0.9952459335327148,-0.1992039531469345,0.014944080263376236,0.8229294419288635,0.16471385955810547,0.012356668710708618,T,0.021931372582912445,0.017090974375605583,-0.014742380008101463,0.4079137444496155,0.31788450479507446,0.2742016911506653,0.45557641983032227,0.25249388813972473,0.291929692029953,True,True,True
valid,zjYEBwXGD8I$_$0,2,0.7736634016036987,0.7736634016036987,T,3.209663152694702,0.2386293262243271,0.5737570524215698,0.7980168461799622,0.059330280870199203,0.14265291392803192,T,0.1757480949163437,0.04726598784327507,0.025838246569037437,0.7062344551086426,0.18993589282035828,0.10382963716983795,0.44726261496543884,0.29831433296203613,0.254423052072525,True,True,True
valid,zjYEBwXGD8I$_$2,2,1.3097519874572754,1.3097519874572754,T,5.268752574920654,0.014252834022045135,0.3529299199581146,0.934849739074707,0.0025289207696914673,0.0626213550567627,T,0.41806015372276306,-0.02425987273454666,0.05921012908220291,0.8335692882537842,0.04837170988321304,0.1180589571595192,0.39270827174186707,0.3291914463043213,0.27810025215148926,True,True,True
valid,zjYEBwXGD8I$_$4,2,0.4414694309234619,0.4414694309234619,T,1.9736580848693848,0.11124791204929352,0.0,0.946641206741333,0.053358715027570724,0.0,T,0.12428455054759979,0.008956067264080048,0.0,0.9327828288078308,0.06721724569797516,0.0,0.5882002115249634,0.4117998480796814,0.0,True,True,False
valid,zjYEBwXGD8I$_$9,2,1.0818054676055908,1.0818054676055908,T,4.402215003967285,0.044310688972473145,0.4240128695964813,0.9038456678390503,0.009097699075937271,0.08705667406320572,T,0.34940433502197266,0.011678910814225674,0.0015021986328065395,0.9636469483375549,0.0322100929915905,0.004143019672483206,0.4056815803050995,0.31909215450286865,0.2752262353897095,True,True,True
valid,zk2jTlAtvSU$_$3,1,0.0,0.002990972250699997,T,1.951310634613037,0.08618627488613129,-0.33197084069252014,0.8235227465629578,0.03637368604540825,0.1401035487651825,T,-0.015016695484519005,-0.006472435314208269,0.007494037505239248,0.5181177854537964,0.22331704199314117,0.25856515765190125,0.4730139970779419,0.2932361662387848,0.2337498813867569,True,True,True
test,-AUZQgSxyPQ$_$2,2,2.021139144897461,2.021139144897461,T,7.715091228485107,0.5981303453445435,0.3978402018547058,0.8856659531593323,0.06866330653429031,0.04567068815231323,T,0.8119348287582397,-0.0035872128792107105,-0.005828124471008778,0.9885367751121521,0.004367458634078503,0.007095785345882177,0.4042961299419403,0.2778245210647583,0.3178793787956238,True,True,True
test,-HeZS2-Prhc$_$2,0,-1.0612396001815796,-1.0612396001815796,T,5.032349586486816,0.03608216345310211,0.07416531443595886,0.9785618782043457,0.00701633095741272,0.014421761967241764,T,-0.42052870988845825,0.031586192548274994,0.0042306953109800816,0.9215136170387268,0.06921550631523132,0.009270814247429371,0.422873854637146,0.27221858501434326,0.30490759015083313,True,True,True
test,-MeTTeMJBNc$_$0,2,0.6320285201072693,0.6320285201072693,T,2.1960294246673584,0.2025696337223053,0.24154002964496613,0.8317855000495911,0.07672687619924545,0.09148761630058289,T,0.10299021005630493,0.04258958250284195,0.053306929767131805,0.5178335309028625,0.2141398936510086,0.26802659034729004,0.4357658624649048,0.2807951271533966,0.283439040184021,True,True,True
test,-RfYyzHpjk4$_$2,1,0.0,0.021139733493328094,T,2.9317495822906494,-0.2440531700849533,-0.09870956093072891,0.8953240513801575,0.07453115284442902,0.030144812539219856,A,-0.013055265881121159,0.026535507291555405,-0.021425634622573853,0.21396321058273315,0.43489134311676025,0.351145476102829,0.4957101047039032,0.24022111296653748,0.26406875252723694,True,True,True
test,-s9qJ7ATP7w$_$2,2,0.7030599117279053,0.7030599117279053,T,3.9184696674346924,0.0934930145740509,0.1053929328918457,0.9516956806182861,0.022707052528858185,0.025597237050533295,T,0.2570772171020508,0.016392778605222702,-0.049671269953250885,0.7955567836761475,0.050729453563690186,0.15371380746364594,0.3914240002632141,0.30206748843193054,0.30650848150253296,True,True,True
test,-s9qJ7ATP7w$_$5,0,-1.3608952760696411,-1.3608952760696411,T,6.166542053222656,-0.061412062495946884,0.18781226873397827,0.9611544013023376,0.009572054259479046,0.02927355282008648,T,-0.51804119348526,0.013110710307955742,0.0006748964078724384,0.9740787744522095,0.02465221844613552,0.001269015483558178,0.40563541650772095,0.29844310879707336,0.2959214150905609,True,True,True
test,-s9qJ7ATP7w$_$6,0,-0.47591596841812134,-0.47591596841812134,T,0.987754762172699,-0.0770464688539505,0.0,0.9276424050331116,0.07235760986804962,0.0,T,-0.14115244150161743,-0.033829547464847565,0.0,0.8066684603691101,0.19333159923553467,0.0,0.5892583727836609,0.4107416272163391,0.0,True,True,False
test,-yRb-Jum7EQ$_$1,0,-0.8588440418243408,-0.8588440418243408,T,3.3537182807922363,-0.0048563675954937935,0.08416914939880371,0.9741411209106445,0.0014106096932664514,0.024448275566101074,T,-0.3110378682613373,0.013124163262546062,-0.01158931665122509,0.9263935089111328,0.039088934659957886,0.0345175564289093,0.42773017287254333,0.2843816578388214,0.28788816928863525,True,True,True
test,0K7dCp80n9c$_$6,0,-0.2726675271987915,-0.2726675271987915,T,0.47140514850616455,-0.022534776479005814,-0.026201989501714706,0.9063010215759277,0.04332428425550461,0.05037469416856766,T,-0.14213812351226807,0.01607784442603588,0.01992751657962799,0.7978855967521667,0.09025221318006516,0.1118621677160263,0.48471999168395996,0.24583129584789276,0.26944872736930847,True,True,True
test,0YiAKqU36KE$_$1,0,-1.0177195072174072,-1.0177195072174072,T,3.8811826705932617,0.024974998086690903,0.11697500944137573,0.9647164940834045,0.006207848433405161,0.02907560206949711,T,-0.3999764621257782,0.03871343657374382,-0.006962380837649107,0.8975079655647278,0.08686915785074234,0.015622899867594242,0.42410874366760254,0.28956106305122375,0.2863302230834961,True,True,True
test,0YiAKqU36KE$_$0,0,-1.8142579793930054,-1.8142579793930054,T,7.813249588012695,0.0017245104536414146,0.08452914655208588,0.9890811443328857,0.0002183061878895387,0.010700564831495285,T,-0.7779726982116699,0.01927429437637329,0.04309973865747452,0.9257758259773254,0.022936120629310608,0.05128804221749306,0.424793541431427,0.31456661224365234,0.26063984632492065,True,True,True
test,0bxhZ-LIfZY$_$4,2,0.4533053934574127,0.4533053934574127,T,2.3894593715667725,0.20861387252807617,0.2851316034793854,0.8287511467933655,0.07235485315322876,0.09889397770166397,T,0.15172724425792694,-0.01983492635190487,0.005383356940001249,0.857479989528656,0.11209623515605927,0.030423810705542564,0.42874157428741455,0.28605929017066956,0.2851991355419159,True,True,True
test,100178$_$15,0,-0.20222079753875732,-0.20222079753875732,T,0.1581195592880249,0.038276173174381256,-0.10157930105924606,0.5306469798088074,0.1284542977809906,0.34089869260787964,T,-0.11838886886835098,0.023785727098584175,0.012101743370294571,0.7673819065093994,0.15417611598968506,0.07844199240207672,0.45223870873451233,0.2645185887813568,0.28324273228645325,True,True,True
test,10219$_$10,1,0.0,-0.08473923802375793,T,1.8205301761627197,-0.24811328947544098,-0.0923793762922287,0.8424391150474548,0.11481289565563202,0.04274798557162285,T,-0.021419521421194077,-0.002229072852060199,-0.01959742046892643,0.4952946901321411,0.05154400318861008,0.4531612992286682,0.46573227643966675,0.2458745539188385,0.28839316964149475,True,True,True
test,10219$_$1,2,9.999999974752427e-07,-0.009144448675215244,T,-0.46878135204315186,0.18216516077518463,-0.00708947516977787,0.7123947143554688,0.27683159708976746,0.010773689486086369,A,0.018924064934253693,-0.029310457408428192,-0.007653855253010988,0.3386046588420868,0.5244463682174683,0.13694895803928375,0.4476391673088074,0.2566326856613159,0.2957281768321991,True,True,True
test,10219$_$5,2,1.3383219242095947,1.3383219242095947,T,5.497859001159668,0.2810390591621399,-0.05712483823299408,0.9420557618141174,0.04815592244267464,0.009788316674530506,T,0.48160362243652344,-0.013882694765925407,-0.002883194014430046,0.966358482837677,0.02785622701048851,0.005785253364592791,0.38002634048461914,0.28944066166877747,0.33053305745124817,True,True,True
test,102213$_$2,2,1.6904749870300293,1.6904749870300293,T,6.1222028732299805,-0.021168701350688934,-0.06622500717639923,0.9859260320663452,0.0034090299159288406,0.010664945468306541,T,0.677798867225647,-0.011006122455000877,-0.043850187212228775,0.9251267313957214,0.015022240579128265,0.05985105782747269,0.35089048743247986,0.3238450884819031,0.32526442408561707,True,True,True
test,102213$_$5,0,-1.2286851406097412,-1.2286851406097412,T,5.159053325653076,0.004990357905626297,0.13991810381412506,0.9726791381835938,0.0009408735786564648,0.026379920542240143,T,-0.4019501805305481,-0.04228568822145462,-0.005840655881911516,0.8930707573890686,0.09395221620798111,0.012977028265595436,0.41385918855667114,0.2789549231529236,0.30718591809272766,True,True,True
test,102213$_$7,0,-0.5415723323822021,-0.5415723323822021,T,1.2736997604370117,0.0047798678278923035,0.1141873449087143,0.91457599401474,0.003432168625295162,0.08199185132980347,T,-0.18280020356178284,0.01162650715559721,-0.026342786848545074,0.8280138969421387,0.05266355723142624,0.11932258307933807,0.43076083064079285,0.2769886553287506,0.29225051403045654,True,True,True
test,102389$_$5,0,-0.6440538763999939,-0.6440538763999939,T,2.3752198219299316,0.053271833807229996,0.018576599657535553,0.9706389904022217,0.021769655868411064,0.007591369561851025,T,-0.2970122992992401,0.03960266709327698,0.024340372532606125,0.8228505849838257,0.1097162589430809,0.067433200776577,0.46611952781677246,0.24020425975322723,0.29367613792419434,True,True,True
test,104741$_$0,1,0.0,0.168679878115654,T,2.9373695850372314,-0.19200250506401062,-0.30360907316207886,0.8556323051452637,0.0559287965297699,0.08843889832496643,T,0.025511858984827995,0.001508486457169056,0.014273560605943203,0.6178116798400879,0.03653048351407051,0.3456577956676483,0.49915453791618347,0.2572590708732605,0.24358639121055603,True,True,True
test,104741$_$5,1,0.0,-0.009014240466058254,T,2.9039902687072754,-0.19072189927101135,-0.3714362382888794,0.8378147482872009,0.0550241582095623,0.10716108977794647,T,-0.0661521703004837,0.008071886375546455,0.040083449333906174,0.5787211060523987,0.07061553746461868,0.35066330432891846,0.5011289715766907,0.26534467935562134,0.2335263192653656,True,True,True
test,107585$_$12,0,-2.1700687408447266,-2.1700687408447266,T,9.492170333862305,0.03150850534439087,0.12409744411706924,0.9838712811470032,0.003265882609412074,0.012862802483141422,T,-0.980175256729126,0.047780416905879974,0.002753612119704485,0.9509716033935547,0.04635683074593544,0.002671570051461458,0.41682347655296326,0.2746337652206421,0.30854272842407227,True,True,True
test,107585$_$18,0,-1.9286656379699707,-1.9286656379699707,T,8.788260459899902,0.019103096798062325,0.06692339479923248,0.9903061389923096,0.0021526345517486334,0.007541270460933447,T,-0.8402349352836609,0.04031366854906082,0.02184753119945526,0.9311153888702393,0.04467402398586273,0.024210575968027115,0.41512152552604675,0.2889888882637024,0.29588961601257324,True,True,True
test,107585$_$1,2,1.9800993204116821,1.9800993204116821,T,7.237017631530762,0.5100144743919373,0.3869282007217407,0.8897286057472229,0.06270185858011246,0.04756946861743927,T,0.7483803629875183,0.016632352024316788,0.012867446057498455,0.9620766639709473,0.021381637081503868,0.016541680321097374,0.4048623740673065,0.2871793210506439,0.30795830488204956,True,True,True
test,108146$_$3,0,-1.9300625324249268,-1.9300625324249268,T,6.914147853851318,0.03942076116800308,0.12775182723999023,0.9763924479484558,0.005566866137087345,0.018040679395198822,T,-0.78399658203125,0.014874570071697235,-0.009745682589709759,0.9695526361465454,0.01839507929980755,0.012052287347614765,0.4095541536808014,0.2862858176231384,0.304159939289093,True,True,True
test,110565$_$1,2,1.3378044366836548,1.3378044366836548,T,5.262691020965576,0.4366165101528168,0.06333024054765701,0.9132434725761414,0.07576677948236465,0.010989801026880741,T,0.4648965895175934,0.009786275215446949,-0.010060454718768597,0.9590572118759155,0.020188571885228157,0.020754188299179077,0.3978878855705261,0.2654649317264557,0.3366471827030182,True,True,True
test,110565$_$5,2,1.7517542839050293,1.7517542839050293,T,6.492771148681641,0.43762004375457764,0.24493226408958435,0.9048750400543213,0.06098959222435951,0.0341353602707386,T,0.6533560752868652,-0.010013600811362267,0.0100528160110116,0.9702023863792419,0.01486971601843834,0.014927948825061321,0.39938968420028687,0.2858754098415375,0.31473490595817566,True,True,True
test,111881$_$11,0,-0.6251333951950073,-0.6251333951950073,T,2.5656867027282715,0.036173995584249496,0.08028808236122131,0.9565787315368652,0.013486945070326328,0.029934236779808998,T,-0.26722168922424316,0.007597089745104313,0.033157624304294586,0.867669403553009,0.02466776594519615,0.1076628789305687,0.46575337648391724,0.2929857075214386,0.24126096069812775,True,True,True
test,111881$_$10,2,0.8234630823135376,0.8234630823135376,T,3.886410713195801,0.41190028190612793,0.3820379078388214,0.8303676843643188,0.08800631016492844,0.08162593841552734,T,0.2504878044128418,0.007101412862539291,0.009129457175731659,0.9391460418701172,0.026625104248523712,0.03422878682613373,0.4373040199279785,0.2765207290649414,0.2861752212047577,True,True,True
test,111881$_$15,0,-1.5053068399429321,-1.5053068399429321,T,6.738499641418457,0.002752542495727539,0.0565498024225235,0.9912762641906738,0.000404916558181867,0.00831883680075407,T,-0.628318190574646,0.030464425683021545,0.031194156035780907,0.9106367826461792,0.04415282979607582,0.04521044343709946,0.4415664076805115,0.2578440010547638,0.30058959126472473,True,True,True
test,111881$_$4,0,-0.17478370666503906,-0.17478370666503906,T,0.5880523920059204,0.03770232945680618,0.10785575211048126,0.8015866875648499,0.051392845809459686,0.14702047407627106,T,-0.12240858376026154,0.024469155818223953,0.024620041251182556,0.7137619256973267,0.1426791399717331,0.14355894923210144,0.46911606192588806,0.2439880669116974,0.2868958115577698,True,True,True
test,111881$_$7,0,-0.662402331829071,-0.662402331829071,T,3.398439407348633,-0.010003771632909775,0.12478188425302505,0.961851954460144,0.002831342862918973,0.03531670942902565,T,-0.2813132405281067,0.033895671367645264,0.007927720434963703,0.8705706000328064,0.10489578545093536,0.024533648043870926,0.45109522342681885,0.2585115134716034,0.29039329290390015,True,True,True
test,111881$_$6,2,0.4878484606742859,0.4878484606742859,T,1.643369197845459,0.28061121702194214,0.23015464842319489,0.7628904581069946,0.13026629388332367,0.10684317350387573,T,0.14697480201721191,-0.01714828982949257,0.01925411820411682,0.8014889359474182,0.09351374953985214,0.10499733686447144,0.4477095305919647,0.26918748021125793,0.28310301899909973,True,True,True
test,112425$_$10,2,0.45888352394104004,0.45888352394104004,A,0.12875747680664062,0.1744687855243683,0.022703256458044052,0.39504697918891907,0.5352960228919983,0.06965695321559906,T,0.11521192640066147,0.02379181794822216,0.00017530859622638673,0.827796459197998,0.1709439605474472,0.0012595903826877475,0.44116225838661194,0.2608185410499573,0.2980192005634308,True,True,True
test,112425$_$1,1,0.0,0.21117225289344788,T,1.1637647151947021,-0.13484923541545868,0.00027712108567357063,0.8959679007530212,0.10381874442100525,0.00021335206110961735,T,0.03810609132051468,0.011686239391565323,0.005722935777157545,0.6864074468612671,0.21050496399402618,0.10308760404586792,0.45135238766670227,0.26075443625450134,0.287893146276474,True,True,True
test,112425$_$7,2,2.218413829803467,2.218413829803467,T,7.098050117492676,-0.0004878304898738861,0.03289852663874626,0.9953184127807617,6.84056431055069e-05,0.004613169934600592,T,0.9332815408706665,0.0006485625635832548,0.00038973786286078393,0.9988886713981628,0.0006941547617316246,0.0004171353648416698,0.34705010056495667,0.31709110736846924,0.3358587622642517,True,True,True
test,112509$_$4,0,-1.5154681205749512,-1.5154681205749512,T,6.43719482421875,-0.08887887001037598,0.03872493654489517,0.9805624485015869,0.013538705185055733,0.005898876581341028,T,-0.5027967691421509,-0.04287552088499069,-0.025524482131004333,0.880251407623291,0.07506261020898819,0.0446859672665596,0.3934840261936188,0.30266129970550537,0.30385470390319824,True,True,True
test,116213$_$3,1,0.0,0.04980512335896492,T,3.450000762939453,-0.4017849564552307,0.13781243562698364,0.8647489547729492,0.10070812702178955,0.03454293683171272,A,-0.04610992595553398,0.06277218461036682,-0.015051109716296196,0.3720546066761017,0.5065000653266907,0.12144531309604645,0.4981398284435272,0.19932258129119873,0.3025375008583069,True,True,True
test,121400$_$0,2,0.36562132835388184,0.36562132835388184,T,0.9726859331130981,0.12093297392129898,-0.1823579967021942,0.7623068690299988,0.09477677196264267,0.14291638135910034,T,0.09133359789848328,0.031607735902071,-0.015450808219611645,0.6599623560905457,0.2283925712108612,0.11164513230323792,0.4212592840194702,0.274216890335083,0.30452385544776917,True,True,True
test,126872$_$11,0,-1.745950698852539,-1.745950698852539,T,5.664435386657715,-0.027921555563807487,0.08679340034723282,0.9801501631736755,0.0048314291052520275,0.015018366277217865,T,-0.6700036525726318,-0.010397620499134064,-4.7898851335048676e-05,0.9846490621566772,0.015280524268746376,7.039299089228734e-05,0.3931455612182617,0.3041309714317322,0.3027234375476837,True,True,True
test,130366$_$11,0,-1.011230230331421,-1.011230230331421,T,4.666862487792969,-0.014148148708045483,0.02179936319589615,0.9923561215400696,0.003008445492014289,0.00463539082556963,T,-0.3852776885032654,-0.009663030505180359,0.02915770187973976,0.9084628820419312,0.022784877568483353,0.06875220686197281,0.4390466809272766,0.2688327431678772,0.2921205759048462,True,True,True
test,130366$_$2,2,9.999999974752427e-07,-0.07946610450744629,A,0.07823240756988525,0.28374776244163513,0.21537312865257263,0.13550178706645966,0.49146297574043274,0.3730352520942688,V,-0.01834830455482006,-0.004120156168937683,-0.019018519669771194,0.442266583442688,0.09931202977895737,0.45842140913009644,0.46971595287323,0.2604024410247803,0.26988163590431213,True,True,True
test,130366$_$4,0,-0.06918466091156006,-0.06918466091156006,T,-0.3055943250656128,0.037750761955976486,0.03957749903202057,0.7980577349662781,0.09858588129281998,0.10335639864206314,T,-0.08862300217151642,0.025521069765090942,0.02504420466721058,0.6367131471633911,0.18335646390914917,0.1799304187297821,0.49448028206825256,0.24030649662017822,0.2652131915092468,True,True,True
test,132028$_$7,2,1.1623682975769043,1.1623682975769043,T,4.231629848480225,0.02433650568127632,0.04974910616874695,0.9827937483787537,0.005652140360325575,0.011554202996194363,T,0.4733402729034424,-0.02439761906862259,-0.055131372064352036,0.8561522960662842,0.04412909224629402,0.09971864521503448,0.3734608590602875,0.3115145266056061,0.31502458453178406,True,True,True
test,135623$_$5,0,-0.8010705709457397,-0.8010705709457397,T,5.031550407409668,0.039899323135614395,0.1719522625207901,0.9595965147018433,0.007609434425830841,0.03279402479529381,T,-0.37704959511756897,0.06591790169477463,0.022483522072434425,0.8100736141204834,0.14162155985832214,0.048304807394742966,0.45257267355918884,0.25356629490852356,0.29386106133461,True,True,True
test,135623$_$8,2,0.6312244534492493,0.6312244534492493,T,2.7833876609802246,0.2205599546432495,-0.014188949950039387,0.9222205281257629,0.07307818531990051,0.004701228346675634,T,0.15299522876739502,0.025826040655374527,0.019784994423389435,0.7703444957733154,0.130036398768425,0.09961919486522675,0.41247299313545227,0.2742294371128082,0.3132975995540619,True,True,True
test,136196$_$0,2,0.27787747979164124,0.27787747979164124,T,0.3554553985595703,-0.04709578678011894,0.0,0.883006751537323,0.11699329316616058,0.0,T,0.09468541294336319,-0.01678541675209999,0.0,0.8494186997413635,0.1505812406539917,0.0,0.5963790416717529,0.40362095832824707,0.0,True,True,False
test,136196$_$9,0,-1.7542905807495117,-1.7542905807495117,T,7.524716854095459,-0.07889536023139954,0.05941753834486008,0.981950581073761,0.010295582935214043,0.007753791753202677,T,-0.6212929487228394,-0.017459187656641006,-0.04591107368469238,0.907443106174469,0.025500401854515076,0.06705643236637115,0.3990497887134552,0.29195496439933777,0.30899521708488464,True,True,True
test,136196$_$8,0,-1.3522294759750366,-1.3522294759750366,T,5.8370513916015625,-0.04241093248128891,0.08004703372716904,0.9794516563415527,0.007116514258086681,0.01343181636184454,T,-0.46687421202659607,0.00960502214729786,-0.043355342000722885,0.8981207609176636,0.018477074801921844,0.08340218663215637,0.40509891510009766,0.2844204902648926,0.31048065423965454,True,True,True
test,167521$_$17,2,0.29829099774360657,0.29829099774360657,T,1.1333905458450317,0.07435213774442673,0.29409459233283997,0.7546693682670593,0.04950745403766632,0.19582320749759674,T,0.07785332947969437,0.00867456290870905,-0.001760026323609054,0.881811797618866,0.09825311601161957,0.01993507519364357,0.43638789653778076,0.2977331876754761,0.26587891578674316,True,True,True
test,167521$_$16,2,2.2566652297973633,2.2566652297973633,T,7.14996862411499,0.23104235529899597,0.3952460289001465,0.9194614291191101,0.029711255803704262,0.050827283412218094,T,0.9175941348075867,0.011350754648447037,0.03411579877138138,0.9527895450592041,0.011786126531660557,0.03542435169219971,0.37959787249565125,0.32520586252212524,0.2951962649822235,True,True,True
test,167521$_$5,0,-0.2915424108505249,-0.2915424108505249,T,0.9902684688568115,-0.02787451073527336,0.04401605576276779,0.9323166608810425,0.026243258267641068,0.04144017770886421,T,-0.13762019574642181,-0.0004056943580508232,0.025545332580804825,0.8413472175598145,0.002480230526998639,0.15617252886295319,0.4433836042881012,0.29530441761016846,0.26131194829940796,True,True,True
test,190743$_$13,0,-0.061464712023735046,-0.061464712023735046,T,0.1186838150024414,-0.006116587668657303,-0.10417089611291885,0.5183348655700684,0.026713337749242783,0.45495176315307617,T,-0.08804598450660706,0.037173036485910416,0.015389760956168175,0.6261770129203796,0.2643721103668213,0.10945092886686325,0.45718005299568176,0.2606029510498047,0.28221696615219116,True,True,True
test,190743$_$17,0,-1.1783066987991333,-1.1783066987991333,T,5.948334217071533,0.0013267965987324715,-0.09326830506324768,0.9843461513519287,0.0002195618289988488,0.01543428748846054,T,-0.4999438524246216,0.050909776240587234,0.018972132354974747,0.8773626685142517,0.08934270590543747,0.033294618129730225,0.4241437315940857,0.27108854055404663,0.30476775765419006,True,True,True
test,190743$_$5,0,-2.324711322784424,-2.324711322784424,T,9.193349838256836,-0.03303229808807373,-0.00426999107003212,0.9959589242935181,0.0035785443615168333,0.0004625882429536432,T,-1.0544384717941284,-0.00026323931524530053,0.007222998887300491,0.9929503202438354,0.0002478888782206923,0.006801799405366182,0.3990904986858368,0.3051663041114807,0.2957432270050049,True,True,True
test,194299$_$14,2,0.3181494474411011,0.3181494474411011,V,0.4007527828216553,0.3504796326160431,0.49909844994544983,0.3205173909664154,0.2803095281124115,0.3991731107234955,V,0.012170124799013138,0.031076032668352127,0.04821183905005455,0.13306792080402374,0.33978477120399475,0.5271473526954651,0.4998337924480438,0.2713436484336853,0.2288224995136261,True,True,True
test,194299$_$4,0,-1.552919864654541,-1.552919864654541,T,7.059574127197266,-0.004909179173409939,0.11716321855783463,0.9830021858215332,0.0006835729582235217,0.016314256936311722,T,-0.5936332941055298,0.025632211938500404,-0.02010142058134079,0.9284704327583313,0.040089987218379974,0.03143956884741783,0.41041678190231323,0.2759380638599396,0.3136451542377472,True,True,True
test,194299$_$9,1,0.0,0.25705426931381226,T,3.4886796474456787,-0.2318042516708374,-0.45245927572250366,0.83602374792099,0.055549342185258865,0.10842689871788025,V,-0.01683555543422699,0.0422707200050354,0.04546811804175377,0.16099117696285248,0.4042167067527771,0.43479207158088684,0.5267268419265747,0.26129481196403503,0.21197833120822906,True,True,True
test,198112$_$12,2,1.8862781524658203,1.8862781524658203,T,6.295641899108887,-0.007248472422361374,0.013596560806035995,0.9966999292373657,0.0011475480860099196,0.0021525511983782053,T,0.7560335397720337,-0.018935365602374077,-0.012728618457913399,0.9598017930984497,0.024038877338171005,0.01615927182137966,0.3504239618778229,0.3214400112628937,0.3281360864639282,True,True,True
test,198112$_$0,1,0.0,0.23336224257946014,T,1.629091739654541,0.05985307693481445,-0.2916310727596283,0.8225343823432922,0.030220037326216698,0.1472455859184265,T,0.03526557236909866,0.01601174846291542,0.011675471439957619,0.560190737247467,0.2543453276157379,0.18546390533447266,0.468082070350647,0.28908225893974304,0.24283571541309357,True,True,True
test,198112$_$5,2,1.4342427253723145,1.4342427253723145,T,5.297344207763672,0.07240155339241028,0.2256651222705841,0.9467301368713379,0.012939452193677425,0.040330395102500916,T,0.5229252576828003,-0.0028275051154196262,-0.01459622010588646,0.9677546620368958,0.005232738796621561,0.027012579143047333,0.3773908019065857,0.3154514729976654,0.3071577548980713,True,True,True
test,198112$_$9,0,-0.7825881242752075,-0.7825881242752075,T,4.304304599761963,-0.07921433448791504,0.028129085898399353,0.9756681323051453,0.01795572228729725,0.006376094184815884,T,-0.32580089569091797,0.037143275141716,0.006631555967032909,0.8815537691116333,0.10050246864557266,0.017943698912858963,0.4201432168483734,0.28816989064216614,0.2916868329048157,True,True,True
test,198112$_$8,1,0.0,-0.19656524062156677,T,2.0765674114227295,0.01800241693854332,0.05450689420104027,0.9662602543830872,0.008376814424991608,0.025362934917211533,T,-0.09381799399852753,0.027741720899939537,-0.014531567692756653,0.6893754601478577,0.20384640991687775,0.106778085231781,0.46035903692245483,0.2533421516418457,0.28629884123802185,True,True,True
test,1HS2HcN2LDo$_$1,1,0.0,0.3186438977718353,T,2.364469528198242,-0.02235383540391922,-0.029528021812438965,0.9785288572311401,0.009251070208847523,0.01222008652985096,V,-0.06755433976650238,0.05931166186928749,0.09986735880374908,0.29794618487358093,0.2615921199321747,0.4404616951942444,0.5504634976387024,0.2315247654914856,0.2180117815732956,True,True,True
test,1HS2HcN2LDo$_$9,2,0.2985539734363556,0.2985539734363556,A,-0.36166131496429443,0.48912665247917175,0.13445566594600677,0.36707803606987,0.4964524507522583,0.13646945357322693,A,0.025891399011015892,0.0338502898812294,0.025114720687270164,0.3051201105117798,0.39891257882118225,0.2959672808647156,0.48830169439315796,0.2040332853794098,0.307665079832077,True,True,True
test,1S6ji_d4OLI$_$9,2,0.8261667490005493,0.8261667490005493,T,3.90793514251709,0.007937002927064896,0.21243524551391602,0.9466192126274109,0.0019225804135203362,0.051458194851875305,T,0.29052823781967163,-0.01251179538667202,-0.010322819463908672,0.9271304607391357,0.03992750123143196,0.032942067831754684,0.3957272171974182,0.31345316767692566,0.2908196747303009,True,True,True
test,1jogeKX0wGw$_$4,2,0.9521298408508301,0.9521298408508301,T,5.776550769805908,0.5185854434967041,0.6949968934059143,0.8263863325119019,0.07418820261955261,0.09942541271448135,T,0.32019883394241333,0.01455677766352892,-0.02102052792906761,0.9000008702278137,0.040915556252002716,0.05908358097076416,0.4633682072162628,0.2960369288921356,0.24059489369392395,True,True,True
test,1pl2FVdQWj0$_$2,2,0.3020246922969818,0.3020246922969818,T,-0.6459847688674927,0.3657209575176239,0.43488842248916626,0.44655561447143555,0.2528151571750641,0.3006291687488556,V,0.005883731879293919,0.033524319529533386,0.04661696031689644,0.06839559227228165,0.38970431685447693,0.5419000387191772,0.5008441209793091,0.2538016438484192,0.24535423517227173,True,True,True
test,200941$_$10,0,-1.9710338115692139,-1.9710338115692139,T,8.08456039428711,-0.05793282762169838,0.11491890251636505,0.9790670871734619,0.007015857845544815,0.013917060568928719,T,-0.8036688566207886,0.0035260396543890238,-0.0023857788182795048,0.9926976561546326,0.004355390090495348,0.002946931403130293,0.4038166403770447,0.3087632656097412,0.2874201536178589,True,True,True
test,202826$_$10,0,-0.954496443271637,-0.954496443271637,T,3.773547649383545,-0.024169139564037323,0.07071442902088165,0.9754723310470581,0.006247788202017546,0.018279870972037315,T,-0.3551137447357178,0.005934087559580803,0.00458284467458725,0.9712361693382263,0.01622973009943962,0.012534081004559994,0.43007102608680725,0.3105430603027344,0.2593858540058136,True,True,True
test,202826$_$7,2,1.1667927503585815,1.1667927503585815,T,4.106997013092041,0.03229012340307236,0.1061927080154419,0.9673811793327332,0.007605765946209431,0.02501312457025051,T,0.4034203588962555,0.013948547653853893,-0.02182113751769066,0.9185553193092346,0.031759705394506454,0.049684952944517136,0.38818359375,0.30668169260025024,0.30513471364974976,True,True,True
test,206585$_$3,2,0.5059030055999756,0.5059030055999756,V,-0.08219361305236816,0.13469058275222778,0.404036283493042,0.13237380981445312,0.21692082285881042,0.6507053375244141,T,0.07364993542432785,0.030669528990983963,0.05094914138317108,0.4743388593196869,0.19752562046051025,0.32813549041748047,0.47306469082832336,0.28803080320358276,0.23890450596809387,True,True,True
test,208322$_$12,2,0.6787336468696594,0.6787336468696594,T,3.3567590713500977,-0.017483003437519073,0.17823444306850433,0.9449067711830139,0.0049213566817343235,0.05017188563942909,T,0.2917346954345703,-0.024331236258149147,-0.052167732268571854,0.7922542691230774,0.06607553362846375,0.14167018234729767,0.39834487438201904,0.30839666724205017,0.29325851798057556,True,True,True
test,208592$_$2,1,0.0,0.13965599238872528,T,1.5711126327514648,-0.03261600807309151,-0.07372447848320007,0.9366059899330139,0.01944376714527607,0.043950244784355164,T,0.043829116970300674,-0.004096630960702896,-0.008138902485370636,0.7817602753639221,0.07306976616382599,0.1451699435710907,0.4529646039009094,0.27080675959587097,0.2762286067008972,True,True,True
test,208592$_$9,0,-1.214633584022522,-1.214633584022522,T,5.88743782043457,0.013772370293736458,-0.051534634083509445,0.989029049873352,0.0023136166855692863,0.008657288737595081,T,-0.49667030572891235,0.05711008608341217,-0.00490138353779912,0.8890039324760437,0.10222292691469193,0.008773121982812881,0.41058361530303955,0.2768454849720001,0.3125709593296051,True,True,True
test,209758$_$15,1,0.0,0.027132002636790276,T,1.201876163482666,-0.014191167429089546,-0.10972966253757477,0.9065310955047607,0.010703876614570618,0.08276505768299103,T,-0.073763906955719,0.0300229974091053,0.03779307380318642,0.5210052132606506,0.21205681562423706,0.2669380009174347,0.4622800350189209,0.28019410371780396,0.25752586126327515,True,True,True
test,209758$_$3,1,0.0,-0.2341722548007965,T,1.591536521911621,0.04939483851194382,-0.06612938642501831,0.9323256015777588,0.02893560566008091,0.03873874247074127,T,-0.15436044335365295,0.0017954629147425294,0.059356361627578735,0.7162489891052246,0.008331140503287315,0.2754198908805847,0.50820392370224,0.31809183955192566,0.17370420694351196,True,True,True
test,209758$_$5,1,0.0,0.32839328050613403,T,0.977633535861969,-0.09487885236740112,-0.38939452171325684,0.6687385439872742,0.06490074843168259,0.26636067032814026,T,0.03945137932896614,0.018975265324115753,0.03648608177900314,0.4156595468521118,0.1999233067035675,0.38441717624664307,0.4804971516132355,0.2900925576686859,0.2294103056192398,True,True,True
test,20LfN8ENbhM$_$1,2,1.0721702575683594,1.0721702575683594,T,4.396577835083008,0.03474358469247818,0.46399301290512085,0.8981195688247681,0.007097313646227121,0.09478308260440826,T,0.3109225630760193,0.012631173245608807,0.03534475713968277,0.8663245439529419,0.0351942777633667,0.0984812080860138,0.41337642073631287,0.3357795774936676,0.25084400177001953,True,True,True
test,210259$_$11,0,-2.3585171699523926,-2.3585171699523926,T,9.449125289916992,-0.0038525648415088654,-0.04650164395570755,0.9946991801261902,0.0004055553290527314,0.00489517766982317,T,-1.0973929166793823,0.01794174686074257,0.0031290564220398664,0.9811609983444214,0.01604142226278782,0.002797638066112995,0.39013126492500305,0.3083246350288391,0.3015441298484802,True,True,True
test,210259$_$16,0,-2.5815236568450928,-2.5815236568450928,T,9.78386402130127,-0.0021490557119250298,-0.13742846250534058,0.9859346151351929,0.00021656356693711132,0.013848871923983097,T,-1.305213212966919,-0.0001665435265749693,-0.00491067161783576,0.9961251020431519,0.0001271042856387794,0.0037477733567357063,0.3830777406692505,0.30478814244270325,0.31213411688804626,True,True,True
test,210259$_$0,2,0.3553958237171173,0.3553958237171173,T,0.6918958425521851,-0.010674712248146534,0.025805700570344925,0.9499154090881348,0.014655491337180138,0.035429079085588455,T,0.11012724041938782,-0.013561630621552467,0.007466453127563,0.8396703600883484,0.1034012958407402,0.056928325444459915,0.42504313588142395,0.2867353856563568,0.288221538066864,True,True,True
test,210259$_$8,0,-2.138227939605713,-2.138227939605713,T,8.577689170837402,-0.029732204973697662,-0.055970314890146255,0.9901075959205627,0.003431936027482152,0.006460554897785187,T,-0.8768837451934814,0.005364324897527695,-0.036209020763635635,0.9547356963157654,0.005840583238750696,0.03942374885082245,0.38898593187332153,0.30155250430107117,0.3094615638256073,True,True,True
test,210433$_$0,2,0.08898355066776276,0.08898355066776276,T,0.2693765163421631,-0.000798126682639122,0.003916756249964237,0.9827980399131775,0.002911899471655488,0.01428996305912733,T,0.053005337715148926,0.00345561932772398,-0.041783154010772705,0.5395268201828003,0.03517380356788635,0.4252993166446686,0.4250250458717346,0.28405410051345825,0.29092082381248474,True,True,True
test,210433$_$7,0,-1.660943627357483,-1.660943627357483,T,7.241392135620117,0.03627478703856468,0.07891350984573364,0.984342098236084,0.004930930212140083,0.010726927779614925,T,-0.6713302731513977,0.020541608333587646,0.012170279398560524,0.9535370469093323,0.029176674783229828,0.01728629320859909,0.41057059168815613,0.29206642508506775,0.29736295342445374,True,True,True
test,211875$_$4,2,0.94586580991745,0.94586580991745,T,4.678357124328613,0.24715889990329742,0.1107385903596878,0.928935706615448,0.049075931310653687,0.0219882819801569,T,0.34711605310440063,-0.028779737651348114,-0.0069213914684951305,0.9067410826683044,0.07517880201339722,0.018080148845911026,0.3883275091648102,0.2909148037433624,0.3207576870918274,True,True,True
test,211875$_$8,0,-0.7781626582145691,-0.7781626582145691,T,2.0924232006073,0.038136161863803864,0.01039933506399393,0.9773299694061279,0.017812656238675117,0.004857325926423073,T,-0.2828684151172638,0.015289154835045338,-0.012864513322710991,0.9094802141189575,0.04915777966380119,0.041362058371305466,0.43880271911621094,0.26107192039489746,0.3001253008842468,True,True,True
test,213327$_$6,0,-0.9927847385406494,-0.9927847385406494,T,3.4806299209594727,0.006757428869605064,0.06557778269052505,0.9796409010887146,0.0019019125029444695,0.0184571985155344,T,-0.37028753757476807,0.009862235747277737,0.0015628680121153593,0.9700688123703003,0.025836806744337082,0.00409435760229826,0.43296387791633606,0.2598762512207031,0.3071598708629608,True,True,True
test,213327$_$8,0,-0.34905344247817993,-0.34905344247817993,T,1.5475000143051147,-0.03663614019751549,0.11353111267089844,0.9115449786186218,0.021580282598733902,0.06687477231025696,T,-0.1625591516494751,0.010195733979344368,0.020490843802690506,0.8412044048309326,0.05276046320796013,0.10603517293930054,0.46316882967948914,0.2521989345550537,0.28463223576545715,True,True,True
test,215318$_$12,1,0.0,0.08561281859874725,T,1.951082706451416,-0.1306465119123459,0.010785195976495743,0.932410717010498,0.06243518367409706,0.0051541803404688835,A,-0.00673532672226429,0.0314461886882782,-0.011157589964568615,0.1365109235048294,0.6373481750488281,0.22614091634750366,0.45718663930892944,0.2593444585800171,0.28346890211105347,True,True,True
test,221137$_$2,1,0.0,-0.04457409679889679,T,2.2480180263519287,0.04418555647134781,-0.005866900086402893,0.9782196879386902,0.01922724023461342,0.0025529677513986826,T,-0.038667231798172,0.03322980925440788,-0.024413784965872765,0.4014837145805359,0.3450267016887665,0.25348949432373047,0.46814167499542236,0.24877279996871948,0.28308552503585815,True,True,True
test,221137$_$5,0,-2.0683345794677734,-2.0683345794677734,T,9.138654708862305,-0.07406756281852722,-0.06468115746974945,0.9850444793701172,0.007983652874827385,0.00697190361097455,T,-0.9240468740463257,0.02101362869143486,0.04114420711994171,0.9369727373123169,0.021307572722434998,0.041719745844602585,0.39559653401374817,0.2922351062297821,0.3121683597564697,True,True,True
test,221153$_$14,0,-2.047396659851074,-2.047396659851074,T,7.444178104400635,-0.012345937080681324,0.025171451270580292,0.9949854612350464,0.0016501523787155747,0.003364404896274209,T,-0.799321711063385,-0.020468492060899734,-0.028916461393237114,0.9418115019798279,0.024117274209856987,0.03407120704650879,0.3889552652835846,0.30479371547698975,0.30625098943710327,True,True,True
test,221153$_$16,0,-1.5481970310211182,-1.5481970310211182,T,5.478791236877441,-0.058522485196590424,0.02396351844072342,0.9851677417755127,0.010523209348320961,0.004308995325118303,T,-0.5309237241744995,-0.01544986478984356,-0.03958086296916008,0.9060835242271423,0.026367004960775375,0.06754937767982483,0.3955020606517792,0.30060407519340515,0.30389389395713806,True,True,True
test,221153$_$6,2,9.999999974752427e-07,-0.15804964303970337,V,-0.13150238990783691,-0.04843531548976898,0.1442427933216095,0.40564560890197754,0.1494084894657135,0.44494596123695374,V,0.013037809170782566,-0.018165117129683495,-0.06259681284427643,0.1389962136745453,0.1936585009098053,0.6673452854156494,0.434634268283844,0.29048943519592285,0.27487626671791077,True,True,True
test,221153$_$20,1,0.0,-0.3016816973686218,T,2.106984853744507,0.052794139832258224,-0.014603596180677414,0.9690036773681641,0.024280058220028877,0.006716203410178423,T,-0.04045359790325165,-0.03562084585428238,-0.03981924429535866,0.34905779361724854,0.30735793709754944,0.34358423948287964,0.44660454988479614,0.2755793631076813,0.2778160870075226,True,True,True
test,22373$_$10,0,-1.8876030445098877,-1.8876030445098877,T,8.649007797241211,-0.0642278715968132,0.26301831007003784,0.9635430574417114,0.007155308499932289,0.029301565140485764,T,-0.7770688533782959,0.038256749510765076,-0.016272323206067085,0.9344285726547241,0.04600390046834946,0.01956753619015217,0.4006669521331787,0.2900482714176178,0.3092847466468811,True,True,True
test,22373$_$1,1,0.0,-0.19370239973068237,T,3.2250478267669678,0.028172042220830917,0.17469824850559235,0.940818190574646,0.008218411356210709,0.05096336454153061,V,-0.043690163642168045,0.008004196919500828,-0.043963536620140076,0.45673346519470215,0.08367522805929184,0.459591269493103,0.4639357626438141,0.2639560401439667,0.27210819721221924,True,True,True
test,22373$_$2,0,-0.22847887873649597,-0.22847887873649597,T,-0.5485544800758362,-0.009048964828252792,0.1682078093290329,0.7557811737060547,0.012467380613088608,0.2317514568567276,T,-0.09971106052398682,0.03141631931066513,-0.023004725575447083,0.6469194293022156,0.20382721722126007,0.14925329387187958,0.4564000964164734,0.2510606348514557,0.29253923892974854,True,True,True
test,22373$_$7,0,-0.6824469566345215,-0.6824469566345215,T,4.354259490966797,-0.08153127878904343,0.11458294093608856,0.9569015502929688,0.017917491495609283,0.0251809973269701,T,-0.33078545331954956,0.05044519528746605,0.03381539508700371,0.7969849705696106,0.12154120206832886,0.08147384226322174,0.4206523597240448,0.274196982383728,0.3051506578922272,True,True,True
test,224263$_$13,2,2.2519690990448,2.2519690990448,T,7.496975898742676,0.2253836840391159,-0.05551869049668312,0.9638844728469849,0.02897752821445465,0.007138025015592575,T,0.993278980255127,0.004464567173272371,-0.03827855736017227,0.9587430953979492,0.0043093361891806126,0.03694762662053108,0.34765204787254333,0.306744784116745,0.3456031382083893,True,True,True
test,224263$_$14,0,-1.7258051633834839,-1.7258051633834839,T,7.068190097808838,-0.001379227265715599,0.048615358769893646,0.9929764866828918,0.0001937610941240564,0.006829741410911083,T,-0.659736156463623,0.0074564311653375626,-0.01807400770485401,0.9627437591552734,0.01088106632232666,0.026375146582722664,0.3978073298931122,0.29978427290916443,0.3024084270000458,True,True,True
test,224263$_$3,0,-2.113368511199951,-2.113368511199951,T,8.974821090698242,-0.11074995994567871,0.08809627592563629,0.9783241748809814,0.012072592973709106,0.0096031678840518,T,-0.8954198360443115,0.011023525148630142,-0.006687959190458059,0.9806035757064819,0.012072223238646984,0.007324203383177519,0.38622191548347473,0.3077192008495331,0.3060589134693146,True,True,True
test,224370$_$3,0,-1.6107290983200073,-1.6107290983200073,T,6.251534461975098,-0.04912906512618065,-0.03513699769973755,0.9866999983787537,0.007754200138151646,0.005545786581933498,T,-0.5902931690216064,-0.026209570467472076,0.0017073767958208919,0.9548422694206238,0.04239589348435402,0.002761806594207883,0.3957376182079315,0.3047795593738556,0.2994828522205353,True,True,True
test,224370$_$5,2,0.26271677017211914,0.26271677017211914,T,1.2875149250030518,0.20487286150455475,-0.04978432506322861,0.8348711133003235,0.13284695148468018,0.03228195384144783,T,0.09580542892217636,-0.0034770190250128508,-0.019523344933986664,0.806403636932373,0.02926640957593918,0.1643299013376236,0.42249247431755066,0.26786497235298157,0.3096425235271454,True,True,True
test,224370$_$11,0,-0.3168718218803406,-0.3168718218803406,T,1.076888918876648,-0.05373872071504593,-0.0030924156308174133,0.9498720169067383,0.0474003441631794,0.002727671293541789,T,-0.1186121478676796,0.01745857112109661,-0.019857894629240036,0.7606824040412903,0.11196515709161758,0.12735247611999512,0.43696328997612,0.2738476097583771,0.28918904066085815,True,True,True
test,224370$_$15,0,-1.5525717735290527,-1.5525717735290527,T,7.107398986816406,0.0022244229912757874,0.01497376337647438,0.9975860714912415,0.00031221736571751535,0.0021016995888203382,T,-0.5942230224609375,0.01385804358869791,-0.007579137105494738,0.9651802182197571,0.022509241476655006,0.012310585007071495,0.40809887647628784,0.2839420437812805,0.30795910954475403,True,True,True
test,224631$_$5,2,0.8204509019851685,0.8204509019851685,T,3.1966967582702637,0.12515245378017426,0.13504955172538757,0.9247296452522278,0.03620367869734764,0.039066679775714874,T,0.255127876996994,0.021190863102674484,-0.010685590095818043,0.8889338970184326,0.07383465021848679,0.037231460213661194,0.4103008806705475,0.2905528247356415,0.29914626479148865,True,True,True
test,226601$_$11,0,-1.7555605173110962,-1.7555605173110962,T,8.1714506149292,0.1261730194091797,0.07947835326194763,0.9754508137702942,0.015061655081808567,0.009487571194767952,T,-0.7983322143554688,0.10049666464328766,0.012528959661722183,0.8759810924530029,0.11027135699987411,0.013747574761509895,0.4464587867259979,0.22409877181053162,0.32944247126579285,True,True,True
test,226601$_$18,0,-1.9339649677276611,-1.9339649677276611,T,8.458576202392578,0.058597903698682785,0.005177716258913279,0.9925167560577393,0.0068757906556129456,0.0006075454875826836,T,-0.837085485458374,0.056792035698890686,-0.0007969887228682637,0.9356313347816467,0.06347787380218506,0.0008908141753636301,0.42089492082595825,0.25465166568756104,0.3244534730911255,True,True,True
test,226601$_$0,1,0.0,-0.03275182098150253,T,3.2562217712402344,-0.044251613318920135,-0.0862049087882042,0.9614794850349426,0.013066375628113747,0.025454116985201836,T,-0.05661209672689438,0.04522977024316788,-0.014527469873428345,0.48648637533187866,0.3886742889881134,0.12483932822942734,0.49682849645614624,0.22651337087154388,0.2766580581665039,True,True,True
test,226640$_$9,2,0.32090553641319275,0.32090553641319275,T,1.64336359500885,0.20881377160549164,0.19490230083465576,0.8027844429016113,0.10200569033622742,0.09520992636680603,V,-0.02666478604078293,0.050391584634780884,0.06866045296192169,0.1829904466867447,0.3458186089992523,0.47119101881980896,0.4360252916812897,0.2862430214881897,0.277731716632843,True,True,True
test,22689$_$1,0,-0.7003321647644043,-0.7003321647644043,T,2.296283483505249,-0.0072380551137030125,0.09182454645633698,0.9586436748504639,0.003021715674549341,0.03833456337451935,T,-0.23057514429092407,-0.0068837618455290794,-0.015362149104475975,0.9120092391967773,0.027227802202105522,0.060762934386730194,0.4368237853050232,0.27122798562049866,0.29194819927215576,True,True,True
test,22689$_$0,1,0.0,-0.027643222361803055,T,2.6097428798675537,-0.21145746111869812,-0.06824120879173279,0.9031997919082642,0.07318281382322311,0.023617438971996307,T,-0.013929258100688457,0.00011399429058656096,-0.010391488671302795,0.5700595378875732,0.00466525461524725,0.42527514696121216,0.47393134236335754,0.2457384616136551,0.28033021092414856,True,True,True
test,234046$_$1,2,0.23687414824962616,0.23687414824962616,A,-0.28629064559936523,0.33870312571525574,-0.18049994111061096,0.3554225564002991,0.4204913377761841,0.22408609092235565,T,0.09580501914024353,-0.007794067729264498,-0.023880276829004288,0.751533567905426,0.06113984063267708,0.1873266100883484,0.46655553579330444,0.22849974036216736,0.3049446940422058,True,True,True
test,236442$_$3,1,0.0,-0.009725487791001797,T,1.180433988571167,0.0007554963231086731,-0.03817015886306763,0.9680770039558411,0.0006195845198817551,0.03130344673991203,T,-0.051892176270484924,0.03154575824737549,0.002112489892169833,0.6065682768821716,0.3687387704849243,0.024692920967936516,0.4798830449581146,0.23258110880851746,0.28753581643104553,True,True,True
test,23656$_$1,1,0.0,0.2026817947626114,T,0.8570498824119568,-0.2009424865245819,0.0,0.8100719451904297,0.1899281144142151,0.0,T,0.028780100867152214,0.023891480639576912,0.0,0.546406626701355,0.453593373298645,0.0,0.6464235186576843,0.3535764813423157,0.0,True,True,False
test,23656$_$0,1,0.0,0.371559202671051,T,2.123117446899414,-0.2946084439754486,-0.09193793684244156,0.8459768295288086,0.11738960444927216,0.03663356602191925,T,0.05253833159804344,0.03003949671983719,0.026922330260276794,0.4798014461994171,0.2743329107761383,0.24586568772792816,0.48131507635116577,0.2305891066789627,0.2880958020687103,True,True,True
test,23656$_$2,2,1.3899484872817993,1.3899484872817993,T,5.549582004547119,0.14459998905658722,-0.09269623458385468,0.9589940905570984,0.024987563490867615,0.016018349677324295,T,0.5129453539848328,0.0005846750573255122,-0.026996392756700516,0.9489737749099731,0.0010816771537065506,0.04994463548064232,0.3664798140525818,0.3033265769481659,0.3301936089992523,True,True,True
test,23656$_$7,0,-0.39277738332748413,-0.39277738332748413,T,0.8411495685577393,0.02641717717051506,0.11575843393802643,0.8554134368896484,0.026865148916840553,0.11772141605615616,T,-0.17948178946971893,0.03768637403845787,-0.004878341220319271,0.8083071708679199,0.16972288489341736,0.021969906985759735,0.4534124433994293,0.2461545765399933,0.300432950258255,True,True,True
test,23656$_$9,1,0.0,-0.24269141256809235,T,0.47590017318725586,-0.021208398044109344,0.0,0.9573364853858948,0.042663510888814926,0.0,T,-0.10776928067207336,0.011702882125973701,0.0,0.9020451307296753,0.0979548841714859,0.0,0.630243718624115,0.3697563111782074,0.0,True,True,False
test,23656$_$15,2,0.9234685897827148,0.9234685897827148,T,3.98940372467041,0.293710321187973,0.0,0.9314259886741638,0.06857401877641678,0.0,T,0.28680557012557983,0.016340957954525948,0.0,0.9460954666137695,0.05390448495745659,0.0,0.5940118432044983,0.4059882164001465,0.0,True,True,False
test,237363$_$10,1,0.0,-0.27458852529525757,T,1.2867125272750854,0.01601633056998253,-0.10113058984279633,0.9165536165237427,0.011408784426748753,0.07203754037618637,T,-0.08754629641771317,-0.0028013575356453657,-0.01643083430826664,0.8198870420455933,0.026235224679112434,0.15387776494026184,0.45762720704078674,0.26717108488082886,0.2752017378807068,True,True,True
test,237363$_$4,1,0.0,-0.1076488196849823,T,1.3921312093734741,0.029840538278222084,-0.17273451387882233,0.8729702830314636,0.018712246790528297,0.10831744968891144,A,0.008290017955005169,-0.03400163725018501,-0.025178812444210052,0.12286883592605591,0.503948450088501,0.3731827139854431,0.45666760206222534,0.2807018458843231,0.26263049244880676,True,True,True
test,238063$_$15,0,-1.9733730554580688,-1.9733730554580688,T,9.582789421081543,-0.038990698754787445,0.043016545474529266,0.9915148615837097,0.004034300800412893,0.004450848326086998,T,-0.9204789400100708,0.07001225650310516,0.046564750373363495,0.8875885009765625,0.06751058995723724,0.04490090534090996,0.422680139541626,0.28279468417167664,0.2945251762866974,True,True,True
test,238063$_$17,0,-0.498623251914978,-0.498623251914978,T,1.8848217725753784,-0.03698088601231575,-0.01294880360364914,0.974193274974823,0.019114024937152863,0.006692748051136732,T,-0.21703951060771942,0.029612969607114792,0.004670325666666031,0.8635886311531067,0.11782842129468918,0.01858297549188137,0.4432045519351959,0.2733689546585083,0.283426433801651,True,True,True
test,238063$_$16,2,1.3334530591964722,1.3334530591964722,T,3.1184427738189697,0.2952219247817993,0.3922259211540222,0.8193726539611816,0.07756973057985306,0.10305758565664291,T,0.3723558187484741,0.04923531413078308,0.0412222184240818,0.8045485615730286,0.10638266056776047,0.08906877785921097,0.4332408905029297,0.2891857922077179,0.2775733768939972,True,True,True
test,238063$_$7,1,0.0,-0.049134861677885056,T,2.1893231868743896,0.06186722591519356,0.08062556385993958,0.9388919472694397,0.026531778275966644,0.03457629680633545,T,-0.049456432461738586,0.027991484850645065,-0.009906887076795101,0.5661557912826538,0.3204343914985657,0.11340975016355515,0.45901766419410706,0.25992530584335327,0.2810570001602173,True,True,True
test,24196$_$0,1,0.0,0.10052451491355896,T,3.6675009727478027,-0.007258080877363682,-0.053934670984745026,0.983588695526123,0.0019465478835627437,0.01446476299315691,A,0.00919196754693985,0.014547514729201794,-0.005210848990827799,0.31750819087028503,0.5024990439414978,0.17999272048473358,0.46924349665641785,0.26054710149765015,0.270209401845932,True,True,True
test,24196$_$3,0,-1.9306180477142334,-1.9306180477142334,T,8.274593353271484,0.034959953278303146,0.07413463294506073,0.986987292766571,0.004169996827840805,0.008842723444104195,T,-0.7908233404159546,0.0013023479841649532,0.010337207466363907,0.9854951500892639,0.0016229384345933795,0.012881850823760033,0.3916560709476471,0.30063962936401367,0.3077043294906616,True,True,True
test,243981$_$10,0,-1.4902145862579346,-1.4902145862579346,T,7.292253494262695,-0.022375717759132385,0.07739487290382385,0.9865029454231262,0.0030270081479102373,0.010470051318407059,T,-0.6295467019081116,0.04651683568954468,0.023071249946951866,0.9004654288291931,0.0665348619222641,0.03299971669912338,0.4254216253757477,0.2871735394001007,0.287404865026474,True,True,True
test,243981$_$1,2,0.30899763107299805,0.30899763107299805,T,1.9630955457687378,-0.0632803663611412,0.16547095775604248,0.8956353664398193,0.028870796784758568,0.07549384981393814,T,0.08476797491312027,-0.019473446533083916,0.023079166188836098,0.665783703327179,0.15294814109802246,0.1812681406736374,0.4079380929470062,0.3042183220386505,0.28784358501434326,True,True,True
test,243981$_$4,0,-1.6408302783966064,-1.6408302783966064,T,6.808230400085449,-0.03232642263174057,0.0782899558544159,0.9840123057365417,0.004672226961702108,0.011315463110804558,T,-0.6298378705978394,-0.0035206666216254234,0.00435675447806716,0.9876474738121033,0.0055207498371601105,0.006831817794591188,0.39722567796707153,0.3034600019454956,0.29931432008743286,True,True,True
test,243981$_$6,0,-1.778418779373169,-1.778418779373169,T,7.798989295959473,-0.013771018013358116,0.004340901970863342,0.9976829886436462,0.0017616527620702982,0.0005553083610720932,T,-0.7526705861091614,0.021994538605213165,0.033702246844768524,0.9310996532440186,0.027208592742681503,0.041691746562719345,0.4063308835029602,0.3100619912147522,0.28360715508461,True,True,True
test,24504$_$10,2,0.5441948771476746,0.5441948771476746,T,2.3805978298187256,0.4034806191921234,0.29071497917175293,0.7742301821708679,0.13122202455997467,0.0945478081703186,T,0.13087570667266846,0.028466619551181793,0.00909375213086605,0.7770052552223206,0.16900548338890076,0.053989339619874954,0.4532041847705841,0.2599989175796509,0.2867969572544098,True,True,True
test,245582$_$11,0,-1.4985982179641724,-1.4985982179641724,T,7.343923568725586,0.03286591172218323,0.233443021774292,0.9650064706802368,0.004318647552281618,0.0306748878210783,T,-0.5833596587181091,0.054764218628406525,-0.035079944878816605,0.866542398929596,0.08134864270687103,0.05210895091295242,0.42518529295921326,0.28091928362846375,0.2938954830169678,True,True,True
test,245582$_$13,0,-1.3927698135375977,-1.3927698135375977,T,4.278526306152344,-0.05159977823495865,0.12030555307865143,0.9613732695579529,0.01159433089196682,0.027032332494854927,T,-0.5039775371551514,0.005858057178556919,-0.01959637738764286,0.9519211649894714,0.011064795777201653,0.03701396659016609,0.4215478301048279,0.31348246335983276,0.26496973633766174,True,True,True
test,245582$_$16,0,-0.9566565155982971,-0.9566565155982971,T,3.7525482177734375,0.03980246186256409,0.18034344911575317,0.9445852041244507,0.010019009932875633,0.045395754277706146,T,-0.34412819147109985,0.036712706089019775,-0.03798261284828186,0.8216544389724731,0.08765674382448196,0.09068882465362549,0.4177738428115845,0.29194292426109314,0.2902832329273224,True,True,True
test,245582$_$4,0,-1.0265705585479736,-1.0265705585479736,T,5.256193161010742,-0.0021002087742090225,0.20748978853225708,0.9616541862487793,0.0003842466394416988,0.03796158358454704,T,-0.3524107336997986,0.029128191992640495,-0.04828066751360893,0.8199038505554199,0.06776841729879379,0.11232775449752808,0.41905561089515686,0.29210007190704346,0.2888442277908325,True,True,True
test,252097$_$12,0,-2.103708505630493,-2.103708505630493,T,8.940207481384277,0.010173927992582321,0.034037619829177856,0.9950791001319885,0.0011323968647047877,0.0037885166238993406,T,-0.9108900427818298,0.007294514216482639,0.018874922767281532,0.9720727801322937,0.007784472778439522,0.02014271542429924,0.4180923104286194,0.3210480511188507,0.2608596682548523,True,True,True
test,252097$_$4,0,-2.2556190490722656,-2.2556190490722656,T,10.087400436401367,-0.006012681871652603,0.027254432439804077,0.9967129826545715,0.0005940993432886899,0.002692948095500469,T,-1.0660438537597656,0.014444843865931034,0.059356894344091415,0.935252845287323,0.01267263200134039,0.052074503153562546,0.46877357363700867,0.3541071116924286,0.17711935937404633,True,True,True
test,252912$_$13,0,-1.6601955890655518,-1.6601955890655518,T,7.347661972045898,0.009609400294721127,-0.07892818003892899,0.9880937337875366,0.0012922462774440646,0.010614048689603806,T,-0.6483578681945801,0.015669163316488266,-0.0055702487006783485,0.9682803153991699,0.02340087667107582,0.008318804204463959,0.39830559492111206,0.2907544672489166,0.3109399378299713,True,True,True
test,257277$_$1,2,0.5404714941978455,0.5404714941978455,T,2.9559006690979004,0.10956311225891113,-0.14490044116973877,0.9207368493080139,0.03412793576717377,0.04513520002365112,T,0.20009636878967285,0.025231292471289635,-0.05817463994026184,0.7058016061782837,0.08899854868650436,0.20519989728927612,0.40201619267463684,0.2826967239379883,0.31528714299201965,True,True,True
test,257277$_$3,1,0.0,0.04053949564695358,T,2.2960498332977295,-0.011521212756633759,-0.049646466970443726,0.9740509986877441,0.00488763302564621,0.021061472594738007,A,-0.022184748202562332,0.0773586705327034,-0.0566520169377327,0.14203199744224548,0.49526846408843994,0.36269956827163696,0.4771959185600281,0.2289225161075592,0.2938815653324127,True,True,True
test,257277$_$5,0,-0.3687036633491516,-0.3687036633491516,T,1.8175557851791382,-0.13569143414497375,0.06754475831985474,0.8994274139404297,0.0671476498246193,0.033424895256757736,T,-0.16248533129692078,0.05648912489414215,-0.0325215607881546,0.6460751891136169,0.22461239993572235,0.1293124258518219,0.44028881192207336,0.2595534324645996,0.3001578152179718,True,True,True
test,257534$_$4,1,0.0,0.0021543302573263645,T,3.0058071613311768,0.0015579890459775925,-0.24162623286247253,0.9251508116722107,0.0004795300483237952,0.07436960935592651,A,0.004489017650485039,-0.03095167689025402,0.012188684195280075,0.09424892067909241,0.649844229221344,0.2559068500995636,0.47638243436813354,0.2861245572566986,0.23749299347400665,True,True,True
test,267466$_$24,0,-0.04186312109231949,-0.04186312109231949,T,0.3295189142227173,-0.026405759155750275,-0.03304488584399223,0.847158670425415,0.06788644194602966,0.08495494723320007,T,-0.0684879869222641,0.01949950121343136,0.020041119307279587,0.6339800953865051,0.18050312995910645,0.18551678955554962,0.4353468716144562,0.2712843418121338,0.2933688461780548,True,True,True
test,267466$_$44,0,-1.9903736114501953,-1.9903736114501953,T,7.8180694580078125,0.023136889562010765,0.0574825182557106,0.9897932410240173,0.0029292062390595675,0.007277475669980049,T,-0.8451112508773804,0.010470191016793251,0.020683785900473595,0.9644468426704407,0.011948655359447002,0.023604480549693108,0.4056435823440552,0.28550979495048523,0.308846652507782,True,True,True
test,267466$_$42,0,-1.7200055122375488,-1.7200055122375488,T,7.815528392791748,0.03924284130334854,-0.028240034356713295,0.9914394617080688,0.0049781533889472485,0.00358239165507257,T,-0.7253623008728027,0.04147551208734512,0.0164176095277071,0.9260864853858948,0.05295272544026375,0.02096073515713215,0.4110669493675232,0.2687149941921234,0.320218026638031,True,True,True
test,267466$_$9,1,0.0,-0.3994998335838318,T,0.7168618440628052,0.022850802168250084,0.03244974836707115,0.9283822774887085,0.02959326095879078,0.042024511843919754,T,-0.13911935687065125,-0.0025551854632794857,-0.007279799319803715,0.9339731335639954,0.0171541515737772,0.0488726869225502,0.45066508650779724,0.27485236525535583,0.2744825482368469,True,True,True
test,267466$_$13,0,-0.26034221053123474,-0.26034221053123474,T,0.2653571367263794,-0.02563048154115677,-0.032951194792985916,0.8191581964492798,0.07912136614322662,0.101720429956913,T,-0.11092334240674973,0.023971209302544594,-0.01503949798643589,0.7398142218589783,0.15987835824489594,0.1003074198961258,0.4548531472682953,0.2551526427268982,0.2899942398071289,True,True,True
test,267466$_$38,0,-1.7635917663574219,-1.7635917663574219,T,7.964256286621094,-0.03621600568294525,-0.048579223453998566,0.9894652366638184,0.004499413073062897,0.006035397294908762,T,-0.7126856446266174,0.03354937583208084,-0.010251476429402828,0.9420996308326721,0.04434894397854805,0.013551433570683002,0.4030628502368927,0.27852076292037964,0.3184163570404053,True,True,True
test,267466$_$35,0,-1.3082196712493896,-1.3082196712493896,T,6.445216178894043,0.016177281737327576,0.0448736697435379,0.9906166195869446,0.002486415207386017,0.00689699174836278,T,-0.521338164806366,0.009473048150539398,0.029501309618353844,0.9304417967796326,0.016906723380088806,0.052651528269052505,0.4084013104438782,0.2836932837963104,0.3079054057598114,True,True,True
test,267466$_$34,0,-0.2966845631599426,-0.2966845631599426,T,1.0296883583068848,-0.04548455402255058,-0.002530572935938835,0.9554468393325806,0.042205072939395905,0.002348116133362055,T,-0.13741381466388702,0.00776150356978178,0.015441064722836018,0.8555404543876648,0.04832323640584946,0.09613630175590515,0.44402578473091125,0.2636463940143585,0.2923278510570526,True,True,True
test,267694$_$14,0,-2.2205450534820557,-2.2205450534820557,T,9.412277221679688,0.031015608459711075,0.19244135916233063,0.9768096208572388,0.0032188112381845713,0.019971635192632675,T,-0.9926888942718506,-0.002866318915039301,0.029682094231247902,0.9682527780532837,0.002795761451125145,0.028951438143849373,0.4076312482357025,0.3019438683986664,0.2904248833656311,True,True,True
test,267694$_$16,0,-1.7592544555664062,-1.7592544555664062,T,7.477045059204102,-0.07433144748210907,0.19473403692245483,0.9652644395828247,0.009595970623195171,0.025139588862657547,T,-0.7728406190872192,0.031227778643369675,0.054431457072496414,0.9002222418785095,0.03637482225894928,0.06340298801660538,0.4263630509376526,0.30649805068969727,0.26713886857032776,True,True,True
test,267694$_$3,0,-0.5626145601272583,-0.5626145601272583,T,3.442924737930298,-0.044374942779541016,0.16995391249656677,0.9413962364196777,0.012133406475186348,0.046470366418361664,T,-0.2519701421260834,0.003226934466511011,0.04396670684218407,0.8422481417655945,0.010786513797938824,0.14696533977985382,0.44749903678894043,0.3017202913761139,0.2507806420326233,True,True,True
test,267694$_$5,1,0.0,0.3487483561038971,T,1.0320205688476562,-0.13431954383850098,-0.4214935898780823,0.6499550938606262,0.08459296077489853,0.26545199751853943,V,0.05258814990520477,-0.0039723897352814674,0.05316954478621483,0.47925007343292236,0.036201465874910355,0.4845484793186188,0.48691272735595703,0.28420722484588623,0.22888004779815674,True,True,True
test,267694$_$4,2,0.6491459608078003,0.6491459608078003,T,0.8516052961349487,0.17100082337856293,0.7359620928764343,0.48426058888435364,0.09723865985870361,0.41850072145462036,T,0.13623027503490448,0.010768568143248558,0.057866308838129044,0.6649753451347351,0.05256418138742447,0.282460480928421,0.5169515609741211,0.3245483934879303,0.1585000455379486,True,True,True
test,267694$_$7,0,-1.9707763195037842,-1.9707763195037842,T,8.479187965393066,-0.07250042259693146,0.15453168749809265,0.9739230275154114,0.008327428251504898,0.017749574035406113,T,-0.8628655076026917,-0.005598126444965601,0.06608587503433228,0.9232956767082214,0.005990187171846628,0.07071415334939957,0.4338546097278595,0.338882178068161,0.2272632122039795,True,True,True
test,267694$_$6,0,-2.2253384590148926,-2.2253384590148926,T,9.92101764678955,-0.04566061496734619,0.1941988319158554,0.9763938188552856,0.00449376692995429,0.01911240816116333,T,-1.0344643592834473,0.026389531791210175,0.03865833580493927,0.9408393502235413,0.02400112710893154,0.035159531980752945,0.4341493248939514,0.30109819769859314,0.26475247740745544,True,True,True
test,273207$_$0,1,0.0,-0.08621025085449219,T,2.4091365337371826,-0.13349461555480957,0.0,0.9474974274635315,0.052502550184726715,0.0,T,-0.055174995213747025,0.011438246816396713,0.0,0.8282886743545532,0.17171131074428558,0.0,0.6521003246307373,0.3478996455669403,0.0,True,True,False
test,273207$_$5,2,0.4831606149673462,0.4831606149673462,T,-0.49578797817230225,0.2859177589416504,0.24115575850009918,0.484706848859787,0.27952733635902405,0.23576579988002777,T,0.06870031356811523,0.03042207844555378,0.04835360497236252,0.4658406674861908,0.20628495514392853,0.32787442207336426,0.47666674852371216,0.25517359375953674,0.26815974712371826,True,True,True
test,273207$_$7,0,-1.3984971046447754,-1.3984971046447754,T,7.474917411804199,-0.0009718425571918488,0.09077247977256775,0.9878751635551453,0.00012843743024859577,0.011996370740234852,T,-0.5885072946548462,0.0504971481859684,0.017857864499092102,0.8959370851516724,0.07687630504369736,0.027186617255210876,0.42419636249542236,0.2557775676250458,0.3200260102748871,True,True,True
test,273207$_$9,2,0.3806418776512146,0.3806418776512146,T,-0.5232459306716919,0.31836146116256714,0.3244593143463135,0.4487272799015045,0.2730216681957245,0.2782510817050934,V,0.029125120490789413,0.027133213356137276,0.05631771311163902,0.25871506333351135,0.24102118611335754,0.5002636909484863,0.49143901467323303,0.25504887104034424,0.25351205468177795,True,True,True
test,273250$_$20,0,-0.20784522593021393,-0.20784522593021393,T,-0.33572328090667725,-0.028162579983472824,0.15879735350608826,0.6423074007034302,0.053880780935287476,0.30381184816360474,T,-0.0946735069155693,0.014647831209003925,-0.0043593281880021095,0.8328021764755249,0.12885068356990814,0.03834713622927666,0.4551023542881012,0.2716754674911499,0.2732221782207489,True,True,True
test,273250$_$3,1,0.0,0.06359469890594482,T,3.234020709991455,-0.018232226371765137,-0.04567236453294754,0.9806227684020996,0.005528392270207405,0.01384881604462862,V,0.012100281193852425,0.021732648834586143,-0.027623604983091354,0.1968916952610016,0.3536263406276703,0.4494819939136505,0.46818190813064575,0.2626246511936188,0.2691934406757355,True,True,True
test,273250$_$7,1,0.0,0.028477538377046585,T,0.6766763925552368,-0.08487259596586227,-0.03605729341506958,0.8483839631080627,0.10640913248062134,0.04520688205957413,V,0.02440955862402916,0.012353790923953056,-0.042262639850378036,0.30888015031814575,0.15632568299770355,0.5347942113876343,0.4461461901664734,0.2685937285423279,0.28526005148887634,True,True,True
test,273250$_$11,1,0.0,-0.10144966840744019,T,2.759185791015625,-0.08462858945131302,-0.10117398947477341,0.9369089007377625,0.028736477717757225,0.03435463085770607,T,-0.025998324155807495,-0.006388715468347073,-0.016434505581855774,0.5325174331665039,0.13085852563381195,0.33662402629852295,0.46730169653892517,0.2612539529800415,0.2714443802833557,True,True,True
test,273250$_$12,0,-0.39292868971824646,-0.39292868971824646,T,0.7929069995880127,-0.0038014445453882217,0.04835866019129753,0.9382769465446472,0.004498393274843693,0.057224635034799576,T,-0.1223030760884285,-0.0011380782816559076,-0.02328391745686531,0.8335526585578918,0.007756535895168781,0.15869078040122986,0.42773616313934326,0.28602853417396545,0.2862353026866913,True,True,True
test,273250$_$16,0,-0.3019467294216156,-0.3019467294216156,T,-0.09066259860992432,-0.004590332508087158,0.07580601423978806,0.5300078988075256,0.026834798976778984,0.44315725564956665,T,-0.1209799274802208,0.018368104472756386,-0.013371095061302185,0.7921727299690247,0.12027376890182495,0.08755350857973099,0.4548009932041168,0.2616669833660126,0.2835320234298706,True,True,True
test,273250$_$19,0,-0.2798094153404236,-0.2798094153404236,T,-0.14636492729187012,0.0037173000164330006,0.0668208971619606,0.6747940182685852,0.01713806577026844,0.3080679476261139,T,-0.09625622630119324,0.001804630272090435,-0.014082171954214573,0.858334481716156,0.016092220321297646,0.1255733221769333,0.44315648078918457,0.2742069661617279,0.2826366126537323,True,True,True
test,275267$_$5,1,0.0,0.022609541192650795,T,2.3238301277160645,-0.004589594900608063,-0.13464446365833282,0.9434711933135986,0.0018633679719641805,0.05466543138027191,T,-0.02409791573882103,0.019248589873313904,-0.002606100868433714,0.5244080424308777,0.4188791811466217,0.0567127987742424,0.4614781439304352,0.2703092098236084,0.26821261644363403,True,True,True
test,27v7Blr0vjw$_$0,1,0.0,-0.030949383974075317,T,1.7763539552688599,-0.19075751304626465,-0.10288125276565552,0.858144998550415,0.09215370565652847,0.0497012622654438,T,-0.0604555606842041,0.0062517463229596615,0.028894905000925064,0.6323657035827637,0.06539332121610641,0.3022409677505493,0.4615126848220825,0.26003095507621765,0.2784563899040222,True,True,True
test,27v7Blr0vjw$_$3,1,0.0,0.3026784062385559,T,1.3417205810546875,-0.24213050305843353,-0.06510503590106964,0.8136787414550781,0.14683865010738373,0.03948257490992546,T,0.04055136442184448,0.027841119095683098,0.01785266026854515,0.4701871871948242,0.3228137493133545,0.2069990038871765,0.46691209077835083,0.24750909209251404,0.28557881712913513,True,True,True
test,28006$_$22,0,-1.9061503410339355,-1.9061503410339355,T,7.2843499183654785,-0.014452694915235043,0.011267624795436859,0.9964815378189087,0.0019770939834415913,0.0015413840301334858,T,-0.7525267601013184,-0.015612361021339893,0.002753966022282839,0.9761752486228943,0.020252304151654243,0.0035724358167499304,0.39758411049842834,0.28926560282707214,0.3131503164768219,True,True,True
test,28006$_$0,0,-0.8610754609107971,-0.8610754609107971,T,1.9393575191497803,-0.01606561243534088,-0.009136401116847992,0.9871716499328613,0.008177717216312885,0.004650610499083996,T,-0.30150535702705383,-0.030700931325554848,0.021892862394452095,0.8514715433120728,0.08670151233673096,0.0618269257247448,0.4256819486618042,0.2776520252227783,0.2966659963130951,True,True,True
test,28006$_$5,0,-0.5861554145812988,-0.5861554145812988,T,1.483879804611206,-0.018475642427802086,-0.02353890985250473,0.9724655747413635,0.012108074501156807,0.015426303260028362,T,-0.20695343613624573,-0.01598712056875229,0.010018477216362953,0.8883683085441589,0.06862631440162659,0.043005313724279404,0.4332604706287384,0.2724718749523163,0.2942677140235901,True,True,True
test,28006$_$7,0,-2.0556726455688477,-2.0556726455688477,T,8.763418197631836,-0.016674812883138657,-0.00026362761855125427,0.9980708956718445,0.0018991043325513601,3.0024706575204618e-05,T,-0.8401510119438171,-0.024344779551029205,0.01060706190764904,0.9600597023963928,0.027819333598017693,0.012120931409299374,0.38775351643562317,0.3000819981098175,0.31216445565223694,True,True,True
test,28006$_$13,0,-1.064978003501892,-1.064978003501892,T,4.8937835693359375,-0.010510072112083435,0.07472185045480728,0.9828817844390869,0.002110873581841588,0.015007355250418186,T,-0.3957716226577759,-0.02252010442316532,0.032154858112335205,0.8786205649375916,0.0499950610101223,0.07138440012931824,0.42133697867393494,0.2963443100452423,0.282318651676178,True,True,True
test,28006$_$15,0,-1.9799613952636719,-1.9799613952636719,T,8.358983039855957,-0.004308049567043781,-0.004701990634202957,0.9989233613014221,0.0005148247582837939,0.0005619018920697272,T,-0.8202059864997864,0.011039406061172485,0.0013836934231221676,0.9850795865058899,0.013258490711450577,0.001661836402490735,0.3973168432712555,0.2887798845767975,0.31390324234962463,True,True,True
test,28006$_$17,1,0.0,-0.020209437236189842,T,1.2457154989242554,-0.03614449128508568,0.07652078568935394,0.9170591235160828,0.026608511805534363,0.05633235350251198,A,0.03730897605419159,-0.04672785848379135,-0.012309782207012177,0.387237012386322,0.48499739170074463,0.12776559591293335,0.44666966795921326,0.26786449551582336,0.28546586632728577,True,True,True
test,28006$_$16,0,-0.8057819604873657,-0.8057819604873657,T,3.414001703262329,-0.03973199054598808,0.009881101548671722,0.9856759309768677,0.011471250094473362,0.0028528294060379267,T,-0.26789477467536926,-0.02583172358572483,0.003386489348486066,0.9016595482826233,0.08694241940975189,0.011397984810173512,0.42509886622428894,0.2726769745349884,0.30222412943840027,True,True,True
test,286943$_$5,0,-0.788320779800415,-0.788320779800415,T,5.390366554260254,0.03782987594604492,0.10640956461429596,0.9739386439323425,0.006835152395069599,0.01922622136771679,T,-0.42524200677871704,0.08651959896087646,0.05464491248130798,0.7507717609405518,0.15275177359580994,0.0964764952659607,0.48093128204345703,0.23417320847511292,0.28489547967910767,True,True,True
test,29751$_$10,1,0.0,-0.008225411176681519,T,1.877048134803772,-0.002713039517402649,-0.06677389144897461,0.9643022418022156,0.0013937788316980004,0.034303974360227585,V,-0.010798957198858261,0.022811612114310265,-0.029746554791927338,0.17044582962989807,0.3600481152534485,0.46950608491897583,0.4640907645225525,0.25469815731048584,0.28121113777160645,True,True,True
test,29751$_$1,2,0.26874518394470215,0.26874518394470215,A,-0.16194868087768555,0.16337181627750397,-0.14769747853279114,0.34237322211265564,0.34538185596466064,0.3122449815273285,T,0.0825272873044014,0.030784979462623596,-0.038481831550598145,0.5436791181564331,0.2028074711561203,0.2535133361816406,0.4464722275733948,0.2601628303527832,0.293364942073822,True,True,True
test,29751$_$9,0,-0.6723948121070862,-0.6723948121070862,T,2.921847105026245,0.004990881308913231,0.05028216540813446,0.9814340472221375,0.00167641241569072,0.016889531165361404,T,-0.22562551498413086,0.014819115400314331,-0.03218773379921913,0.8275815844535828,0.0543556734919548,0.11806277930736542,0.4244920611381531,0.27709314227104187,0.29841476678848267,True,True,True
test,2BuFtglEcaY$_$11,2,1.4622796773910522,1.4622796773910522,T,6.654292583465576,0.19423165917396545,0.9348180890083313,0.8549402356147766,0.024954788386821747,0.12010496854782104,T,0.46434640884399414,0.004449948668479919,0.048890989273786545,0.8969629406929016,0.008595822378993034,0.09444114565849304,0.5105111598968506,0.39951571822166443,0.08997315913438797,True,True,True
test,2BuFtglEcaY$_$6,2,0.5393462181091309,0.5393462181091309,T,1.9517760276794434,0.08127130568027496,0.3382177948951721,0.8230947852134705,0.03427339345216751,0.14263178408145905,T,0.0923248827457428,0.014198076911270618,0.0602424219250679,0.5536213517189026,0.08513803035020828,0.36124053597450256,0.43892309069633484,0.30303481221199036,0.2580421268939972,True,True,True
test,2ItiGjefTRA$_$3,1,0.0,0.12074694037437439,T,0.8049286603927612,-0.16818341612815857,-0.07706732302904129,0.7664676904678345,0.1601473093032837,0.07338490337133408,T,0.021508777514100075,0.004888957366347313,-0.001119087915867567,0.7816591858863831,0.17767158150672913,0.04066922515630722,0.4526989161968231,0.26426270604133606,0.2830384075641632,True,True,True
test,2ItiGjefTRA$_$4,0,-0.2400808185338974,-0.2400808185338974,T,0.9362924098968506,0.016578946262598038,0.08983123302459717,0.8979476690292358,0.01589997485280037,0.08615230023860931,T,-0.1579388976097107,0.06200772523880005,0.0007406496442854404,0.7156683802604675,0.2809755504131317,0.003356104949489236,0.4724477231502533,0.22984863817691803,0.29770368337631226,True,True,True
test,2W-U94hXuK0$_$3,0,-0.957421064376831,-0.957421064376831,T,5.156711578369141,-0.00779735017567873,0.14225661754608154,0.9717240333557129,0.0014693224802613258,0.026806652545928955,T,-0.40343716740608215,0.04460147023200989,0.013153922744095325,0.8747695088386536,0.0967089980840683,0.028521541506052017,0.42769962549209595,0.29450953006744385,0.2777908742427826,True,True,True
test,2W-U94hXuK0$_$4,0,-0.652070939540863,-0.652070939540863,T,3.6127970218658447,-0.06944957375526428,0.10824839025735855,0.9531200528144836,0.018322031944990158,0.028557850047945976,T,-0.27649161219596863,-0.005457140505313873,0.04607628658413887,0.842897891998291,0.016636352986097336,0.14046576619148254,0.43838033080101013,0.31342294812202454,0.24819672107696533,True,True,True
test,2fbBrB1nJEQ$_$0,2,0.7923159599304199,0.7923159599304199,T,3.5813417434692383,0.4722241163253784,0.07464279979467392,0.8675292730331421,0.11438959836959839,0.01808116026222706,T,0.19867798686027527,0.03438950702548027,0.02245689183473587,0.7775303721427917,0.13458403944969177,0.08788550645112991,0.4215850532054901,0.24680037796497345,0.33161452412605286,True,True,True
test,2m58ShI1QSI$_$2,2,0.5174393653869629,0.5174393653869629,T,4.113669395446777,0.019198156893253326,-0.044872865080833435,0.9846637845039368,0.004595344886183739,0.010740942321717739,T,0.23347951471805573,-0.007529822643846273,-0.0667203962802887,0.7587161660194397,0.02446894906461239,0.21681492030620575,0.3777984082698822,0.3037630617618561,0.31843847036361694,True,True,True
test,2vsgDSlJ9pU$_$0,2,0.8876148462295532,0.8876148462295532,T,3.4079794883728027,0.30805426836013794,-0.014082233421504498,0.9136390089988708,0.08258570730686188,0.003775280434638262,T,0.2729048728942871,0.03536155819892883,-0.018269412219524384,0.8357577919960022,0.10829303413629532,0.05594917759299278,0.40750882029533386,0.26381370425224304,0.3286775052547455,True,True,True
test,2vsgDSlJ9pU$_$13,2,1.3822646141052246,1.3822646141052246,T,5.617970943450928,0.26958221197128296,0.08240613341331482,0.9410400986671448,0.04515645653009415,0.013803466223180294,T,0.46972036361694336,0.03474999964237213,-0.02119324915111065,0.8935759663581848,0.06610691547393799,0.04031713306903839,0.38584962487220764,0.28624504804611206,0.3279053270816803,True,True,True
test,2ze94yo2aPo$_$0,2,1.2153449058532715,1.2153449058532715,T,4.153719902038574,0.12576933205127716,0.5078122615814209,0.8676537871360779,0.02627144753932953,0.10607485473155975,T,0.34706446528434753,0.027714522555470467,0.039982061833143234,0.8367817401885986,0.06682045757770538,0.09639782458543777,0.435599148273468,0.3233523368835449,0.24104851484298706,True,True,True
test,2ze94yo2aPo$_$5,2,0.5706875920295715,0.5706875920295715,T,1.3788045644760132,-0.05640679970383644,0.3375050127506256,0.7777919769287109,0.0318194143474102,0.19038860499858856,T,0.13703849911689758,0.02112254872918129,0.019421827048063278,0.7716875672340393,0.11894474178552628,0.10936768352985382,0.4396154284477234,0.3130096197128296,0.24737493693828583,True,True,True
test,35694$_$10,1,0.0,0.023654811084270477,T,2.472609043121338,-0.11710365116596222,-0.14994506537914276,0.9025248289108276,0.042743898928165436,0.05473131686449051,A,-0.019352998584508896,0.024495631456375122,-0.012249613180756569,0.3449840247631073,0.4366559386253357,0.21836000680923462,0.4686758816242218,0.2653568685054779,0.2659672200679779,True,True,True
test,35694$_$17,0,-0.8625955581665039,-0.8625955581665039,T,4.505389213562012,0.0006300751119852066,-0.032931458204984665,0.9926059246063232,0.00013881515769753605,0.0072553022764623165,T,-0.3413073718547821,0.03307593986392021,-0.002634262666106224,0.9052824378013611,0.08773050457239151,0.00698710884898901,0.420265793800354,0.27921295166015625,0.30052122473716736,True,True,True
test,3At-BKm9eYk$_$5,0,-1.9054393768310547,-1.9054393768310547,T,10.153873443603516,-0.37314555048942566,-0.674578070640564,0.9064666628837585,0.03331181779503822,0.0602216012775898,T,-0.9515283107757568,0.07118092477321625,0.11535955220460892,0.8360903263092041,0.06254535913467407,0.10136430710554123,0.54330974817276,0.30785083770751953,0.14883938431739807,True,True,True
test,3HyAaqre_Fk$_$2,1,0.0,0.24276740849018097,T,1.3916072845458984,-0.20625710487365723,0.09968972951173782,0.819771945476532,0.12150251865386963,0.0587255097925663,A,0.02927214838564396,0.03806450963020325,-0.0012289476580917835,0.4269217550754547,0.55515456199646,0.01792367547750473,0.46243906021118164,0.24193839728832245,0.2956225574016571,True,True,True
test,3HyAaqre_Fk$_$6,2,1.6913498640060425,1.6913498640060425,T,6.573334693908691,0.3559947609901428,0.06392506510019302,0.9399535655975342,0.05090544745326042,0.00914096087217331,T,0.6453627943992615,0.01566898263990879,-0.03766169026494026,0.9236708879470825,0.022426119074225426,0.05390302464365959,0.37949877977371216,0.2844906747341156,0.33601051568984985,True,True,True
test,3OYY5Tsz_2k$_$7,1,0.0,0.11317212134599686,T,2.269709587097168,-0.19208045303821564,-0.06201035901904106,0.8993221521377563,0.07610762864351273,0.02457023225724697,A,-0.018634846433997154,0.03552231937646866,0.005862389225512743,0.3104795813560486,0.5918457508087158,0.0976746529340744,0.4743688702583313,0.24858351051807404,0.27704760432243347,True,True,True
test,3REPHw7oLWo$_$13,2,1.424608826637268,1.424608826637268,T,5.670162200927734,0.3042142987251282,0.04451039433479309,0.9420616030693054,0.05054328218102455,0.007395120337605476,T,0.495794415473938,0.0013072241563349962,0.004245351999998093,0.9889246821403503,0.002607423812150955,0.00846789125353098,0.3816029131412506,0.2848057746887207,0.3335912823677063,True,True,True
test,3wHE78v9zr4$_$24,2,1.2921783924102783,1.2921783924102783,T,4.732088088989258,0.3047431409358978,0.060944873839616776,0.9282651543617249,0.05977962166070938,0.011955187655985355,T,0.39730408787727356,0.026514163240790367,0.02197757363319397,0.8912243247032166,0.05947602167725563,0.04929963871836662,0.39355117082595825,0.28114771842956543,0.3253011107444763,True,True,True
test,3wHE78v9zr4$_$7,2,0.9868500232696533,0.9868500232696533,T,3.911540985107422,0.252133846282959,0.3086455464363098,0.8746110796928406,0.056376513093709946,0.06901239603757858,T,0.29506611824035645,0.02752256579697132,0.004069664049893618,0.9032866358757019,0.08425489813089371,0.01245847251266241,0.4206501841545105,0.2947237491607666,0.2846260666847229,True,True,True
test,3wHE78v9zr4$_$9,2,1.2768651247024536,1.2768651247024536,T,5.024771213531494,0.2745121121406555,0.009472537785768509,0.9465063810348511,0.051709312945604324,0.0017843234818428755,T,0.4331439137458801,0.02600785717368126,-0.0196063369512558,0.9047239422798157,0.05432358756661415,0.040952492505311966,0.3951701521873474,0.28889521956443787,0.31593459844589233,True,True,True
test,3wHE78v9zr4$_$12,2,0.03152488172054291,0.03152488172054291,T,-0.3317532539367676,0.2128167450428009,-0.12373015284538269,0.49641355872154236,0.3184448480606079,0.18514159321784973,A,-0.008708036504685879,0.026249971240758896,-0.0220253374427557,0.15281721949577332,0.4606604278087616,0.3865223824977875,0.4392566680908203,0.25929126143455505,0.30145207047462463,True,True,True
test,41381$_$7,1,0.0,-0.15101289749145508,T,2.012946844100952,0.03820209577679634,-0.07945099472999573,0.9447793364524841,0.017930205911397934,0.037290431559085846,T,-0.07049424946308136,0.02849208191037178,-0.02337012253701687,0.5761383771896362,0.23286129534244537,0.1910003274679184,0.47328537702560425,0.251552939414978,0.2751617133617401,True,True,True
test,41381$_$8,2,0.4850411117076874,0.4850411117076874,T,2.1432993412017822,0.17564710974693298,-0.09122692793607712,0.8892719149589539,0.07287738472223282,0.03785077854990959,T,0.1788301169872284,0.041043706238269806,-0.07175420969724655,0.613213062286377,0.14073991775512695,0.2460470199584961,0.41160494089126587,0.2729891538619995,0.3154059052467346,True,True,True
test,424SXFTCFsA$_$3,2,0.9282007813453674,0.9282007813453674,T,3.634012222290039,0.16597981750965118,0.6322510242462158,0.8199036121368408,0.03744826465845108,0.14264808595180511,T,0.2152412235736847,-0.0066918861120939255,0.09634067118167877,0.6762769222259521,0.021025564521551132,0.30269747972488403,0.45471471548080444,0.337341845035553,0.20794342458248138,True,True,True
test,424SXFTCFsA$_$2,1,0.0,0.12295552343130112,T,1.3440982103347778,-0.0854521244764328,-0.28642845153808594,0.7832837104797363,0.049797892570495605,0.16691841185092926,V,-0.024010177701711655,0.007246621884405613,0.04277961328625679,0.3243022859096527,0.09787916392087936,0.5778185725212097,0.46652325987815857,0.2870168089866638,0.2464599311351776,True,True,True
test,424SXFTCFsA$_$4,2,1.1490408182144165,1.1490408182144165,T,4.180769443511963,0.2273120880126953,0.759788453578949,0.8089927434921265,0.04398564249277115,0.1470215916633606,T,0.21491247415542603,0.03877323493361473,0.13490886986255646,0.5530506372451782,0.09977811574935913,0.34717127680778503,0.4821012616157532,0.34547457098960876,0.17242416739463806,True,True,True
test,46495$_$9,0,-2.051703929901123,-2.051703929901123,T,9.140695571899414,0.023926548659801483,0.038243845105171204,0.9932444095611572,0.0025999017525464296,0.004155644681304693,T,-0.9101600646972656,0.01594550721347332,0.0428154319524765,0.9393542408943176,0.016456972807645798,0.04418877512216568,0.4399411082267761,0.29048678278923035,0.2695721685886383,True,True,True
test,46615$_$1,0,-0.45930030941963196,-0.45930030941963196,T,2.3871402740478516,0.04916173964738846,0.07149776816368103,0.9518863558769226,0.019603535532951355,0.028510160744190216,T,-0.21055752038955688,0.01756180264055729,0.023690229281783104,0.8361775875091553,0.06974239647388458,0.09407994151115417,0.46952611207962036,0.2866475582122803,0.24382629990577698,True,True,True
test,4EDblUpJieU$_$7,2,0.5802377462387085,0.5802377462387085,T,2.4218857288360596,0.5204480290412903,0.5115842819213867,0.7011995315551758,0.15068337321281433,0.1481170952320099,T,0.10472473502159119,0.03692424297332764,0.03923887759447098,0.578948438167572,0.20412781834602356,0.216923788189888,0.48765918612480164,0.2548711895942688,0.25746965408325195,True,True,True
test,53609$_$10,0,-1.9855656623840332,-1.9855656623840332,T,7.871494293212891,-0.07395097613334656,0.0,0.990692675113678,0.00930734258145094,0.0,T,-0.8699990510940552,0.058899182826280594,0.0,0.9365924596786499,0.06340757757425308,0.0,0.6143630743026733,0.38563692569732666,0.0,True,True,False
test,53609$_$13,0,-2.081890106201172,-2.081890106201172,T,9.037755966186523,-0.07325439155101776,0.09425079822540283,0.981803297996521,0.007957883179187775,0.010238796472549438,T,-0.9583566188812256,0.06402897834777832,0.023774726316332817,0.9160705208778381,0.061203788965940475,0.022725699469447136,0.41567474603652954,0.2982374131679535,0.2860877513885498,True,True,True
test,53609$_$3,0,-0.40523576736450195,-0.40523576736450195,T,1.7153806686401367,-0.010652700439095497,0.09428330510854721,0.9423528909683228,0.00585211394354701,0.051795002073049545,T,-0.20328588783740997,0.05662332847714424,-0.004238764755427837,0.7695909738540649,0.21436215937137604,0.016046933829784393,0.474540650844574,0.2713359296321869,0.2541234493255615,True,True,True
test,53609$_$7,0,-1.8535256385803223,-1.8535256385803223,T,8.653446197509766,-0.017648426815867424,0.13656671345233917,0.9824907183647156,0.0020037584472447634,0.015505444258451462,T,-0.8104181289672852,0.05145036429166794,0.02246871590614319,0.9164130687713623,0.0581795796751976,0.02540740743279457,0.4243243634700775,0.2843775153160095,0.29129812121391296,True,True,True
test,53766$_$4,2,1.3790045976638794,1.3790045976638794,T,5.547734260559082,0.14877553284168243,0.19012534618377686,0.942428708076477,0.025273442268371582,0.03229779750108719,T,0.5058732032775879,-0.00637367507442832,-0.01760113425552845,0.9547514915466309,0.012029251083731651,0.03321921080350876,0.381214439868927,0.3088289201259613,0.3099566400051117,True,True,True
test,53766$_$9,2,1.0283762216567993,1.0283762216567993,T,4.627707481384277,0.10106176137924194,0.24321147799491882,0.9307573437690735,0.02032625861465931,0.048916418105363846,T,0.3379555940628052,0.019565394148230553,-0.015260061249136925,0.9065792560577393,0.052484944462776184,0.04093572124838829,0.39017459750175476,0.3096871078014374,0.30013829469680786,True,True,True
test,56989$_$12,0,-0.8861290216445923,-0.8861290216445923,T,4.763716697692871,-0.12114633619785309,0.06231534481048584,0.9629158973693848,0.024487966671586037,0.012596138752996922,T,-0.3645073175430298,-0.0006079137092456222,0.04567676782608032,0.8873282074928284,0.001479857717640698,0.11119196563959122,0.4738019108772278,0.2853398025035858,0.24085822701454163,True,True,True
test,56989$_$5,0,-2.1933059692382812,-2.1933059692382812,T,9.264047622680664,-0.03250371664762497,-0.03075849637389183,0.9932174682617188,0.0034847897477447987,0.0032976812217384577,T,-0.9367579221725464,0.008464939892292023,-0.017789650708436966,0.9727370142936707,0.008790061809122562,0.01847291737794876,0.3923814296722412,0.3057473599910736,0.3018711507320404,True,True,True
test,56989$_$9,2,1.2787336111068726,1.2787336111068726,T,5.331473350524902,0.0306004099547863,0.4004124402999878,0.9252036213874817,0.0053102788515388966,0.06948605179786682,T,0.4434373676776886,0.004699535667896271,-0.007830645889043808,0.97251957654953,0.01030673272907734,0.01717369072139263,0.398701548576355,0.3286888897418976,0.27260953187942505,True,True,True
test,59673$_$4,1,0.0,-0.18581397831439972,T,2.2211906909942627,0.02079908922314644,-0.1569245308637619,0.9259149432182312,0.008670208975672722,0.06541480869054794,T,-0.04948534443974495,0.009264662861824036,-0.036788783967494965,0.5179607272148132,0.09697278589010239,0.3850664496421814,0.456381231546402,0.26719313859939575,0.27642565965652466,True,True,True
test,59673$_$6,0,-0.9156961441040039,-0.9156961441040039,T,4.824612617492676,-0.060909174382686615,0.1669870764017105,0.9548944234848022,0.012055234052240849,0.033050328493118286,T,-0.31712228059768677,0.02377890795469284,-0.03692786768078804,0.839327335357666,0.06293562054634094,0.09773696959018707,0.41072866320610046,0.2866280972957611,0.3026432693004608,True,True,True
test,5eY4S1F62Z4$_$13,0,-0.1811445653438568,-0.1811445653438568,T,0.6687685251235962,-0.01595279946923256,0.04675905406475067,0.9142671823501587,0.021808922290802002,0.06392386555671692,T,-0.1454191654920578,0.04172463342547417,0.028247389942407608,0.6751397848129272,0.19371560215950012,0.13114459812641144,0.48415467143058777,0.2911187410354614,0.224726602435112,True,True,True
test,5eY4S1F62Z4$_$17,1,0.0,-0.0776432454586029,T,2.298621892929077,-0.018425943329930305,-0.09860721230506897,0.951552152633667,0.007627720944583416,0.04082006961107254,T,-0.02023126929998398,-0.004423685371875763,-0.01622399315237999,0.49490681290626526,0.10821426659822464,0.3968789279460907,0.46021583676338196,0.28031373023986816,0.25947046279907227,True,True,True
test,5fKPJPFqPho$_$2,2,0.2468946874141693,0.2468946874141693,T,1.3466403484344482,0.48107489943504333,0.15812325477600098,0.6781217455863953,0.24225278198719025,0.0796254351735115,T,0.0737672746181488,0.043397169560194016,-0.04967173933982849,0.4421539306640625,0.2601184546947479,0.2977276146411896,0.48567646741867065,0.1965782344341278,0.3177453577518463,True,True,True
test,5lrDS7LluCA$_$4,2,1.6102006435394287,1.6102006435394287,T,5.178456783294678,0.5590210556983948,0.18727785348892212,0.8740372061729431,0.09435343742370605,0.03160937875509262,T,0.5309811234474182,0.008712423034012318,0.04487035423517227,0.9083371758460999,0.014904141426086426,0.07675868272781372,0.4162888526916504,0.2536887526512146,0.330022394657135,True,True,True
test,5pxFqJ5hKMU$_$2,2,0.15631264448165894,0.15631264448165894,T,-0.10282063484191895,-0.0452953465282917,0.025832630693912506,0.5910977721214294,0.26039499044418335,0.1485072523355484,T,0.08790907263755798,-0.033177368342876434,-0.017572354525327682,0.6339956521987915,0.23927345871925354,0.12673090398311615,0.43048110604286194,0.2843588888645172,0.28515997529029846,True,True,True
test,5vwXp27bCLw$_$16,1,0.0,0.07286905497312546,T,2.1169967651367188,0.0025283568538725376,0.029334483668208122,0.9851721525192261,0.0011766039533540606,0.013651185669004917,T,-0.0348782017827034,0.034632608294487,0.009547966532409191,0.44116801023483276,0.43806153535842896,0.12077048420906067,0.47596389055252075,0.25255244970321655,0.27148371934890747,True,True,True
test,5xa0Ac2krGs$_$2,1,0.0,-0.01755060814321041,T,2.1802947521209717,-0.025034911930561066,-0.03647822141647339,0.9725608825683594,0.011167286895215511,0.016271786764264107,A,-0.0471932590007782,0.053110092878341675,-0.026759188622236252,0.3714175522327423,0.41798385977745056,0.21059855818748474,0.4861477017402649,0.20622414350509644,0.3076281249523163,True,True,True
test,5xa0Ac2krGs$_$7,2,0.2686583399772644,0.2686583399772644,A,0.00292813777923584,0.3005933165550232,-0.05180329456925392,0.008240737020969391,0.8459678888320923,0.1457914113998413,T,0.06994993984699249,0.030657067894935608,-0.0258057601749897,0.5533455610275269,0.24251560866832733,0.2041388750076294,0.45521530508995056,0.2393403798341751,0.30544427037239075,True,True,True
test,61531$_$3,1,0.0,0.10008935630321503,T,2.890777826309204,0.039155807346105576,0.11528228223323822,0.9492850303649902,0.012858138419687748,0.037856850773096085,V,-0.019456911832094193,-0.026868712157011032,0.06470904499292374,0.17523276805877686,0.24198488891124725,0.5827823281288147,0.47131457924842834,0.27866554260253906,0.2500198781490326,True,True,True
test,61531$_$9,2,1.275876760482788,1.275876760482788,T,3.5491225719451904,-0.11708901822566986,-0.16501303017139435,0.9263676404953003,0.030561773106455803,0.04307056963443756,T,0.46630287170410156,-0.0017755375010892749,-0.02538420632481575,0.94496089220047,0.0035981195978820324,0.05144099146127701,0.38341349363327026,0.3073493540287018,0.3092370927333832,True,True,True
test,63951$_$1,2,0.5482239127159119,0.5482239127159119,T,1.6391528844833374,0.06066488102078438,0.21498870849609375,0.8560410141944885,0.03168199211359024,0.11227698624134064,T,0.17478489875793457,0.0026622931472957134,-0.007622049655765295,0.9444298148155212,0.014385390095412731,0.04118485748767853,0.43106526136398315,0.29598528146743774,0.2729494571685791,True,True,True
test,67uKYi7mslE$_$3,2,0.5969473123550415,0.5969473123550415,T,2.0597126483917236,0.16765667498111725,0.027524389326572418,0.9134411215782166,0.07435236126184464,0.01220651250332594,T,0.21922212839126587,-0.011497003957629204,-0.02104441076517105,0.8707460761070251,0.04566587880253792,0.08358799666166306,0.4123303294181824,0.2803973853588104,0.3072722256183624,True,True,True
test,67uKYi7mslE$_$4,2,0.32350602746009827,0.32350602746009827,T,1.5560131072998047,0.03040972165763378,0.041759319603443146,0.9556750655174255,0.01867710053920746,0.02564781717956066,T,0.14443203806877136,-0.02737407386302948,-0.023793792352080345,0.7384054660797119,0.13994932174682617,0.12164521962404251,0.41438785195350647,0.28748953342437744,0.2981226146221161,True,True,True
test,69824$_$5,0,-2.4865379333496094,-2.4865379333496094,T,12.110983848571777,-0.11261019855737686,-0.013575106859207153,0.9896883368492126,0.009202308021485806,0.0011093339417129755,T,-1.3712451457977295,0.08891981840133667,0.08289492130279541,0.8886532187461853,0.05762564018368721,0.05372112989425659,0.49391797184944153,0.33606940507888794,0.1700126826763153,True,True,True
test,6EDoVEm16fU$_$13,2,1.9644666910171509,1.9644666910171509,T,7.765233993530273,0.3238471448421478,0.6498719453811646,0.8885771632194519,0.037057891488075256,0.07436496764421463,T,0.654021143913269,0.02176181599497795,0.09291963279247284,0.8508116602897644,0.02830979786813259,0.12087851762771606,0.42020565271377563,0.33346813917160034,0.24632619321346283,True,True,True
test,6EDoVEm16fU$_$4,2,1.1048059463500977,1.1048059463500977,T,4.5624589920043945,0.33849912881851196,0.2987308204174042,0.8774484395980835,0.06509988009929657,0.05745167285203934,T,0.26864200830459595,0.04492853954434395,0.057856038212776184,0.723270833492279,0.12096209824085236,0.15576709806919098,0.4278211295604706,0.28807124495506287,0.28410759568214417,True,True,True
test,6EDoVEm16fU$_$6,2,0.7196477651596069,0.7196477651596069,T,1.4422986507415771,0.2590863108634949,0.5948421359062195,0.6281166672706604,0.11283130198717117,0.25905194878578186,V,0.08492796868085861,0.04123399779200554,0.10349547117948532,0.3698028028011322,0.17954567074775696,0.45065149664878845,0.49899354577064514,0.30412888526916504,0.196877583861351,True,True,True
test,6EJHA6IDLNk$_$3,2,0.4004301428794861,0.4004301428794861,T,-0.7764918804168701,0.1860245168209076,0.34591495990753174,0.593452513217926,0.14217369258403778,0.264373779296875,T,0.06698325276374817,0.014844110235571861,0.03745853155851364,0.5615354180335999,0.12444145232439041,0.31402313709259033,0.4835309386253357,0.2735621929168701,0.24290680885314941,True,True,True
test,6EJHA6IDLNk$_$4,2,0.7229126691818237,0.7229126691818237,T,2.835942268371582,0.07535967230796814,0.32228395342826843,0.8770270347595215,0.023305295035243034,0.09966766834259033,T,0.18461757898330688,0.018015624955296516,0.028179321438074112,0.7998594641685486,0.0780530646443367,0.1220874935388565,0.42071443796157837,0.3079424500465393,0.2713431715965271,True,True,True
test,6RFVsOWK1m4$_$7,0,-0.667434573173523,-0.667434573173523,T,4.118921279907227,-0.019633453339338303,0.07377997785806656,0.9778238534927368,0.0046609435230493546,0.01751522161066532,T,-0.28810936212539673,0.012219659052789211,0.0346357598900795,0.8601183891296387,0.03648043051362038,0.10340119898319244,0.41765016317367554,0.30040600895881653,0.28194379806518555,True,True,True
test,6RFVsOWK1m4$_$9,2,0.6384191513061523,0.6384191513061523,T,0.4958617091178894,0.08113338053226471,0.46748292446136475,0.4747459888458252,0.07767840474843979,0.4475756883621216,T,0.09803666174411774,0.02350112795829773,0.07957914471626282,0.48746100068092346,0.11685305088758469,0.39568594098091125,0.46583378314971924,0.309832900762558,0.22433334589004517,True,True,True
test,6brtMLkjjYk$_$0,1,0.0,0.31554609537124634,T,0.9145801067352295,-0.07564139366149902,-0.3303636908531189,0.6925566792488098,0.05727868899703026,0.25016459822654724,T,0.06593241542577744,-0.0006057852879166603,0.025253795087337494,0.7182806730270386,0.0065995436161756516,0.275119811296463,0.47016701102256775,0.28882259130477905,0.2410103976726532,True,True,True
test,6gtfeIqGasE$_$0,1,0.0,-0.05428682267665863,T,0.6924115419387817,-0.004917435348033905,-0.05620384216308594,0.9188870191574097,0.006525841075927019,0.07458712160587311,T,-0.17629431188106537,0.06093102693557739,0.08227361738681793,0.5517836809158325,0.19070805609226227,0.257508248090744,0.5782068967819214,0.2936776876449585,0.1281154751777649,True,True,True
test,6uoM8-9d0zA$_$4,2,0.8194887042045593,0.8194887042045593,T,0.626415491104126,0.46606189012527466,0.5336180925369263,0.3852267861366272,0.2866141200065613,0.3281591534614563,T,0.16631096601486206,0.035619884729385376,0.06335567682981491,0.6269106864929199,0.13426947593688965,0.23881979286670685,0.5142619013786316,0.25071582198143005,0.23502220213413239,True,True,True
test,79356$_$7,2,1.381667137145996,1.381667137145996,T,4.828089237213135,-0.062032412737607956,0.07993495464324951,0.9714354872703552,0.012481228448450565,0.016083309426903725,T,0.587316632270813,-0.036222267895936966,-0.06807011365890503,0.8492032289505005,0.05237390846014023,0.0984228253364563,0.3692973852157593,0.31989943981170654,0.3108031749725342,True,True,True
test,79356$_$9,1,0.0,-0.05557427555322647,T,1.1578567028045654,0.05363326519727707,0.0957680493593216,0.8857139945030212,0.04102730005979538,0.07325872033834457,T,-0.03400919586420059,-0.004493486136198044,0.004983722232282162,0.7820650339126587,0.1033308282494545,0.11460414528846741,0.4571051299571991,0.26737162470817566,0.27552330493927,True,True,True
test,7IxmlIwqigw$_$20,2,0.19556495547294617,0.19556495547294617,T,0.18706631660461426,-0.029483167454600334,0.12988412380218506,0.5399773716926575,0.0851048156619072,0.37491780519485474,T,0.03238312155008316,-0.013924701139330864,0.03183038532733917,0.41443386673927307,0.17820604145526886,0.4073600471019745,0.4314776659011841,0.2911897599697113,0.2773325741291046,True,True,True
test,7IxmlIwqigw$_$16,2,1.4534034729003906,1.4534034729003906,T,5.442798614501953,0.1857466995716095,-0.023593977093696594,0.9629625678062439,0.032863080501556396,0.004174344707280397,T,0.4753783047199249,0.010502828285098076,0.027932720258831978,0.925195574760437,0.020440921187400818,0.05436350032687187,0.37875306606292725,0.29896610975265503,0.32228079438209534,True,True,True
test,7deoh0NoMs4$_$0,2,0.8681137561798096,0.8681137561798096,T,3.4161994457244873,0.2747066020965576,0.4834912419319153,0.818369448184967,0.06580748409032822,0.11582300066947937,T,0.20603233575820923,0.020695779472589493,0.05615971237421036,0.7283181548118591,0.07315896451473236,0.1985229104757309,0.4434458613395691,0.2991348206996918,0.25741931796073914,True,True,True
test,7f3ndBCx_JE$_$19,2,1.7495652437210083,1.7495652437210083,T,6.624014854431152,0.14328588545322418,0.5146787166595459,0.9096447825431824,0.019676776602864265,0.07067840546369553,T,0.5586609244346619,0.03302020952105522,0.060607701539993286,0.8564625382423401,0.05062207207083702,0.09291543811559677,0.4045126140117645,0.33372414112091064,0.26176321506500244,True,True,True
test,7mb8Y2AhXIY$_$6,2,1.016137719154358,1.016137719154358,T,3.7911407947540283,0.21387168765068054,0.1097421646118164,0.9213528037071228,0.051976777613162994,0.02667040191590786,T,0.2743689715862274,0.028551703318953514,0.03472483903169632,0.8125947713851929,0.08456118404865265,0.10284407436847687,0.4068753719329834,0.28521305322647095,0.30791160464286804,True,True,True
test,83400$_$5,0,-0.7684714794158936,-0.7684714794158936,T,1.807519793510437,-0.03912586718797684,-0.007552718743681908,0.9748254418373108,0.021101228892803192,0.004073306452482939,T,-0.25514188408851624,0.009042979218065739,-0.030884530395269394,0.8646843433380127,0.030646957457065582,0.10466869920492172,0.4240989685058594,0.27802371978759766,0.2978772819042206,True,True,True
test,86c2OkQ3_U8$_$22,2,1.0769370794296265,1.0769370794296265,T,5.102348804473877,-0.06781482696533203,0.18665257096290588,0.9524965286254883,0.012659539468586445,0.03484393656253815,T,0.4242308437824249,-0.051488280296325684,-0.012021252885460854,0.8697882294654846,0.10556493699550629,0.024646827951073647,0.37947526574134827,0.31835848093032837,0.302166223526001,True,True,True
test,86c2OkQ3_U8$_$3,2,0.3983156383037567,0.3983156383037567,T,1.7111355066299438,0.01719214953482151,0.17331130802631378,0.899821400642395,0.00904070120304823,0.09113786369562149,T,0.1250932812690735,0.0020154716912657022,-0.008540422655642033,0.9221823811531067,0.014857972040772438,0.06295963376760483,0.41460421681404114,0.29813352227211,0.2872622609138489,True,True,True
test,88791$_$15,1,0.0,0.21459820866584778,T,1.5368093252182007,0.012881049886345863,0.0,0.9916880130767822,0.008312014862895012,0.0,T,0.04461178928613663,0.012051248922944069,0.0,0.7873173356056213,0.21268272399902344,0.0,0.6156919002532959,0.3843080997467041,0.0,True,True,False
test,88791$_$1,1,0.0,0.12991344928741455,T,0.99715656042099,-0.06192406266927719,0.05264405161142349,0.8969456553459167,0.05570090189576149,0.04735349863767624,T,0.06347036361694336,-0.0009035791736096144,-0.034227292984724045,0.6437075734138489,0.009163973852992058,0.34712842106819153,0.446155846118927,0.26904964447021484,0.28479447960853577,True,True,True
test,88791$_$2,1,0.0,-0.20692503452301025,T,2.1322021484375,0.028772491961717606,-0.14413610100746155,0.9249889254570007,0.01248204242438078,0.06252892315387726,T,-0.04833285138010979,-0.008766069076955318,-0.026977870613336563,0.5748655796051025,0.10426265001296997,0.3208718001842499,0.4471259117126465,0.27792879939079285,0.27494537830352783,True,True,True
test,8XZszYrUSCQ$_$0,2,1.2277477979660034,1.2277477979660034,T,5.610977649688721,0.5911635160446167,0.49922946095466614,0.8372880816459656,0.08821531385183334,0.07449661940336227,T,0.3954995572566986,0.027066122740507126,-0.0028485797811299562,0.9296810626983643,0.06362298130989075,0.006696014199405909,0.4408528506755829,0.2663756012916565,0.2927715480327606,True,True,True
test,8i7u3fl-hP8$_$0,2,0.29452216625213623,0.29452216625213623,T,1.1221333742141724,0.4663589596748352,-0.13817162811756134,0.6498851776123047,0.2700924575328827,0.08002229779958725,T,0.09102397412061691,0.035508640110492706,-0.0430334135890007,0.5368054509162903,0.2094089239835739,0.2537855803966522,0.4539881646633148,0.2191842645406723,0.32682764530181885,True,True,True
test,8lfS97s2AKc$_$0,0,-9.999999974752427e-07,0.18026573956012726,T,0.6881299018859863,-0.4027104675769806,-0.21594245731830597,0.526583194732666,0.3081693947315216,0.16524739563465118,T,-0.08970870822668076,0.06491324305534363,0.06996443122625351,0.39943963289260864,0.2890346050262451,0.3115256726741791,0.4777725636959076,0.23198337852954865,0.29024407267570496,True,True,True
test,8lfS97s2AKc$_$7,1,0.0,0.24670323729515076,T,1.083706021308899,-0.4749920666217804,-0.07422088086605072,0.6636618375778198,0.2908852696418762,0.04545288532972336,A,0.0021654656156897545,0.041135795414447784,0.024127189069986343,0.032115012407302856,0.6100658178329468,0.3578191101551056,0.4972209930419922,0.1947624683380127,0.30801647901535034,True,True,True
test,8wNr-NQImFg$_$8,2,1.8641619682312012,1.8641619682312012,T,6.518308639526367,0.2351270318031311,-0.03786490485072136,0.9598027467727661,0.03462179750204086,0.00557550135999918,T,0.679069459438324,0.01694822497665882,0.01625197008252144,0.9533881545066833,0.02379467524588108,0.022817159071564674,0.3670409619808197,0.2916127145290375,0.34134626388549805,True,True,True
test,8wQhzezNcUY$_$1,2,0.9915838241577148,0.9915838241577148,T,4.224315643310547,0.17539191246032715,0.34029248356819153,0.8912057876586914,0.03700251132249832,0.07179165631532669,T,0.2848833203315735,0.022924529388546944,0.02062094956636429,0.8674126863479614,0.06980060786008835,0.06278666853904724,0.41409188508987427,0.30494263768196106,0.2809654176235199,True,True,True
test,8wQhzezNcUY$_$2,2,1.0292125940322876,1.0292125940322876,T,4.251327037811279,0.2206801027059555,0.311828076839447,0.8886858820915222,0.04613037034869194,0.06518369913101196,T,0.2674722671508789,0.037625502794981,0.03747910261154175,0.7807657122612,0.1098308339715004,0.10940348356962204,0.4165603816509247,0.29800498485565186,0.2854345738887787,True,True,True
test,91844$_$10,0,-1.5811522006988525,-1.5811522006988525,T,6.555856704711914,0.05672355741262436,-0.05041404068470001,0.9839205145835876,0.008513223379850388,0.007566274143755436,T,-0.7404006123542786,0.07728512585163116,0.06207065284252167,0.841597318649292,0.08784832805395126,0.07055436074733734,0.46614813804626465,0.2743898034095764,0.2594620883464813,True,True,True
test,91844$_$5,1,0.0,0.11026483029127121,T,2.0090081691741943,-0.04450582340359688,-0.042083270847797394,0.9586804509162903,0.021237775683403015,0.02008175477385521,T,-0.04596622288227081,0.045206133276224136,0.02253950759768486,0.4042342007160187,0.3975498378276825,0.19821597635746002,0.4963725507259369,0.24936680495738983,0.25426068902015686,True,True,True
test,91844$_$7,0,-0.10705042630434036,-0.10705042630434036,T,-0.2592552900314331,-0.011060304939746857,0.03923536837100983,0.8375205993652344,0.035730160772800446,0.12674930691719055,T,-0.12515601515769958,0.053088102489709854,0.0213772002607584,0.626967191696167,0.26594406366348267,0.10708876699209213,0.49475595355033875,0.2440592646598816,0.2611847519874573,True,True,True
test,91844$_$9,0,-0.7608547210693359,-0.7608547210693359,T,5.08609676361084,0.040403708815574646,0.03275346755981445,0.9858201742172241,0.00783130805939436,0.006348488852381706,T,-0.3846948444843292,0.07260742038488388,0.03781931847333908,0.7769704461097717,0.14664563536643982,0.07638389617204666,0.46689683198928833,0.26341816782951355,0.2696850001811981,True,True,True
test,92291$_$1,1,0.0,0.12831324338912964,T,2.47727370262146,0.004885552451014519,-0.019466891884803772,0.990265429019928,0.001952950726263225,0.007781695574522018,V,-0.07182659953832626,0.024670986458659172,0.07496072351932526,0.41891583800315857,0.14388912916183472,0.4371950626373291,0.5103710889816284,0.28407928347587585,0.20554959774017334,True,True,True
test,92291$_$2,1,0.0,0.18296533823013306,T,2.830690860748291,-0.17100636661052704,-0.3304134011268616,0.849518895149231,0.05132073536515236,0.09916039556264877,V,-0.0498935729265213,0.029427623376250267,0.06653809547424316,0.3420664370059967,0.20175349712371826,0.45618000626564026,0.49832332134246826,0.2692393958568573,0.23243725299835205,True,True,True
test,92291$_$5,0,-1.709432601928711,-1.709432601928711,T,9.49976921081543,-0.006521475501358509,-0.048124730587005615,0.9942805767059326,0.0006825614836998284,0.005036910530179739,T,-0.8415448069572449,0.04811817780137062,0.13119187951087952,0.824353039264679,0.04713518172502518,0.12851178646087646,0.5017060041427612,0.3212320804595947,0.17706187069416046,True,True,True
test,92496$_$0,0,-0.2442891150712967,-0.2442891150712967,T,0.3225071430206299,0.029613250866532326,0.09528082609176636,0.7208454608917236,0.0661894753575325,0.21296505630016327,T,-0.14177252352237701,0.05220744013786316,-0.007037399336695671,0.7052749991416931,0.25971606373786926,0.03500891104340553,0.4546450078487396,0.25136083364486694,0.29399412870407104,True,True,True
test,93iGT5oueTA$_$12,0,-1.816310167312622,-1.816310167312622,T,8.25414752960205,0.07204636186361313,0.09597024321556091,0.9800506830215454,0.008554376661777496,0.011394962668418884,T,-0.7768146395683289,0.07830008864402771,-0.01816328428685665,0.8895388245582581,0.08966227620840073,0.020798971876502037,0.43359532952308655,0.24521403014659882,0.32119062542915344,True,True,True
test,93iGT5oueTA$_$4,1,0.0,0.1263660341501236,T,1.256961464881897,-0.4459618926048279,0.07445382326841354,0.7072002291679382,0.25091010332107544,0.04188971593976021,A,0.019095322117209435,0.03363913297653198,-0.02557959035038948,0.24383008480072021,0.4295414686203003,0.32662835717201233,0.4868677854537964,0.201177179813385,0.31195497512817383,True,True,True
test,94481$_$2,2,1.7778786420822144,1.7778786420822144,T,6.571878910064697,0.07857747375965118,0.15130206942558289,0.966202974319458,0.011552523821592331,0.02224455215036869,T,0.7449464797973633,-0.03218579292297363,-0.04604841768741608,0.904961109161377,0.039099305868148804,0.055939625948667526,0.3552511930465698,0.3285510241985321,0.3161977529525757,True,True,True
test,94481$_$4,2,0.4832073748111725,0.4832073748111725,T,1.9788613319396973,0.008543102070689201,0.10019787400960922,0.9479110240936279,0.004092303104698658,0.047996629029512405,T,0.16776211559772491,-0.0053033726289868355,-0.014966730028390884,0.8921988010406494,0.028204597532749176,0.0795966312289238,0.4074111878871918,0.30058470368385315,0.29200413823127747,True,True,True
test,97ENTofrmNo$_$0,2,1.0315322875976562,1.0315322875976562,T,4.090049743652344,0.15615952014923096,0.3069608211517334,0.8982861638069153,0.034296877682209015,0.06741694360971451,T,0.35780343413352966,-0.0030303585808724165,-0.011319596320390701,0.9614407420158386,0.00814276747405529,0.03041647933423519,0.4023989737033844,0.30644431710243225,0.29115673899650574,True,True,True
test,9GzFQBljNIY$_$0,1,0.0,0.06531480699777603,T,2.6865127086639404,-0.0413726344704628,-0.05070265382528305,0.9668626189231873,0.014889806509017944,0.018247634172439575,A,-0.008087188005447388,0.03165493160486221,-0.016784781590104103,0.14306795597076416,0.5599976778030396,0.29693442583084106,0.4601963758468628,0.2626047134399414,0.2771989107131958,True,True,True
test,9PzZSheh10U$_$24,2,0.8050063848495483,0.8050063848495483,T,3.418802261352539,0.04763109236955643,0.43437686562538147,0.8764339089393616,0.012210563756525517,0.11135555058717728,T,0.22995947301387787,0.004885644186288118,0.025232108309864998,0.8841968178749084,0.01878535933792591,0.09701775014400482,0.42522644996643066,0.3222414255142212,0.25253215432167053,True,True,True
test,9PzZSheh10U$_$23,2,0.37744659185409546,0.37744659185409546,T,-0.9272029399871826,0.0005885250866413116,0.6265137195587158,0.5965385437011719,0.0003786419110838324,0.40308281779289246,V,0.03457021713256836,-0.005564874969422817,0.08248832821846008,0.2819218039512634,0.045381829142570496,0.6726963520050049,0.5131657719612122,0.3251747488975525,0.16165947914123535,True,True,True
test,9PzZSheh10U$_$5,2,0.441163033246994,0.441163033246994,T,0.9116677045822144,0.09722277522087097,0.1961788833141327,0.7565271258354187,0.08067815005779266,0.16279467940330505,T,0.12864121794700623,0.008979466743767262,-0.004484472796320915,0.9052536487579346,0.06318888813257217,0.03155742213129997,0.4371599853038788,0.289529412984848,0.2733106017112732,True,True,True
test,9PzZSheh10U$_$19,2,0.15420211851596832,0.15420211851596832,T,2.558032274246216,-0.08120003342628479,0.2976699471473694,0.8709967136383057,0.027648190036416054,0.10135507583618164,T,0.07418502867221832,-0.023804301396012306,-0.013926757499575615,0.6628629565238953,0.21269775927066803,0.1244392842054367,0.4118504226207733,0.3210424482822418,0.26710712909698486,True,True,True
test,9cYNT_YSo8o$_$2,0,-0.10191149264574051,-0.10191149264574051,T,0.3966977000236511,-0.03542568162083626,0.08530121296644211,0.7666773200035095,0.06846540421247482,0.16485728323459625,V,-0.013743091374635696,0.011943063698709011,-0.04717563837766647,0.18861863017082214,0.16391395032405853,0.6474674344062805,0.4133644700050354,0.2913433611392975,0.2952921986579895,True,True,True
test,9orb0lQnVW4$_$0,1,0.0,-0.11392796039581299,T,0.9073635935783386,0.028555218130350113,-0.10134264826774597,0.8747684359550476,0.027529431506991386,0.09770212322473526,T,-0.06418327987194061,0.01369654480367899,-0.0024996118154376745,0.7985037565231323,0.17039862275123596,0.0310976542532444,0.4472586512565613,0.2768848240375519,0.27585655450820923,True,True,True
test,A1lFJXUpxZo$_$7,2,1.5085349082946777,1.5085349082946777,T,6.074833393096924,0.22261589765548706,0.3164757490158081,0.9184914231300354,0.03365866839885712,0.04784991592168808,T,0.45299190282821655,0.01567239500582218,0.06945043802261353,0.8418128490447998,0.029124634340405464,0.12906251847743988,0.398411363363266,0.3100673258304596,0.2915213108062744,True,True,True
test,AB1PbMaW03s$_$13,1,0.0,0.20131465792655945,T,1.2458703517913818,0.008125871419906616,0.0,0.9935200214385986,0.006479980424046516,0.0,T,0.05885256454348564,-0.006638769060373306,0.0,0.8986313343048096,0.10136866569519043,0.0,0.6169961094856262,0.3830038607120514,0.0,True,True,False
test,AB1PbMaW03s$_$3,2,0.3098943531513214,0.3098943531513214,T,0.5598671436309814,-0.05469079315662384,0.0,0.9110079407691956,0.08899208903312683,0.0,T,0.10353229939937592,-0.014856493100523949,0.0,0.8745109438896179,0.1254890114068985,0.0,0.5925184488296509,0.4074816107749939,0.0,True,True,False
test,AB1PbMaW03s$_$8,1,0.0,-0.03758805990219116,T,3.3024585247039795,0.042004600167274475,0.0,0.9874405860900879,0.012559444643557072,0.0,T,-0.0320902019739151,0.004568109288811684,0.0,0.8753868341445923,0.1246132031083107,0.0,0.6417531967163086,0.3582468628883362,0.0,True,True,False
test,AHiA9hohKr8$_$0,2,0.42463597655296326,0.42463597655296326,T,1.3179311752319336,0.08836766332387924,0.0,0.9371629357337952,0.06283704191446304,0.0,T,0.11550389975309372,0.012006158009171486,0.0,0.9058414697647095,0.09415851533412933,0.0,0.5917230844497681,0.40827691555023193,0.0,True,True,False
test,C5-cY1nPQ20$_$11,1,0.0,0.020830873399972916,T,0.9944949746131897,0.05751108378171921,-0.49639156460762024,0.6422736644744873,0.037142325192689896,0.3205840587615967,T,-0.020013757050037384,-0.007118525914847851,0.019083933904767036,0.4330461621284485,0.1540265679359436,0.41292718052864075,0.4818403720855713,0.3066542148590088,0.21150541305541992,True,True,True
test,C5-cY1nPQ20$_$8,2,0.9735339879989624,0.9735339879989624,T,4.160634994506836,0.1291343867778778,0.672805666923523,0.8384024500846863,0.026021650061011314,0.13557592034339905,T,0.24167677760124207,0.02942178025841713,0.050590623170137405,0.7512741684913635,0.09146027266979218,0.1572655439376831,0.4467910826206207,0.32880622148513794,0.22440268099308014,True,True,True
test,CKqDDh50gcU$_$14,2,0.6630222797393799,0.6630222797393799,T,3.025294780731201,0.4325319826602936,0.5259427428245544,0.7594050168991089,0.1085735410451889,0.13202136754989624,T,0.1320558488368988,0.0640118271112442,0.01365525834262371,0.629668116569519,0.30522093176841736,0.065110944211483,0.4721646308898926,0.26698315143585205,0.26085221767425537,True,True,True
test,CKqDDh50gcU$_$6,2,1.0795578956604004,1.0795578956604004,T,4.88833475112915,0.1343298703432083,0.3084443509578705,0.9169451594352722,0.025197358801960945,0.057857446372509,T,0.3313976526260376,-0.00319144269451499,0.03351835906505585,0.9002742767333984,0.008669867180287838,0.09105591475963593,0.3971558213233948,0.3148902654647827,0.2879539728164673,True,True,True
test,CO2YoTZbUr0$_$0,0,-0.6008893847465515,-0.6008893847465515,T,5.270248889923096,-0.03446944057941437,0.10128399729728699,0.9748883247375488,0.006376142147928476,0.01873547025024891,T,-0.3311872184276581,0.07532723248004913,0.03782651573419571,0.7453447580337524,0.16952574253082275,0.08512947708368301,0.44889602065086365,0.2618974447250366,0.28920650482177734,True,True,True
test,CO6n-skQJss$_$0,2,0.5331859588623047,0.5331859588623047,T,0.9476013779640198,0.1387963891029358,0.6373662948608398,0.5497279763221741,0.08051936328411102,0.3697526156902313,V,0.07205605506896973,-0.008438227698206902,0.10102636367082596,0.3969579041004181,0.046486325562000275,0.5565558075904846,0.4910198152065277,0.3126237392425537,0.19635646045207977,True,True,True
test,CO6n-skQJss$_$3,2,0.576416015625,0.576416015625,T,1.0071299076080322,0.07505009323358536,0.6142279505729675,0.5936837792396545,0.04424059018492699,0.3620755970478058,T,0.09660355001688004,-0.0011215260019525886,0.08408275246620178,0.531349778175354,0.006168744061142206,0.46248146891593933,0.48484694957733154,0.3171156346797943,0.19803738594055176,True,True,True
test,CU6U-gS76K4$_$20,2,0.8873827457427979,0.8873827457427979,T,3.568840980529785,0.24783773720264435,0.49223047494888306,0.8282469511032104,0.057517509907484055,0.11423551291227341,T,0.22681522369384766,0.03211584314703941,0.030981121584773064,0.7823583483695984,0.1107778251171112,0.10686381161212921,0.44443368911743164,0.3000757396221161,0.2554905414581299,True,True,True
test,CbRexsp1HKw$_$7,0,-0.6505438089370728,-0.6505438089370728,T,6.024779319763184,0.013739209622144699,-0.04305806756019592,0.9906607866287231,0.0022591527085751295,0.00708008324727416,T,-0.3894301950931549,0.06048004329204559,0.09361196309328079,0.7164936661720276,0.11127428710460663,0.17223209142684937,0.4953779876232147,0.27729594707489014,0.22732608020305634,True,True,True
test,ChhZna-aBK4$_$10,2,0.2752639055252075,0.2752639055252075,T,-0.5017516613006592,0.08978600800037384,0.13867560029029846,0.6871302723884583,0.12295860797166824,0.18991108238697052,T,0.04396721348166466,0.029096800833940506,0.003957340493798256,0.5708444714546204,0.37777575850486755,0.05137978494167328,0.4418796896934509,0.2792041003704071,0.27891620993614197,True,True,True
test,ChhZna-aBK4$_$16,1,0.0,0.1163562536239624,T,3.3329601287841797,0.03454442322254181,-0.2579188942909241,0.9193298816680908,0.009528382681310177,0.07114172726869583,V,-0.03808833658695221,0.01159340888261795,0.05030772462487221,0.38092344999313354,0.11594629287719727,0.5031301975250244,0.48072192072868347,0.2810787856578827,0.23819924890995026,True,True,True
test,ChhZna-aBK4$_$8,2,0.8534539937973022,0.8534539937973022,T,2.6153359413146973,0.06320204585790634,0.21129396557807922,0.9050131440162659,0.02187049202620983,0.07311634719371796,T,0.23403146862983704,0.015775665640830994,0.0277557373046875,0.8431656360626221,0.05683637037873268,0.09999802708625793,0.41416817903518677,0.3018926680088043,0.2839391827583313,True,True,True
test,DVAY-u_cJWU$_$5,2,1.3043909072875977,1.3043909072875977,T,5.3719305992126465,0.08680316060781479,0.26241564750671387,0.9389600157737732,0.015172328799962997,0.045867644250392914,T,0.4295881688594818,-0.00152303755749017,0.022739609703421593,0.9465404152870178,0.003355810884386301,0.05010370910167694,0.3830118179321289,0.31934526562690735,0.2976429760456085,True,True,True
test,DjcZrtcBZi4$_$10,2,0.7602970600128174,0.7602970600128174,T,2.328045129776001,0.29967057704925537,0.05231238156557083,0.8686645030975342,0.11181621253490448,0.019519342109560966,T,0.1836104542016983,0.045881934463977814,0.014592897146940231,0.7522388696670532,0.18797500431537628,0.059786055237054825,0.4280368387699127,0.2616323232650757,0.3103307783603668,True,True,True
test,DjcZrtcBZi4$_$8,2,0.5361377596855164,0.5361377596855164,A,0.3013014793395996,0.39449989795684814,0.2619042992591858,0.3146075904369354,0.4119218587875366,0.27347055077552795,T,0.06907722353935242,0.05572931095957756,0.04085387662053108,0.4169808626174927,0.336406946182251,0.24661219120025635,0.48443055152893066,0.24266408383846283,0.2729053795337677,True,True,True
test,DnBHq5I52LM$_$5,0,-0.582457959651947,-0.582457959651947,T,2.3208889961242676,-0.07201410084962845,0.06921812891960144,0.9426379799842834,0.029248803853988647,0.02811320871114731,T,-0.22969231009483337,-0.009040913544595242,0.02709224633872509,0.8640719056129456,0.034010715782642365,0.10191743075847626,0.43092742562294006,0.3049682378768921,0.26410430669784546,True,True,True
test,DtbT85s3i94$_$5,2,0.45090025663375854,0.45090025663375854,T,1.834993600845337,0.20922783017158508,0.21786977350711823,0.8111934661865234,0.09249310195446014,0.09631343930959702,T,0.132782980799675,-0.00016153906472027302,0.0038338927552103996,0.9707890152931213,0.0011810275027528405,0.028029954060912132,0.4262405037879944,0.28354597091674805,0.29021358489990234,True,True,True
test,EMS14J0odIE$_$16,1,0.0,0.05705970525741577,T,2.1266093254089355,0.0011464189738035202,-0.029645243659615517,0.9857274889945984,0.0005313889705576003,0.013741184957325459,T,-0.04379597678780556,0.027399923652410507,0.02042616344988346,0.47800689935684204,0.29905378818511963,0.2229393571615219,0.4689651429653168,0.25180649757385254,0.2792283892631531,True,True,True
test,EO_5o9Gup6g$_$10,0,-1.173513650894165,-1.173513650894165,T,7.081720352172852,0.009976973757147789,0.004925340414047241,0.997900128364563,0.00140587636269629,0.0006940400926396251,T,-0.5396541357040405,0.019593415781855583,0.0918864756822586,0.8287912011146545,0.030091218650341034,0.14111760258674622,0.4777646064758301,0.32123956084251404,0.20099586248397827,True,True,True
test,EO_5o9Gup6g$_$4,0,-0.24310295283794403,-0.24310295283794403,T,1.6516188383102417,0.03400452435016632,0.019309639930725098,0.9687294363975525,0.01994478516280651,0.011325746774673462,T,-0.2138432264328003,0.03172697871923447,0.08591175824403763,0.6451126933097839,0.09571253508329391,0.25917476415634155,0.5021385550498962,0.30726996064186096,0.1905914843082428,True,True,True
test,EO_5o9Gup6g$_$6,0,-0.7504427433013916,-0.7504427433013916,T,4.492792129516602,0.013283359818160534,0.006360441446304321,0.9956467747688293,0.002943722764030099,0.0014095361111685634,T,-0.3925187587738037,0.03011738508939743,0.09183903783559799,0.7629498839378357,0.058540016412734985,0.1785101443529129,0.4921325147151947,0.3193354308605194,0.1885320246219635,True,True,True
test,EyoMU2yoJPY$_$11,2,1.0242760181427002,1.0242760181427002,T,4.238112449645996,0.09285393357276917,0.06503280997276306,0.9640839099884033,0.021122371777892113,0.014793634414672852,T,0.34952521324157715,0.007117083296179771,-0.015929214656352997,0.9381425976753235,0.01910259574651718,0.04275478422641754,0.3814867436885834,0.3036363422870636,0.31487688422203064,True,True,True
test,EyoMU2yoJPY$_$7,1,0.0,-0.09816403687000275,T,1.8005142211914062,-0.16470012068748474,0.0,0.9161922931671143,0.08380771428346634,0.0,T,-0.05485431104898453,0.007129195611923933,0.0,0.8849823474884033,0.11501762270927429,0.0,0.637011706829071,0.36298832297325134,0.0,True,True,False
test,F2hc2FLOdhI$_$3,0,-0.8077576160430908,-0.8077576160430908,T,3.2354133129119873,-0.03960877284407616,-0.0011470392346382141,0.9875599145889282,0.012089965865015984,0.00035011599538847804,T,-0.2792542278766632,-0.006510803941637278,-0.005284823942929506,0.9594721794128418,0.02237006463110447,0.018157796934247017,0.412964403629303,0.29108187556266785,0.2959537208080292,True,True,True
test,F2hc2FLOdhI$_$5,1,0.0,0.11081545054912567,T,1.6826727390289307,-0.027730068191885948,-0.15872065722942352,0.9002469778060913,0.014835868030786514,0.08491715788841248,T,0.009896058589220047,0.003715981962159276,0.008351176045835018,0.45057418942451477,0.1691911518573761,0.38023465871810913,0.4557240903377533,0.2773264944553375,0.2669494152069092,True,True,True
test,F8eQI8E-6q4$_$3,0,-0.484092652797699,-0.484092652797699,T,3.5317673683166504,0.0191796887665987,0.009765056893229485,0.9918710589408875,0.005386475473642349,0.0027424448635429144,T,-0.21531738340854645,0.036660756915807724,0.0008774958550930023,0.8515427708625793,0.14498691260814667,0.003470343304798007,0.432105153799057,0.26575013995170593,0.30214470624923706,True,True,True
test,FHDVQkU-nGI$_$7,2,0.6604421734809875,0.6604421734809875,V,0.6419806480407715,0.5387716293334961,0.707170844078064,0.3400459587574005,0.28537794947624207,0.3745760917663574,T,0.09644108265638351,0.04190284013748169,0.07047499716281891,0.4618407189846039,0.2006659060716629,0.33749333024024963,0.5471307039260864,0.2587234079837799,0.19414585828781128,True,True,True
test,F_YaG_pvZrA$_$11,2,1.2258808612823486,1.2258808612823486,T,5.454547882080078,0.07182854413986206,-0.15025848150253296,0.960877001285553,0.012653367593884468,0.0264696404337883,T,0.39145541191101074,0.00784073956310749,0.019673647359013557,0.9343284368515015,0.018714331090450287,0.046957194805145264,0.37062716484069824,0.3068962097167969,0.3224765956401825,True,True,True
test,GAVpYuhMZAw$_$12,1,0.0,0.14020565152168274,T,1.2935532331466675,-0.09537602216005325,-0.07618971914052963,0.8828997611999512,0.06509780138731003,0.05200241133570671,T,0.016219163313508034,0.007998478598892689,0.007559563498944044,0.5104024410247803,0.2517049014568329,0.23789264261722565,0.45959240198135376,0.2653052806854248,0.2751023471355438,True,True,True
test,GAVpYuhMZAw$_$1,1,0.0,0.2186947613954544,T,1.0431733131408691,-0.06377583742141724,-0.04421598091721535,0.9061891436576843,0.05540112033486366,0.0384097658097744,T,0.03350329026579857,0.01901327632367611,0.005519142374396324,0.577287495136261,0.3276134133338928,0.095099076628685,0.4475972652435303,0.27271461486816406,0.2796880900859833,True,True,True
test,GAVpYuhMZAw$_$4,1,0.0,0.1816093474626541,T,2.7281501293182373,-0.11293081194162369,-0.43247586488723755,0.8333902359008789,0.03449789434671402,0.13211192190647125,V,-0.009960569441318512,0.010820873081684113,0.04475816339254379,0.15197786688804626,0.16510432958602905,0.6829177737236023,0.5016399621963501,0.28298550844192505,0.21537452936172485,True,True,True
test,GAVpYuhMZAw$_$6,0,-0.6587620377540588,-0.6587620377540588,T,3.9605047702789307,-0.016382604837417603,-0.04549333080649376,0.9846170544624329,0.0040728626772761345,0.011310050264000893,T,-0.2799893021583557,0.03181320056319237,0.009961496107280254,0.8701697587966919,0.09887122362852097,0.03095901384949684,0.4376564025878906,0.27611738443374634,0.28622621297836304,True,True,True
test,GK-Pprzh0t0$_$1,0,-0.5865464210510254,-0.5865464210510254,T,2.802452325820923,0.038920506834983826,0.1507396399974823,0.9366133213043213,0.013007702305912971,0.05037900432944298,T,-0.21808475255966187,0.02250725030899048,-0.01748005859553814,0.8450537323951721,0.08721304684877396,0.06773325055837631,0.43887463212013245,0.25989672541618347,0.3012286126613617,True,True,True
test,GKsjv42t284$_$1,2,0.9825640916824341,0.9825640916824341,T,5.1323137283325195,0.19373895227909088,0.22061383724212646,0.9252969622612,0.03492889925837517,0.039774131029844284,T,0.3784673810005188,-0.007865408435463905,-0.045544832944869995,0.8763301968574524,0.018212122842669487,0.10545773059129715,0.3893451690673828,0.3004714846611023,0.3101833760738373,True,True,True
test,GMa0cIAltnw$_$3,2,0.6278601288795471,0.6278601288795471,T,3.7251102924346924,0.042091742157936096,-0.050189536064863205,0.9758260846138,0.011026309803128242,0.013147599063813686,T,0.25185322761535645,-0.002530469326302409,-0.051889583468437195,0.8223153948783875,0.008262128569185734,0.16942249238491058,0.3791363835334778,0.3040996193885803,0.31676390767097473,True,True,True
test,GNP0PFas12Y$_$4,2,0.4314325153827667,0.4314325153827667,T,1.170009970664978,0.16102400422096252,0.22325263917446136,0.7527633309364319,0.10359994322061539,0.14363673329353333,A,0.04574792459607124,0.04882143437862396,0.035253286361694336,0.3523878753185272,0.3760625422000885,0.27154961228370667,0.43631961941719055,0.27902233600616455,0.2846580445766449,True,True,True
test,HFPGeaEPy9o$_$0,0,-0.6032553911209106,-0.6032553911209106,T,3.3516650199890137,-0.008880063891410828,0.08630095422267914,0.9723860621452332,0.002576286904513836,0.02503765933215618,T,-0.2827489972114563,0.020006056874990463,0.04388769343495369,0.8156783580780029,0.05771375820040703,0.12660785019397736,0.43608924746513367,0.2852603793144226,0.2786503732204437,True,True,True
test,HJTxq72GuMs$_$14,2,0.46862974762916565,0.46862974762916565,T,0.874902606010437,0.2243088185787201,0.2327079176902771,0.6568735241889954,0.16841019690036774,0.17471621930599213,T,0.09298486262559891,0.03338124230504036,0.016141245141625404,0.6524916291236877,0.23424223065376282,0.11326604336500168,0.4492105543613434,0.27126064896583557,0.27952882647514343,True,True,True
test,HMRqR-P68Ws$_$0,2,0.11409533768892288,0.11409533768892288,T,-0.5154172778129578,0.01958417519927025,0.11811569333076477,0.7891650795936584,0.0299856998026371,0.18084916472434998,T,0.06353963166475296,-0.02600882202386856,-0.014472774229943752,0.6108332872390747,0.25003379583358765,0.13913288712501526,0.4378676116466522,0.2852233350276947,0.27690908312797546,True,True,True
test,HR18U0yAlTc$_$10,2,1.302588939666748,1.302588939666748,T,5.648186683654785,-0.006852323189377785,-0.03407594561576843,0.9928059577941895,0.0012044621398672462,0.005989674478769302,T,0.4984397888183594,0.0018934656400233507,-0.05026896670460701,0.9052630066871643,0.003438899526372552,0.09129815548658371,0.36364224553108215,0.31579160690307617,0.32056620717048645,True,True,True
test,HR18U0yAlTc$_$4,2,0.11041878908872604,0.11041878908872604,T,-0.4824144244194031,-0.037408389151096344,0.13729242980480194,0.7341397404670715,0.05692819878458977,0.208932027220726,T,0.04206179454922676,0.005310970824211836,-0.02554195187985897,0.5768628716468811,0.07283811271190643,0.3502989709377289,0.4385139048099518,0.28920653462409973,0.2722795903682709,True,True,True
test,HR18U0yAlTc$_$9,2,0.547733724117279,0.547733724117279,T,2.59521746635437,0.18656237423419952,-0.05519625544548035,0.9147830009460449,0.06576099991798401,0.01945601776242256,T,0.18348759412765503,0.024788880720734596,-0.03862035647034645,0.7431751489639282,0.10040177404880524,0.15642304718494415,0.40288877487182617,0.2782193720340729,0.3188917934894562,True,True,True
test,HbaycY0VuZk$_$0,2,0.4444582462310791,0.4444582462310791,T,0.939897894859314,0.3581521511077881,-0.1491028070449829,0.6494807600975037,0.24748744070529938,0.10303182899951935,T,0.1227608323097229,0.030454346910119057,-0.01895606890320778,0.7130158543586731,0.17688404023647308,0.11010008305311203,0.4469858407974243,0.24162469804286957,0.3113894760608673,True,True,True
test,IHp8hd1jm6k$_$27,2,0.4201619625091553,0.4201619625091553,T,3.5202813148498535,0.1775326281785965,0.11756709963083267,0.9226552248001099,0.046530772000551224,0.03081398643553257,T,0.19807592034339905,-0.00039249518886208534,-0.07169488817453384,0.7331711053848267,0.0014528072206303477,0.26537612080574036,0.399859219789505,0.2896081507205963,0.3105325996875763,True,True,True
test,IHp8hd1jm6k$_$0,2,0.3569334149360657,0.3569334149360657,T,0.558943510055542,0.13233719766139984,0.22477185726165771,0.6101652979850769,0.1444646269083023,0.2453700453042984,T,0.09884852170944214,0.02678295597434044,-0.021079547703266144,0.6737634539604187,0.18255585432052612,0.14368073642253876,0.44422873854637146,0.2780549228191376,0.27771633863449097,True,True,True
test,IHp8hd1jm6k$_$5,2,1.6132299900054932,1.6132299900054932,T,7.008997917175293,0.07965624332427979,0.2432679533958435,0.9559563994407654,0.01086430624127388,0.03317928686738014,T,0.6302553415298462,0.001009766710922122,-0.04528166353702545,0.9315769076347351,0.0014925305731594563,0.06693057715892792,0.36467838287353516,0.3241184651851654,0.31120312213897705,True,True,True
test,IHp8hd1jm6k$_$7,1,0.0,-0.01990666426718235,T,2.752779483795166,-0.3280237913131714,-0.2664562165737152,0.8223980069160461,0.09799771755933762,0.07960429042577744,T,-0.06760900467634201,0.044812336564064026,0.0011689328821375966,0.5952006578445435,0.39450857043266296,0.010290782898664474,0.5006905198097229,0.2323475480079651,0.26696187257766724,True,True,True
test,IHp8hd1jm6k$_$15,2,1.2605599164962769,1.2605599164962769,T,5.89450740814209,0.04853181913495064,0.14881235361099243,0.9676051735877991,0.007966677658259869,0.024428099393844604,T,0.49708929657936096,0.017941338941454887,-0.08210405707359314,0.8324575424194336,0.03004571422934532,0.1374967098236084,0.3651987314224243,0.31941092014312744,0.31539034843444824,True,True,True
test,IIPYcCii7Sg$_$3,2,0.3381187915802002,0.3381187915802002,T,-0.5202822685241699,0.022754818201065063,0.32392948865890503,0.6001180410385132,0.02624647691845894,0.37363550066947937,T,0.03710493445396423,0.02490312233567238,0.03618701174855232,0.3778696358203888,0.25360867381095886,0.36852169036865234,0.4595811069011688,0.2865642011165619,0.2538547217845917,True,True,True
test,IRSxo_XXArg$_$12,2,1.4293533563613892,1.4293533563613892,T,4.482338905334473,0.32975149154663086,0.6081622242927551,0.8269612193107605,0.060836922377347946,0.11220181733369827,T,0.3823641836643219,0.028820086270570755,0.09220672398805618,0.7595768570899963,0.057251885533332825,0.18317116796970367,0.45356643199920654,0.3125133812427521,0.23392020165920258,True,True,True
test,IRSxo_XXArg$_$7,2,1.6752557754516602,1.6752557754516602,T,6.166306972503662,0.520000159740448,0.61805659532547,0.8441949486732483,0.07119034230709076,0.08461470901966095,T,0.48820602893829346,0.028867941349744797,0.0984661728143692,0.793134331703186,0.046898551285266876,0.1599670946598053,0.4502109885215759,0.29748210310935974,0.2523069679737091,True,True,True
test,Iemw8vqt-54$_$13,2,0.5555307865142822,0.5555307865142822,T,2.1784486770629883,0.334249347448349,0.3439589738845825,0.7625867128372192,0.11700716614723206,0.12040611356496811,T,0.08614839613437653,0.02267679199576378,0.0635209009051323,0.49985700845718384,0.13157705962657928,0.36856597661972046,0.45595115423202515,0.2677063047885895,0.2763424813747406,True,True,True
test,Iemw8vqt-54$_$0,2,0.7789608240127563,0.7789608240127563,T,2.165361166000366,0.2653466761112213,0.4134438633918762,0.7613381147384644,0.09329554438591003,0.14536631107330322,T,0.1801695078611374,0.01834176480770111,0.052233610302209854,0.7185371518135071,0.07314910739660263,0.20831376314163208,0.4557665288448334,0.28723078966140747,0.25700271129608154,True,True,True
test,Iemw8vqt-54$_$9,2,0.2509017586708069,0.2509017586708069,T,-0.7661161422729492,0.18632277846336365,0.5578255653381348,0.5072728395462036,0.12337096035480499,0.3693562150001526,V,-0.01736098900437355,-0.004914174322038889,0.09111279994249344,0.15311139822006226,0.04333946853876114,0.8035491108894348,0.5112323760986328,0.2947372496128082,0.19403040409088135,True,True,True
test,JKueLneBoik$_$0,2,0.804593563079834,0.804593563079834,T,1.664059042930603,0.22712591290473938,0.6330562829971313,0.6592313647270203,0.08997789770364761,0.25079071521759033,T,0.15771089494228363,0.042265571653842926,0.05995245277881622,0.6067461967468262,0.16260433197021484,0.23064939677715302,0.48588553071022034,0.3119228184223175,0.20219163596630096,True,True,True
test,JKueLneBoik$_$4,1,0.0,0.07231559604406357,T,2.7906785011291504,-0.2754884660243988,-0.21675172448158264,0.8500601649284363,0.08391571044921875,0.06602409482002258,T,-0.049412280321121216,0.04467150941491127,0.013858554884791374,0.45776548981666565,0.4138460159301758,0.12838849425315857,0.4912909269332886,0.24646800756454468,0.26224103569984436,True,True,True
test,JNhqI4JtPXA$_$3,2,1.5912206172943115,1.5912206172943115,T,6.946334362030029,0.5708732604980469,0.708554744720459,0.8444608449935913,0.06940065324306488,0.08613848686218262,T,0.5079743266105652,0.007034168113023043,0.06071057170629501,0.8823302388191223,0.012218057177960873,0.10545173287391663,0.4554787576198578,0.29702743887901306,0.24749375879764557,True,True,True
test,JXYot3NDQn0$_$2,2,1.2589824199676514,1.2589824199676514,T,5.64784574508667,0.07938115298748016,0.1557472050189972,0.9600324034690857,0.013493371196091175,0.026474228128790855,T,0.4109136462211609,0.029112013056874275,-0.007737490814179182,0.9177031517028809,0.06501654535531998,0.017280321568250656,0.3784189522266388,0.30607759952545166,0.31550347805023193,True,True,True
test,KB5hSnV1emg$_$3,1,0.0,-0.057649947702884674,T,1.620025873184204,0.00618070550262928,-0.0020251963287591934,0.9949601888656616,0.003795961383730173,0.0012438009725883603,T,-0.053466618061065674,0.016031300649046898,0.003224216401576996,0.7352179288864136,0.22044594585895538,0.04433610662817955,0.4588097631931305,0.26386189460754395,0.27732834219932556,True,True,True
test,Kn5eKHlPD0k$_$12,2,0.36773383617401123,0.36773383617401123,T,-0.37764477729797363,0.13977153599262238,-0.017934650182724,0.7054153680801392,0.2610839605331421,0.03350073844194412,T,0.10607992857694626,0.021645378321409225,-0.01951994001865387,0.7204302549362183,0.1470022201538086,0.13256753981113434,0.4466947913169861,0.26107826828956604,0.2922269105911255,True,True,True
test,Kn99u05vlpA$_$5,2,0.20299044251441956,0.20299044251441956,T,-0.8464549779891968,0.1693364679813385,0.33711254596710205,0.625657856464386,0.1251651793718338,0.2491769939661026,A,0.012538840062916279,0.031180359423160553,0.00905575230717659,0.2375907450914383,0.590817391872406,0.1715918630361557,0.4718996286392212,0.27753695845603943,0.2505633234977722,True,True,True
test,L-7oRnbi9-w$_$3,2,0.2200104296207428,0.2200104296207428,T,-0.6160141229629517,0.24704942107200623,0.1764618456363678,0.5925917029380798,0.23765598237514496,0.1697523146867752,A,-0.004680716898292303,0.03740717098116875,0.025750169530510902,0.06899838894605637,0.551418662071228,0.379582941532135,0.46469709277153015,0.25506988167762756,0.2802329957485199,True,True,True
test,L-a4Sh6iAcw$_$7,2,0.44343334436416626,0.44343334436416626,T,1.7762178182601929,0.13163888454437256,-0.09462796896696091,0.8870069980621338,0.0657377764582634,0.04725528135895729,T,0.1529252529144287,-0.0059087835252285,-0.013106666505336761,0.8894068598747253,0.03436523675918579,0.0762278214097023,0.40938451886177063,0.2824987471103668,0.30811673402786255,True,True,True
test,L-a4Sh6iAcw$_$9,2,0.6987115144729614,0.6987115144729614,T,3.808258295059204,-0.010183279402554035,0.07346289604902267,0.9785076379776001,0.002616528421640396,0.01887582056224346,T,0.2556675374507904,-0.03381513059139252,0.00041316705755889416,0.8819289803504944,0.11664579808712006,0.0014252259861677885,0.38308852910995483,0.30955031514167786,0.3073612153530121,True,True,True
test,LD3HYOwk1Bc$_$0,2,0.4230780005455017,0.4230780005455017,T,1.2814120054244995,0.17026923596858978,0.1162852793931961,0.8172444701194763,0.10859239101409912,0.07416310906410217,T,0.14183466136455536,0.028052154928445816,-0.04290667176246643,0.6665366888046265,0.13182806968688965,0.20163527131080627,0.43049710988998413,0.2732201814651489,0.29628270864486694,True,True,True
test,LJGL2sGvSS0$_$2,1,0.0,0.09452544897794724,T,2.758721113204956,0.004750903695821762,-0.02209407091140747,0.990362823009491,0.0017055433709174395,0.007931627333164215,T,-0.09383394569158554,0.04589049145579338,0.06447027623653412,0.4595317244529724,0.22473888099193573,0.31572940945625305,0.5154635310173035,0.26597222685813904,0.2185641974210739,True,True,True
test,LJGL2sGvSS0$_$10,2,1.1595906019210815,1.1595906019210815,T,5.120672225952148,0.24945414066314697,0.08444833010435104,0.9387848973274231,0.0457330159842968,0.015482110902667046,T,0.3388291895389557,0.029952730983495712,0.023940283805131912,0.8627706170082092,0.07626950740814209,0.060959842056035995,0.3922552764415741,0.2906763553619385,0.31706830859184265,True,True,True
test,LJGL2sGvSS0$_$14,2,1.890270471572876,1.890270471572876,T,6.557042121887207,0.3058093786239624,0.16349253058433533,0.9332082271575928,0.04352325573563576,0.023268505930900574,T,0.7011609077453613,0.02607904188334942,-0.0006664472166448832,0.9632569551467896,0.03582746535539627,0.0009155671577900648,0.3823666274547577,0.2959490120410919,0.321684330701828,True,True,True
test,LJGL2sGvSS0$_$19,1,0.0,0.00019663944840431213,T,1.3094841241836548,-0.017322802916169167,-0.01833360269665718,0.9734925031661987,0.012878062203526497,0.013629508204758167,T,-0.0855802595615387,0.038109418004751205,0.03254430368542671,0.5477698445320129,0.2439252883195877,0.20830489695072174,0.4731311798095703,0.24815891683101654,0.27870991826057434,True,True,True
test,LcfubBagG6Q$_$1,2,0.4207082986831665,0.4207082986831665,T,1.6850682497024536,0.39720237255096436,0.19286422431468964,0.7406454682350159,0.17458410561084747,0.08477046340703964,T,0.07254862785339355,0.04406372457742691,0.0095619335770607,0.5749874114990234,0.34922903776168823,0.07578353583812714,0.4502883851528168,0.24430802464485168,0.30540353059768677,True,True,True
test,LcfubBagG6Q$_$3,1,0.0,0.2676607668399811,T,2.913757801055908,-0.0241599902510643,-0.14688660204410553,0.9445518851280212,0.00783193577080965,0.047616180032491684,A,-0.0368543416261673,0.05821651220321655,0.05310387909412384,0.24872218072414398,0.39289095997810364,0.3583868741989136,0.5163528919219971,0.22344310581684113,0.2602039873600006,True,True,True
test,LyOq9mOEPuk$_$8,1,0.0,0.14618469774723053,T,2.019742727279663,0.035460155457258224,-0.0519111230969429,0.9585350751876831,0.016828779131174088,0.024636123329401016,V,-0.05047714710235596,0.02045901119709015,0.06379289925098419,0.3746567368507385,0.15185299515724182,0.47349026799201965,0.4830876588821411,0.27627232670783997,0.2406400591135025,True,True,True
test,MHVrwCEWLPI$_$4,2,0.7834888696670532,0.7834888696670532,T,2.4799442291259766,0.1549367904663086,0.3433396816253662,0.8326932191848755,0.0520232729613781,0.11528348922729492,T,0.21869459748268127,0.0433553084731102,-0.009685870260000229,0.8048059940338135,0.1595495045185089,0.03564444184303284,0.4336129128932953,0.2941056191921234,0.2722814679145813,True,True,True
test,MHVrwCEWLPI$_$6,1,0.0,0.10865360498428345,T,2.4413633346557617,-0.024672335013747215,-0.6150805950164795,0.7923632860183716,0.008007596246898174,0.19962914288043976,V,-0.08984318375587463,0.020792968571186066,0.09029184281826019,0.447141170501709,0.10348467528820038,0.44937410950660706,0.581555187702179,0.3563992977142334,0.062045518308877945,True,True,True
test,MHyW857u_X8$_$18,0,-0.19413593411445618,-0.19413593411445618,V,0.09343713521957397,-0.003856046125292778,0.12488240003585815,0.42055538296699524,0.017355849966406822,0.5620887875556946,T,-0.12583205103874207,0.01910875365138054,0.026928678154945374,0.7321372628211975,0.11118177324533463,0.15668097138404846,0.4772222340106964,0.29422295093536377,0.22855480015277863,True,True,True
test,MZUr1DfYNNw$_$1,1,0.0,0.35884547233581543,T,2.0019562244415283,-0.18097880482673645,-0.7127354145050049,0.6913619041442871,0.062499795109033585,0.2461383044719696,V,-0.00791221484541893,0.03139235079288483,0.08171835541725159,0.06537781655788422,0.25939178466796875,0.6752303838729858,0.5687088966369629,0.32536014914512634,0.10593096166849136,True,True,True
test,NIpuKcoJhGM$_$0,2,0.939089834690094,0.939089834690094,T,4.253950119018555,0.11709025502204895,0.3570845425128937,0.8997118473052979,0.02476462721824646,0.0755234956741333,T,0.30682897567749023,0.004786740522831678,-0.0027067894116044044,0.9761597514152527,0.0152287557721138,0.00861150398850441,0.4006723165512085,0.31495627760887146,0.28437137603759766,True,True,True
test,NVLPURuAVLU$_$2,1,0.0,-0.22286587953567505,T,0.42010068893432617,0.03547969460487366,0.022925931960344315,0.8779417872428894,0.07414676249027252,0.047911450266838074,T,-0.12248533219099045,0.023610994219779968,0.009456513449549675,0.7874194979667664,0.1517876237630844,0.06079293414950371,0.45502984523773193,0.26981887221336365,0.27515125274658203,True,True,True
test,NaWmaHwjElo$_$5,1,0.0,-0.1461208015680313,T,2.3047893047332764,0.028264738619327545,-0.012590872123837471,0.9825823307037354,0.01204987894743681,0.005367765668779612,T,-0.07428590953350067,0.008602021262049675,0.0019462958443909883,0.8756596446037292,0.10139800608158112,0.02294234186410904,0.4628860652446747,0.26920825242996216,0.26790571212768555,True,True,True
test,NiAjz4ciA60$_$1,2,1.0770790576934814,1.0770790576934814,T,5.399928092956543,0.1107575073838234,0.8588144779205322,0.8477789163589478,0.017388727515935898,0.13483232259750366,T,0.27805018424987793,0.020958589389920235,0.0617668479681015,0.7707011103630066,0.05809313803911209,0.17120569944381714,0.5359758138656616,0.4025578498840332,0.061466317623853683,True,True,True
test,NocexkPXja8$_$13,0,-0.5244606137275696,-0.5244606137275696,T,1.9946852922439575,-0.11204823851585388,0.13238513469696045,0.8908350467681885,0.05004122480750084,0.059123773127794266,T,-0.19287939369678497,-0.007077655289322138,0.008330434560775757,0.9260249137878418,0.033980224281549454,0.03999488800764084,0.4366700053215027,0.291105717420578,0.2722242474555969,True,True,True
test,NocexkPXja8$_$4,0,-1.444244623184204,-1.444244623184204,T,6.538183212280273,-0.05980340391397476,0.16714927554130554,0.9664525985717773,0.008839941583573818,0.024707453325390816,T,-0.5696879029273987,0.013728189282119274,0.016143353655934334,0.9501774311065674,0.022897126153111458,0.026925357058644295,0.41332781314849854,0.3025887906551361,0.28408342599868774,True,True,True
test,O-b3DQg0QmA$_$1,2,0.6398804187774658,0.6398804187774658,T,2.414893627166748,0.14649732410907745,0.5334581732749939,0.7802944779396057,0.047335851937532425,0.17236968874931335,T,0.12338034063577652,0.03871989995241165,0.03952692449092865,0.6119232177734375,0.19203712046146393,0.19603967666625977,0.4553147554397583,0.3095390498638153,0.23514625430107117,True,True,True
test,OFia3dWgaoI$_$0,0,-0.22634664177894592,-0.22634664177894592,T,1.1200284957885742,0.04553204029798508,0.010583773255348206,0.9522883892059326,0.03871297463774681,0.008998703211545944,T,-0.19430823624134064,0.12502412497997284,-0.02130049839615822,0.5704330205917358,0.3670348525047302,0.06253213435411453,0.47970324754714966,0.21050265431404114,0.3097940981388092,True,True,True
test,OFia3dWgaoI$_$6,0,-0.5761754512786865,-0.5761754512786865,T,4.557039260864258,0.0683945044875145,0.025092288851737976,0.9798976182937622,0.01470683142542839,0.0053955805487930775,T,-0.3055504858493805,0.09995519369840622,-0.0038704152684658766,0.7463808059692383,0.24416469037532806,0.009454423561692238,0.4502483606338501,0.2466265857219696,0.3031250536441803,True,True,True
test,OKJPFisBoPY$_$0,2,1.4188295602798462,1.4188295602798462,T,5.836192607879639,0.18618305027484894,0.12844440340995789,0.9488479495048523,0.03026963211596012,0.020882485434412956,T,0.4930512309074402,0.004742069635540247,0.0010693708900362253,0.9883506298065186,0.009505761787295341,0.0021436179522424936,0.3808136582374573,0.30575141310691833,0.313434898853302,True,True,True
test,OORklkFql3k$_$10,0,-0.4830293655395508,-0.4830293655395508,T,0.6629537343978882,-0.06308313459157944,0.05619453266263008,0.8475161194801331,0.0806451067328453,0.07183875888586044,T,-0.15873034298419952,-0.0046698045916855335,-0.014015113934874535,0.8946826457977295,0.026321325451135635,0.07899610698223114,0.4229785203933716,0.29190218448638916,0.28511929512023926,True,True,True
test,OORklkFql3k$_$4,2,0.11260077357292175,0.11260077357292175,T,0.9208675622940063,-0.016163110733032227,0.21925699710845947,0.7964000701904297,0.013978451490402222,0.18962149322032928,T,0.03495753929018974,0.009582451544702053,-0.02198084257543087,0.5255126357078552,0.14405189454555511,0.33043548464775085,0.4215700626373291,0.30099910497665405,0.27743086218833923,True,True,True
test,OWWHjP3pX9o$_$0,1,0.0,-0.16186338663101196,T,2.033806085586548,-0.029061567038297653,-0.16877299547195435,0.9113501906394958,0.013022512197494507,0.07562731951475143,T,-0.12305247783660889,0.04339698702096939,0.010656502097845078,0.6947957873344421,0.24503402411937714,0.06017020344734192,0.49270617961883545,0.24158671498298645,0.2657071053981781,True,True,True
test,OWWHjP3pX9o$_$4,2,0.2337750345468521,0.2337750345468521,T,2.1724607944488525,0.11120124906301498,0.04059607535600662,0.934689998626709,0.04784376174211502,0.01746625080704689,T,0.12020865827798843,-0.011266330257058144,-0.04585111141204834,0.6778960227966309,0.06353452801704407,0.2585694491863251,0.41048961877822876,0.28600698709487915,0.3035034239292145,True,True,True
test,OXsTIPdytiw$_$0,2,0.23704016208648682,0.23704016208648682,T,-0.4898223876953125,0.07347194850444794,0.19923853874206543,0.6423622965812683,0.09635249525308609,0.2612851858139038,T,0.03633736073970795,0.009522695094347,0.01832629181444645,0.5661228895187378,0.14836013317108154,0.28551697731018066,0.4562056362628937,0.2804606556892395,0.2633337378501892,True,True,True
test,OXsTIPdytiw$_$7,2,1.0572035312652588,1.0572035312652588,T,5.074951171875,0.0960017591714859,0.06305387616157532,0.9696111083030701,0.018341924995183945,0.01204696111381054,T,0.3556969463825226,0.019695911556482315,-0.022202137857675552,0.8946213126182556,0.049537625163793564,0.05584109202027321,0.37623289227485657,0.30434301495552063,0.3194240927696228,True,True,True
test,Oa2xVjzAMFc$_$9,2,0.3952748775482178,0.3952748775482178,T,1.0128490924835205,0.08733593672513962,-0.01806890219449997,0.9057415723800659,0.07810027152299881,0.01615813933312893,T,0.11367901414632797,-0.006101406179368496,0.009959070011973381,0.8762097954750061,0.047028131783008575,0.07676205784082413,0.42276960611343384,0.28375518321990967,0.2934751808643341,True,True,True
test,OctOcfI4KSs$_$3,0,-0.18714231252670288,-0.18714231252670288,T,0.6386141777038574,0.04809725657105446,0.036776915192604065,0.8826876282691956,0.06647966057062149,0.05083277076482773,T,-0.15221422910690308,0.043535761535167694,0.03122449479997158,0.6706226468086243,0.1918090581893921,0.13756829500198364,0.4770626127719879,0.26762914657592773,0.25530824065208435,True,True,True
test,OctOcfI4KSs$_$7,1,0.0,0.2786659002304077,T,1.1974990367889404,-0.24689796566963196,-0.2242790311574936,0.7176342606544495,0.14796039462089539,0.13440537452697754,A,-0.006904145237058401,0.046075426042079926,0.03899382799863815,0.07506676763296127,0.5009647011756897,0.4239685535430908,0.4766197204589844,0.2555921673774719,0.2677881419658661,True,True,True
test,P0UHzR4CmYg$_$1,1,0.0,-0.012702235020697117,T,2.1826627254486084,-0.03349404036998749,-0.07110129296779633,0.9542704820632935,0.014643752947449684,0.031085822731256485,T,-0.13400448858737946,0.049256082624197006,0.0655222162604332,0.5386404991149902,0.19798830151557922,0.26337116956710815,0.5317345261573792,0.2768021523952484,0.19146332144737244,True,True,True
test,P0UHzR4CmYg$_$3,2,0.8055930137634277,0.8055930137634277,T,3.2123937606811523,0.08468982577323914,0.3565741777420044,0.8792267441749573,0.023179462179541588,0.0975937470793724,T,0.2136767953634262,0.025540266185998917,0.021070843562483788,0.8209247589111328,0.09812313318252563,0.08095206320285797,0.4183253049850464,0.31274712085723877,0.26892757415771484,True,True,True
test,P0UHzR4CmYg$_$4,2,1.1639785766601562,1.1639785766601562,T,4.981729984283447,0.17525117099285126,0.5943074822425842,0.8661937117576599,0.03047163598239422,0.10333466529846191,T,0.3086637854576111,0.012631436809897423,0.07314770668745041,0.7825309038162231,0.03202348202466965,0.18544559180736542,0.4319576025009155,0.33343857526779175,0.23460379242897034,True,True,True
test,P0UHzR4CmYg$_$8,0,-0.36292141675949097,-0.36292141675949097,T,0.5765514373779297,-0.045289233326911926,0.09186863154172897,0.807823896408081,0.06345613300800323,0.12871995568275452,T,-0.2036285400390625,0.013725489377975464,0.05334179103374481,0.7522411942481995,0.0507044792175293,0.19705437123775482,0.47324416041374207,0.2898721396923065,0.23688367009162903,True,True,True
test,P0UHzR4CmYg$_$11,0,-0.24643173813819885,-0.24643173813819885,V,-0.06425487995147705,-0.08156238496303558,0.08835700154304504,0.2743891477584839,0.3482978045940399,0.3773130178451538,T,-0.1745920479297638,0.001960786059498787,0.07530975341796875,0.6932035684585571,0.00778514239937067,0.2990112900733948,0.4905870258808136,0.29249006509780884,0.2169228494167328,True,True,True
test,PcqKFt1p3UQ$_$10,1,0.0,-0.09614144265651703,T,0.9778078198432922,0.09417790174484253,0.08257538825273514,0.8469086289405823,0.08157030493021011,0.07152101397514343,T,-0.058643192052841187,0.006326418835669756,0.0052665588445961475,0.8349428176879883,0.09007351100444794,0.07498356699943542,0.44231387972831726,0.28492307662963867,0.27276304364204407,True,True,True
test,PzI6yY9Y2xQ$_$0,2,1.4135066270828247,1.4135066270828247,T,5.212550640106201,0.29493072628974915,0.17185720801353455,0.9178093671798706,0.051930468529462814,0.030260073021054268,T,0.46303442120552063,0.0349571667611599,-0.0014120162231847644,0.9271748065948486,0.06999782472848892,0.002827404998242855,0.4007170796394348,0.2853620648384094,0.3139209449291229,True,True,True
test,PzI6yY9Y2xQ$_$2,2,1.1983163356781006,1.1983163356781006,T,5.050714015960693,0.12510542571544647,-0.034797925502061844,0.9693119525909424,0.024009712040424347,0.006678272970020771,T,0.4166397452354431,0.010089815594255924,-0.018740614876151085,0.9352808594703674,0.02264981158077717,0.042069289833307266,0.3744938373565674,0.2997332513332367,0.32577288150787354,True,True,True
test,QBc7X5jj8oA$_$4,2,0.4862750768661499,0.4862750768661499,T,2.2089548110961914,0.19948656857013702,0.07525952905416489,0.8893803954124451,0.08031827956438065,0.030301367864012718,T,0.14460991322994232,0.0072657642886042595,-0.003333708271384239,0.9317086338996887,0.04681266471743584,0.02147878147661686,0.4174425005912781,0.27347880601882935,0.30907872319221497,True,True,True
test,QCR7uyowjhM$_$10,1,0.0,0.03922053426504135,T,1.4139807224273682,-0.004866184666752815,-0.4100452661514282,0.7731350660324097,0.002660728059709072,0.2242041677236557,T,-0.04001476243138313,0.012081192806363106,0.026015741750597954,0.5122761726379395,0.15466558933258057,0.3330581784248352,0.47305673360824585,0.30522534251213074,0.22171787917613983,True,True,True
test,QCR7uyowjhM$_$8,1,0.0,0.012736335396766663,T,1.683741569519043,-0.01477019488811493,-0.07647554576396942,0.9485936164855957,0.00832129642367363,0.04308512434363365,T,-0.08990070968866348,0.06774529814720154,0.011408801190555096,0.5317844152450562,0.40072980523109436,0.06748581677675247,0.4868309497833252,0.23412171006202698,0.27904731035232544,True,True,True
test,QIonRUsCqBs$_$1,2,0.648110568523407,0.648110568523407,T,3.1331286430358887,0.2930905222892761,0.2457118034362793,0.853264570236206,0.07981918007135391,0.06691623479127884,T,0.17789308726787567,0.0054406700655817986,0.02116934023797512,0.8698797225952148,0.026604341343045235,0.10351599007844925,0.43688511848449707,0.2857562303543091,0.27735865116119385,True,True,True
test,Qfa1fY_07bQ$_$5,2,0.35008376836776733,0.35008376836776733,T,-0.6432127356529236,0.2846711575984955,0.13826078176498413,0.6033071875572205,0.2670098543167114,0.12968294322490692,T,0.07083580642938614,0.03655967116355896,-0.005158898886293173,0.6293473839759827,0.32481783628463745,0.045834723860025406,0.4670201241970062,0.2499677836894989,0.28301212191581726,True,True,True
test,R9xTBw3MCWI$_$5,2,1.3782310485839844,1.3782310485839844,T,5.999870300292969,0.3321504592895508,0.07284361869096756,0.9367677569389343,0.05185909569263458,0.011373171582818031,T,0.4496690034866333,0.03900068998336792,-0.0070981415919959545,0.9070152640342712,0.07866724580526352,0.014317471534013748,0.3884676396846771,0.28052130341529846,0.3310110569000244,True,True,True
test,ROC2YI3tDsk$_$13,2,0.8308970928192139,0.8308970928192139,T,2.9466497898101807,0.19358861446380615,0.6135492324829102,0.7849804162979126,0.051571544259786606,0.1634480506181717,T,0.17671620845794678,0.02024867571890354,0.07243572175502777,0.655960738658905,0.07516195625066757,0.2688773572444916,0.4611515998840332,0.3181599974632263,0.22068844735622406,True,True,True
test,ROC2YI3tDsk$_$3,2,0.7663222551345825,0.7663222551345825,T,2.91477370262146,0.24175703525543213,0.3589012920856476,0.8291366696357727,0.06877021491527557,0.10209307819604874,T,0.19777947664260864,0.03274526074528694,0.015707936137914658,0.8032218813896179,0.13298504054546356,0.06379306316375732,0.4378259479999542,0.29053524136543274,0.27163878083229065,True,True,True
test,RVC8l5hf2Eg$_$13,1,0.0,-0.21051815152168274,T,0.49130845069885254,0.014203574508428574,0.09711945801973343,0.8152718544006348,0.023569256067276,0.1611589640378952,T,-0.11336308717727661,0.03410092368721962,-0.00601816875860095,0.7386075258255005,0.22218166291713715,0.03921086713671684,0.44593802094459534,0.2581463158130646,0.2959156632423401,True,True,True
test,RVC8l5hf2Eg$_$8,0,-0.3645494282245636,-0.3645494282245636,T,1.7665437459945679,0.022907258942723274,-0.05806328356266022,0.9561732411384583,0.012398961931467056,0.031427785754203796,T,-0.1926611065864563,0.03808051347732544,0.017468564212322235,0.7762014269828796,0.15342043340206146,0.07037810981273651,0.4431288242340088,0.27118727564811707,0.28568390011787415,True,True,True
test,Rb1uzHNcYcA$_$4,2,1.661879539489746,1.661879539489746,T,7.29225492477417,0.7102327346801758,0.40121686458587646,0.8677429556846619,0.08451425284147263,0.04774286225438118,T,0.5550192594528198,0.01463035587221384,0.03943473845720291,0.9112354516983032,0.024020245298743248,0.06474429368972778,0.4396674335002899,0.2633447051048279,0.2969878613948822,True,True,True
test,RvmTZVNAAuQ$_$2,2,0.8393477201461792,0.8393477201461792,T,4.086572647094727,0.379873126745224,0.11696547269821167,0.8916007280349731,0.08287999778985977,0.02551930584013462,T,0.2331043928861618,0.02429201267659664,0.015057699754834175,0.8555730581283569,0.0891600176692009,0.05526692047715187,0.410939484834671,0.2651675343513489,0.3238929510116577,True,True,True
test,SKTyBOhDX6U$_$11,2,0.8238442540168762,0.8238442540168762,T,2.5201547145843506,0.3523792028427124,0.5668120980262756,0.732742428779602,0.10245529562234879,0.16480229794979095,T,0.18080687522888184,0.022776246070861816,0.06327295303344727,0.6775445342063904,0.08535029739141464,0.23710516095161438,0.479416161775589,0.2943308651447296,0.226252943277359,True,True,True
test,SKTyBOhDX6U$_$12,1,0.0,0.02230953425168991,T,2.3578941822052,-0.32771411538124084,-0.41175466775894165,0.761258602142334,0.10580423474311829,0.13293716311454773,T,-0.13309627771377563,0.058824844658374786,0.06671600043773651,0.514606237411499,0.22744160890579224,0.25795212388038635,0.5143657922744751,0.25483250617980957,0.23080161213874817,True,True,True
test,SKTyBOhDX6U$_$9,2,0.6386651992797852,0.6386651992797852,T,2.5627002716064453,0.5240339636802673,0.3946933150291443,0.7361061573028564,0.15052272379398346,0.1133711114525795,T,0.13749203085899353,0.010260128416121006,0.05345065891742706,0.6833503842353821,0.05099395662546158,0.26565560698509216,0.4763917922973633,0.2497420459985733,0.273866206407547,True,True,True
test,SYQ_zv8dWng$_$0,2,0.42128682136535645,0.42128682136535645,T,1.2117969989776611,0.03321289271116257,0.14907601475715637,0.8692412972450256,0.023824136704206467,0.10693459957838058,T,0.12727418541908264,0.009498314000666142,-0.010401463136076927,0.8647873997688293,0.06453800946474075,0.07067462056875229,0.42141810059547424,0.2967488467693329,0.28183308243751526,True,True,True
test,SYQ_zv8dWng$_$5,2,0.6783398389816284,0.6783398389816284,T,3.2736082077026367,0.1407831907272339,-0.006153723690658808,0.9570427536964417,0.04115811362862587,0.0017990475753322244,T,0.2153957188129425,0.018676554784178734,-0.018974846228957176,0.851207971572876,0.07380662858486176,0.07498542964458466,0.39286163449287415,0.2903590202331543,0.31677934527397156,True,True,True
test,SYQ_zv8dWng$_$6,1,0.0,0.3047701418399811,T,1.034069538116455,-0.1390264630317688,0.0018516862764954567,0.8800984025001526,0.11832566559314728,0.0015759734669700265,T,0.0636385828256607,0.03251376748085022,-0.00920272059738636,0.6040391325950623,0.30861133337020874,0.08734957873821259,0.4503129720687866,0.26121410727500916,0.288472980260849,True,True,True
test,SYQ_zv8dWng$_$9,2,0.3740355670452118,0.3740355670452118,T,0.6282955408096313,0.11249686777591705,0.059189632534980774,0.7853870987892151,0.1406242400407791,0.07398870587348938,T,0.10321076959371567,0.008987898007035255,-0.001860118703916669,0.9048910140991211,0.07880057394504547,0.01630842126905918,0.43125250935554504,0.27880263328552246,0.2899448573589325,True,True,True
test,SZ7HK5ns6mE$_$11,2,9.999999974752427e-07,-0.024774206802248955,A,0.22138679027557373,0.5425266027450562,0.035475198179483414,0.2769451439380646,0.678676962852478,0.04437791556119919,T,-0.03936997801065445,0.03489651530981064,-0.018776876851916313,0.42313575744628906,0.3750564455986023,0.20180778205394745,0.49486806988716125,0.16573666036128998,0.3393952548503876,True,True,True
test,Sq6DIhFxPqQ$_$4,1,0.0,0.006186653859913349,T,2.216769218444824,0.059163644909858704,-0.059867218136787415,0.9490407109260559,0.025329072028398514,0.0256302859634161,T,-0.034356869757175446,0.0202028788626194,0.0012241285294294357,0.6158924698829651,0.3621634244918823,0.02194412797689438,0.4757434129714966,0.24521322548389435,0.2790433466434479,True,True,True
test,SwT0gh0V8fI$_$10,0,-0.39285892248153687,-0.39285892248153687,T,1.219815731048584,-0.025664951652288437,0.09306856989860535,0.9112968444824219,0.01917370781302452,0.06952942907810211,T,-0.15659165382385254,0.0357794351875782,-0.025889180600643158,0.7174538373947144,0.16393014788627625,0.11861609667539597,0.46837007999420166,0.22000132501125336,0.311628520488739,True,True,True
test,SwT0gh0V8fI$_$19,2,0.36449021100997925,0.36449021100997925,A,0.2791799306869507,0.40373414754867554,-0.1288565695285797,0.34391477704048157,0.4973500072956085,0.15873518586158752,T,0.0958741307258606,0.021990260109305382,-0.010756575502455235,0.7454004883766174,0.17096948623657227,0.0836300328373909,0.44696444272994995,0.22947311401367188,0.32356250286102295,True,True,True
test,SwT0gh0V8fI$_$5,0,-0.24886023998260498,-0.24886023998260498,T,0.29520559310913086,0.04635503515601158,0.09684358537197113,0.673363983631134,0.10573583841323853,0.22090022265911102,T,-0.11765721440315247,0.04327487200498581,-0.023754216730594635,0.6370651721954346,0.23431554436683655,0.1286192685365677,0.45884132385253906,0.2424563616514206,0.2987023591995239,True,True,True
test,TXiOSZdaLJ8$_$2,2,0.7957116365432739,0.7957116365432739,T,3.2341740131378174,0.11463332921266556,0.19884803891181946,0.9116370677947998,0.03231241926550865,0.05605055019259453,T,0.26799750328063965,0.022774238139390945,-0.0340302437543869,0.8251104354858398,0.07011730223894119,0.10477227717638016,0.4018996059894562,0.2993389070034027,0.2987614572048187,True,True,True
test,TcTGCIh6e5s$_$4,1,0.0,-0.09910782426595688,T,1.9175806045532227,0.05630941316485405,-0.11335350573062897,0.9187143445014954,0.026977883651852608,0.05430775135755539,V,-0.005998941138386726,-0.0036874443758279085,-0.03835366666316986,0.12487374991178513,0.07675771415233612,0.7983685731887817,0.45103517174720764,0.28012773394584656,0.268837034702301,True,True,True
test,TxRtSItpGMo$_$4,2,1.9799468517303467,1.9799468517303467,T,8.570816040039062,0.9977107048034668,0.4681831896305084,0.8539466857910156,0.09940614551305771,0.046647075563669205,T,0.6524977087974548,0.0671955943107605,0.05809669569134712,0.8389124274253845,0.08639297634363174,0.07469457387924194,0.4829304814338684,0.16585375368595123,0.35121577978134155,True,True,True
test,U-KihZeIfKI$_$20,2,1.4147285223007202,1.4147285223007202,T,5.288510799407959,0.1131996363401413,0.17318370938301086,0.9486297369003296,0.020305251702666283,0.03106493130326271,T,0.46225103735923767,0.00946449488401413,0.02538776397705078,0.9298892617225647,0.019039291888475418,0.0510714054107666,0.3833170533180237,0.3086937665939331,0.3079892098903656,True,True,True
test,U-KihZeIfKI$_$1,2,9.999999974752427e-07,-0.05936787277460098,T,1.2387115955352783,0.08327995240688324,-0.0411209762096405,0.9087375402450562,0.061095431447029114,0.030166970565915108,V,0.0010824427008628845,-0.0006553427083417773,-0.03521105274558067,0.029295718297362328,0.017736490815877914,0.9529678225517273,0.40821921825408936,0.2959355413913727,0.29584524035453796,True,True,True
test,U-KihZeIfKI$_$6,0,-1.0569230318069458,-1.0569230318069458,T,4.4420247077941895,0.006945100612938404,0.15420131385326385,0.9649922847747803,0.0015087643405422568,0.03349892795085907,T,-0.3815709352493286,0.02111031860113144,-0.022607529535889626,0.8972042798995972,0.04963760823011398,0.05315806344151497,0.41713109612464905,0.2808767557144165,0.3019922077655792,True,True,True
test,U-KihZeIfKI$_$15,0,-0.29629212617874146,-0.29629212617874146,T,1.1089093685150146,-0.004396664910018444,0.06532707810401917,0.9408435821533203,0.003730308497324586,0.055426135659217834,T,-0.18449349701404572,0.03071492724120617,0.03969941288232803,0.72376549243927,0.12049423903226852,0.15574026107788086,0.4587176442146301,0.2808504104614258,0.2604319453239441,True,True,True
test,U-KihZeIfKI$_$16,2,1.3838471174240112,1.3838471174240112,T,5.285652160644531,0.005983653012663126,0.20111295580863953,0.9622963666915894,0.0010893731378018856,0.03661426529288292,T,0.4575726389884949,0.013686032965779305,0.012688356451690197,0.945501446723938,0.028280021622776985,0.026218481361865997,0.37682509422302246,0.32020092010498047,0.3029739558696747,True,True,True
test,UiurP5k-f1A$_$4,2,0.7952778339385986,0.7952778339385986,T,2.477011203765869,0.10721969604492188,0.5816319584846497,0.7824127078056335,0.033867448568344116,0.18371988832950592,T,0.16525468230247498,0.019643934443593025,0.07168737053871155,0.6440518498420715,0.07655887305736542,0.27938926219940186,0.4602069556713104,0.3248337507247925,0.21495932340621948,True,True,True
test,UjqA6KVW2m8$_$0,0,-0.4458191394805908,-0.4458191394805908,T,0.20673996210098267,-0.06391800194978714,0.15318423509597778,0.4877758026123047,0.15080612897872925,0.36141809821128845,T,-0.10735683143138885,0.0047155097126960754,-0.06206579506397247,0.616503894329071,0.027079133316874504,0.3564170300960541,0.43346989154815674,0.2777155339717865,0.28881457448005676,True,True,True
test,UjqA6KVW2m8$_$3,0,-0.03420986235141754,-0.03420986235141754,A,-0.00030863285064697266,-0.0363917276263237,0.0,0.00840953178703785,0.9915904402732849,0.0,T,-0.11654288321733475,0.090147003531456,0.0,0.5638538002967834,0.43614616990089417,0.0,0.6708396077156067,0.3291604220867157,0.0,True,True,False
test,UjqA6KVW2m8$_$2,0,-0.6337586045265198,-0.6337586045265198,T,2.9632866382598877,0.02064104750752449,0.02699570171535015,0.9841786623001099,0.006855387706309557,0.008965921588242054,T,-0.3195643424987793,0.07906916737556458,0.01102070976048708,0.7800831198692322,0.19301439821720123,0.026902467012405396,0.44201233983039856,0.24990250170230865,0.30808520317077637,True,True,True
test,UjqA6KVW2m8$_$4,2,0.967442512512207,0.967442512512207,T,4.247241973876953,0.19678860902786255,0.31973662972450256,0.891572117805481,0.04130944982171059,0.06711844354867935,T,0.2673741281032562,0.031120717525482178,0.020926499739289284,0.8370577692985535,0.09742841869592667,0.06551378220319748,0.4128904640674591,0.30061766505241394,0.28649190068244934,True,True,True
test,UweZVaFqruU$_$1,2,0.654507040977478,0.654507040977478,T,2.2936387062072754,-0.00814826600253582,0.25148266553878784,0.898314356803894,0.0031913064885884523,0.09849436581134796,T,0.21002152562141418,-0.00707361102104187,0.003792777191847563,0.9508058428764343,0.03202353045344353,0.01717059686779976,0.42051488161087036,0.30964019894599915,0.2698449194431305,True,True,True
test,UweZVaFqruU$_$5,2,0.15230344235897064,0.15230344235897064,T,-0.35458308458328247,0.003260985016822815,0.08415412157773972,0.8022274971008301,0.007377824280411005,0.19039472937583923,T,0.04522314667701721,-0.009234795346856117,-0.000168939761351794,0.8278552293777466,0.16905222833156586,0.003092612372711301,0.44177940487861633,0.2835738956928253,0.2746466398239136,True,True,True
test,V27mmEkN80g$_$0,2,0.5744650363922119,0.5744650363922119,T,2.613949775695801,0.055005524307489395,-0.10848763585090637,0.9411353468894958,0.019804375246167183,0.039060257375240326,T,0.1682993620634079,-0.01577828824520111,0.026368558406829834,0.7997262477874756,0.0749754011631012,0.12529833614826202,0.3991261124610901,0.2889895737171173,0.3118843138217926,True,True,True
test,VDkBM0ZG4q8$_$4,1,0.0,-0.17282627522945404,T,2.399294853210449,0.07477990537881851,-0.059957556426525116,0.9468288421630859,0.029510241001844406,0.023660928010940552,T,-0.07439206540584564,0.019690746441483498,-0.017963390797376633,0.6639410257339478,0.17573775351047516,0.16032129526138306,0.4651515483856201,0.25378191471099854,0.28106656670570374,True,True,True
test,VDkBM0ZG4q8$_$7,2,1.1803600788116455,1.1803600788116455,T,5.4254560470581055,0.29142871499061584,0.0,0.9490231871604919,0.050976838916540146,0.0,T,0.4016675353050232,-0.0007802783511579037,0.0,0.9980611801147461,0.0019388310611248016,0.0,0.5706405639648438,0.42935940623283386,0.0,True,True,False
test,VLQgw-88v4Q$_$2,2,1.4829285144805908,1.4829285144805908,T,5.283687591552734,0.3723672032356262,0.6017839908599854,0.8443309664726257,0.05950411781668663,0.09616482257843018,T,0.4364466071128845,0.03107571229338646,0.059233032166957855,0.8285565972328186,0.058994583785533905,0.11244884878396988,0.44580909609794617,0.3083053231239319,0.24588564038276672,True,True,True
test,VLQgw-88v4Q$_$6,2,1.3080278635025024,1.3080278635025024,T,3.9222347736358643,0.32147079706192017,0.6439823508262634,0.8024724125862122,0.06577154248952866,0.1317560225725174,T,0.3386918604373932,0.05165499076247215,0.06195373833179474,0.7488202452659607,0.114205002784729,0.13697469234466553,0.4674444794654846,0.3093242943286896,0.22323118150234222,True,True,True
test,VLQgw-88v4Q$_$8,2,1.1785308122634888,1.1785308122634888,T,3.8260116577148438,0.4745745360851288,0.43572521209716797,0.8078040480613708,0.10019918531179428,0.09199673682451248,T,0.3017534017562866,0.03393549844622612,0.06447714567184448,0.754070520401001,0.08480354398488998,0.16112598776817322,0.45225754380226135,0.26709848642349243,0.28064393997192383,True,True,True
test,VXy21GwGs8o$_$0,2,0.548755943775177,0.548755943775177,T,1.6154627799987793,0.136258065700531,0.33973178267478943,0.7724118828773499,0.06514996290206909,0.16243819892406464,T,0.12883765995502472,0.019903961569070816,0.0212669987231493,0.7578302025794983,0.11707619577646255,0.12509365379810333,0.44424647092819214,0.29316428303718567,0.2625892162322998,True,True,True
test,Vdf1McvE9ao$_$9,0,-0.2868647873401642,-0.2868647873401642,A,0.04525959491729736,-0.061885956674814224,-0.011013228446245193,0.38304048776626587,0.5237525105476379,0.09320703148841858,T,-0.1224130243062973,-0.004942706786096096,0.016449013724923134,0.8512446880340576,0.03437095880508423,0.11438436061143875,0.4510490894317627,0.2822067439556122,0.26674413681030273,True,True,True
test,Vlas-mPydcg$_$17,1,0.0,0.1223224401473999,T,2.098299026489258,-0.078316330909729,-0.3896675109863281,0.8176413774490356,0.030517421662807465,0.15184122323989868,V,-0.03672236204147339,0.01458856649696827,0.04793848097324371,0.37000080943107605,0.14698895812034607,0.48301026225090027,0.4751371741294861,0.29101958870887756,0.23384316265583038,True,True,True
test,Vlas-mPydcg$_$3,2,0.9770185947418213,0.9770185947418213,T,2.9021153450012207,0.018829667940735817,0.4059429168701172,0.872321367263794,0.005659844726324081,0.12201881408691406,T,0.2645297348499298,0.02718140184879303,0.03127684071660042,0.819007933139801,0.08415607362985611,0.0968359187245369,0.42215824127197266,0.31868675351142883,0.2591550350189209,True,True,True
test,VsXGwSZazwA$_$4,2,0.10339760780334473,0.10339760780334473,T,-0.6160067319869995,0.027336018159985542,0.14811939001083374,0.7783148884773254,0.0345386303961277,0.18714652955532074,T,0.052940793335437775,-0.0023142024874687195,-0.031139155849814415,0.6127821207046509,0.0267865639179945,0.3604312837123871,0.446505069732666,0.2840600311756134,0.2694348692893982,True,True,True
test,VsXGwSZazwA$_$6,1,0.0,0.07156882435083389,T,0.8533598184585571,-0.11360178887844086,-0.0996050238609314,0.800099790096283,0.1065116599202156,0.09338846057653427,T,0.03266392648220062,0.007178927306085825,-0.030974138528108597,0.4612441956996918,0.10137294977903366,0.43738284707069397,0.4527762234210968,0.26902323961257935,0.27820053696632385,True,True,True
test,VwGPIUNayKM$_$1,1,0.0,0.04278697073459625,T,1.4414730072021484,0.04081998020410538,-0.12325485050678253,0.8978075385093689,0.025424329563975334,0.07676809281110764,A,-0.017651990056037903,0.034267328679561615,-0.01734413020312786,0.25485289096832275,0.49473896622657776,0.2504081130027771,0.45487526059150696,0.27379581332206726,0.27132895588874817,True,True,True
test,VwGPIUNayKM$_$5,1,0.0,-0.2517710030078888,T,0.5743456482887268,0.04663921520113945,-0.12047896534204483,0.7746104598045349,0.06290153414011002,0.16248798370361328,T,-0.08936308324337006,0.009147970005869865,-0.018898501992225647,0.7611227631568909,0.07791503518819809,0.16096220910549164,0.449325293302536,0.2795748710632324,0.2710998058319092,True,True,True
test,VwGPIUNayKM$_$8,2,0.7416843771934509,0.7416843771934509,T,3.6110544204711914,-0.025011783465743065,-0.03128521144390106,0.984649121761322,0.00682012178003788,0.008530736900866032,T,0.25170278549194336,-0.005047515034675598,-0.009189024567604065,0.9464670419692993,0.018979951739311218,0.03455309197306633,0.3830986022949219,0.30255022644996643,0.3143511414527893,True,True,True
test,W1CWpktWtTs$_$5,2,1.3609894514083862,1.3609894514083862,T,6.396316051483154,0.6321532726287842,0.37445735931396484,0.864025354385376,0.08539234846830368,0.050582341849803925,T,0.41690242290496826,0.02546110190451145,0.031947486102581024,0.8789642453193665,0.0536801815032959,0.06735556572675705,0.43449488282203674,0.2604176104068756,0.30508747696876526,True,True,True
test,W1CWpktWtTs$_$9,2,0.42562800645828247,0.42562800645828247,T,2.4275062084198,0.3928394615650177,0.3876100480556488,0.756714403629303,0.12245788425207138,0.12082774937152863,T,0.11171545833349228,0.020033206790685654,-0.003901171963661909,0.8235576748847961,0.147683247923851,0.02875913679599762,0.45782002806663513,0.26815709471702576,0.2740229070186615,True,True,True
test,WfNiQBXmPw8$_$3,0,-9.999999974752427e-07,0.02917364239692688,V,0.11675041913986206,0.02654130570590496,-0.12199626117944717,0.4400893449783325,0.10004714131355286,0.45986348390579224,T,-0.08306080847978592,0.044808320701122284,0.032985251396894455,0.5163726806640625,0.2785644829273224,0.20506280660629272,0.44993939995765686,0.2427925318479538,0.3072681128978729,True,True,True
test,WfNiQBXmPw8$_$5,0,-0.824573814868927,-0.824573814868927,T,3.8711864948272705,0.003165457397699356,-0.11530844122171402,0.9703047275543213,0.0007934152381494641,0.02890181727707386,T,-0.3543107807636261,0.03398091346025467,0.02322651445865631,0.8609844446182251,0.0825745090842247,0.056441035121679306,0.4397839605808258,0.26315319538116455,0.2970629334449768,True,True,True
test,WgI8IbJtXHw$_$0,2,1.8460965156555176,1.8460965156555176,T,6.519587516784668,0.0350324884057045,0.3491746187210083,0.9443484544754028,0.0050743818283081055,0.050577204674482346,T,0.7049453258514404,-0.01685609109699726,0.014430336654186249,0.9575046300888062,0.0228950884193182,0.019600264728069305,0.3758867383003235,0.3338640332221985,0.29024919867515564,True,True,True
test,X2Hs89fZ2-c$_$4,2,0.5587037801742554,0.5587037801742554,T,0.5012677907943726,0.23477673530578613,0.04101983830332756,0.6450788378715515,0.3021329343318939,0.05278820917010307,T,0.11958901584148407,0.04452557861804962,0.0093269357457757,0.6895062327384949,0.25671809911727905,0.05377567932009697,0.4460338056087494,0.2561139166355133,0.2978523075580597,True,True,True
test,X6N7UEFJLNY$_$0,1,0.0,0.4304225742816925,T,1.3235061168670654,-0.3253471255302429,-0.30174335837364197,0.6785134673118591,0.16679364442825317,0.1546928435564041,V,0.004846075549721718,0.04479058459401131,0.07984225451946259,0.03742752596735954,0.3459295630455017,0.6166428923606873,0.49589237570762634,0.2474222183227539,0.25668543577194214,True,True,True
test,X6N7UEFJLNY$_$2,1,0.0,0.20734867453575134,T,3.1260457038879395,-0.208583801984787,-0.3046823740005493,0.8589661717414856,0.057314079254865646,0.08371977508068085,V,-0.05858296900987625,0.02608804777264595,0.08672943711280823,0.3417900502681732,0.15220524370670319,0.5060046911239624,0.5023514628410339,0.2566811144351959,0.24096742272377014,True,True,True
test,X6N7UEFJLNY$_$4,2,1.0088980197906494,1.0088980197906494,T,3.890404462814331,0.3606383204460144,0.5138436555862427,0.8164737224578857,0.07568665593862534,0.10783964395523071,T,0.20863573253154755,0.04236266762018204,0.08392363786697388,0.6229382157325745,0.12648515403270721,0.2505766451358795,0.4479687213897705,0.29063013195991516,0.26140111684799194,True,True,True
test,XDVit9ASVUg$_$2,1,0.0,0.06151339411735535,T,2.3700356483459473,-0.026678290218114853,-0.24371777474880219,0.8975940346717834,0.010103761218488216,0.09230224788188934,T,0.011340556666254997,-0.008198522962629795,0.002373221330344677,0.5175428986549377,0.3741515874862671,0.108305424451828,0.47658026218414307,0.27783098816871643,0.24558880925178528,True,True,True
test,XKyumlBmix8$_$0,1,0.0,0.024577386677265167,T,1.7240071296691895,-0.02730918861925602,-0.07281477749347687,0.9451113939285278,0.014971066266298294,0.039917513728141785,V,0.002678832970559597,0.016635248437523842,-0.026113519445061684,0.05896928533911705,0.3661925494670868,0.5748382210731506,0.44821110367774963,0.27423495054244995,0.2775539755821228,True,True,True
test,XKyumlBmix8$_$2,0,-0.5200107097625732,-0.5200107097625732,T,2.252457618713379,-0.02596142888069153,0.0,0.9886054992675781,0.011394492350518703,0.0,T,-0.20881550014019012,0.018718531355261803,0.0,0.9177330732345581,0.08226695656776428,0.0,0.5973613262176514,0.40263861417770386,0.0,True,True,False
test,XVWiAArXYpE$_$3,2,0.33504292368888855,0.33504292368888855,T,1.7121596336364746,0.11199065297842026,0.03353206440806389,0.9216643571853638,0.06028514727950096,0.018050482496619225,T,0.07520706206560135,0.02446005865931511,-0.002510407008230686,0.7360430955886841,0.2393878549337387,0.02456907369196415,0.41211891174316406,0.2832491099834442,0.3046320080757141,True,True,True
test,XVWiAArXYpE$_$4,0,-1.1593685150146484,-1.1593685150146484,T,6.392068386077881,0.0434589758515358,0.1622036099433899,0.9688282608985901,0.006586957722902298,0.024584755301475525,T,-0.4954717755317688,0.06774739176034927,0.0051050144247710705,0.8718118667602539,0.1192055344581604,0.008982574567198753,0.4220105707645416,0.2602110505104065,0.3177783787250519,True,True,True
test,XVWiAArXYpE$_$9,1,0.0,0.03586333245038986,T,2.2365612983703613,-0.15775847434997559,-0.029577400535345078,0.9227129220962524,0.06508463621139526,0.012202414683997631,T,-0.03979411721229553,0.037180203944444656,-0.00042315752943977714,0.5141526460647583,0.4803800880908966,0.005467330105602741,0.46091070771217346,0.25151219964027405,0.2875771224498749,True,True,True
test,X_TusmBIlC0$_$5,1,0.0,0.07113240659236908,T,1.9214179515838623,-0.15576019883155823,-0.2922264039516449,0.8109286427497864,0.06573811918497086,0.12333326786756516,T,-0.05832430720329285,0.03388255834579468,0.03316491097211838,0.46521079540252686,0.2702566385269165,0.26453250646591187,0.47705337405204773,0.26887205243110657,0.2540745735168457,True,True,True
test,Xa086gxLJ3Y$_$12,2,0.531133770942688,0.531133770942688,V,-0.16235363483428955,0.30652356147766113,0.32240211963653564,0.2051786631345749,0.38737720251083374,0.40744414925575256,T,0.10480515658855438,0.05016617849469185,0.008966569788753986,0.6392979025840759,0.3060072064399719,0.05469491705298424,0.4793553054332733,0.2510247826576233,0.2696199417114258,True,True,True
test,XrNaL-MTjXg$_$3,1,0.0,-0.0306113101541996,T,0.7545522451400757,-0.018093086779117584,-0.08162780106067657,0.8832681179046631,0.02117951028048992,0.09555234760046005,T,-0.11203416436910629,0.0154666006565094,0.07137135416269302,0.5633477568626404,0.07777158915996552,0.3588806390762329,0.4965440630912781,0.2847272753715515,0.2187286615371704,True,True,True
test,Xy57UpKRNEo$_$7,1,0.0,-0.09980820119380951,T,1.339486002922058,0.06856444478034973,-0.11563337594270706,0.8791102170944214,0.0449991300702095,0.0758906677365303,T,-0.0696815475821495,-0.013065366074442863,0.034473150968551636,0.5944506525993347,0.11146014928817749,0.2940891683101654,0.46476852893829346,0.28105440735816956,0.2541770339012146,True,True,True
test,Y8dI1GTWCk4$_$6,2,1.0130598545074463,1.0130598545074463,T,3.2778611183166504,0.39741599559783936,0.0,0.8918676972389221,0.1081322506070137,0.0,T,0.2918813228607178,0.04460572823882103,0.0,0.8674370050430298,0.13256298005580902,0.0,0.6240736246109009,0.3759264051914215,0.0,True,True,False
test,YLK58srjhNI$_$3,2,1.1122573614120483,1.1122573614120483,T,3.5849266052246094,-0.07030706107616425,0.2703779935836792,0.9132148027420044,0.017909836024045944,0.06887537986040115,T,0.39457258582115173,-0.022325050085783005,0.0020556007511913776,0.9418057799339294,0.05328768864274025,0.004906516056507826,0.39379096031188965,0.3268502354621887,0.27935877442359924,True,True,True
test,YQZPnHZRp1w$_$1,2,0.1730346530675888,0.1730346530675888,T,2.646022319793701,0.31004685163497925,-0.15008102357387543,0.8518655300140381,0.09981708228588104,0.048317376524209976,T,0.08359652757644653,-0.008334397338330746,-0.032511912286281586,0.671766459941864,0.06697370111942291,0.2612598240375519,0.41979265213012695,0.26190635561943054,0.3183009922504425,True,True,True
test,YUNxD04EvfE$_$1,1,0.0,-0.21485155820846558,T,1.468769907951355,-0.03586921468377113,0.07565119117498398,0.9294304251670837,0.02269786410033703,0.047871705144643784,V,-0.03474019467830658,-0.009112109430134296,-0.04287978634238243,0.40054604411125183,0.10506041347980499,0.49439355731010437,0.4436183273792267,0.27153095602989197,0.28485074639320374,True,True,True
test,Z4iYSMMMycQ$_$4,2,0.5046595931053162,0.5046595931053162,T,0.9997956156730652,0.28080713748931885,0.21853795647621155,0.6669124960899353,0.1873120665550232,0.14577548205852509,T,0.127137690782547,0.030375797301530838,-0.0026714575942605734,0.7936931848526001,0.18962955474853516,0.016677333042025566,0.44977155327796936,0.26034027338027954,0.2898881733417511,True,True,True
test,ZKErPftd--w$_$6,2,1.7469327449798584,1.7469327449798584,T,5.1985578536987305,0.1296817809343338,0.6402565240859985,0.8709996342658997,0.02172771655023098,0.1072726771235466,T,0.5525591373443604,0.0296197310090065,0.0687812864780426,0.8488370180130005,0.045501600950956345,0.10566127300262451,0.4376246929168701,0.3447408378124237,0.2176344394683838,True,True,True
test,ZKZ8UjaQQT4$_$7,2,0.363139271736145,0.363139271736145,T,0.27028822898864746,0.2557942867279053,0.18768690526485443,0.37867721915245056,0.3583710193634033,0.26295173168182373,T,0.0641477033495903,0.034847576171159744,0.007655489724129438,0.6014743447303772,0.3267447352409363,0.07178091257810593,0.4583621621131897,0.26120179891586304,0.2804359793663025,True,True,True
test,ZS1Nb0OWYNE$_$11,2,2.1587910652160645,2.1587910652160645,T,8.142287254333496,0.17197833955287933,0.7957237958908081,0.8937757611274719,0.018877996131777763,0.08734629303216934,T,0.8368139266967773,-0.008317293599247932,0.06331998854875565,0.9211435317993164,0.00915546528995037,0.06970103830099106,0.41718074679374695,0.36093005537986755,0.2218892127275467,True,True,True
test,ZS1Nb0OWYNE$_$15,2,1.751403570175171,1.751403570175171,T,7.4984893798828125,0.29695260524749756,0.8411283493041992,0.8682253956794739,0.03438316285610199,0.09739147871732712,T,0.5893487930297852,-0.0011035383213311434,0.06497281789779663,0.8991855382919312,0.0016836985014379025,0.09913080185651779,0.4479074478149414,0.35432198643684387,0.19777056574821472,True,True,True
test,ZS1Nb0OWYNE$_$5,1,0.0,0.47392264008522034,T,2.2354774475097656,-0.2261277139186859,-0.6447584629058838,0.7196444869041443,0.07279499620199203,0.20756052434444427,V,0.0009838922414928675,0.0674719363451004,0.07586044073104858,0.006817611400038004,0.4675282835960388,0.525654137134552,0.548123836517334,0.290118008852005,0.16175812482833862,True,True,True
test,ZS1Nb0OWYNE$_$9,2,1.174244999885559,1.174244999885559,T,4.934723854064941,-0.01815849542617798,0.611957311630249,0.8867684006690979,0.003263076301664114,0.10996855050325394,T,0.37715163826942444,-0.026976045221090317,0.048302315175533295,0.8336132168769836,0.05962479114532471,0.10676196217536926,0.4238567352294922,0.35474056005477905,0.22140268981456757,True,True,True
test,ZcFzcd4ZoMg$_$4,1,0.0,0.21429432928562164,T,1.5292210578918457,-0.32105639576911926,-0.14863723516464233,0.7650256752967834,0.16061535477638245,0.0743589699268341,A,-0.0167433749884367,0.05413438752293587,0.019170202314853668,0.18593840301036835,0.6011728048324585,0.21288879215717316,0.47748494148254395,0.23748216032981873,0.28503289818763733,True,True,True
test,ZeH7gZw94k0$_$1,2,1.4038443565368652,1.4038443565368652,T,5.265359401702881,0.6914189457893372,0.564883291721344,0.8073647022247314,0.10601882636547089,0.08661646395921707,T,0.4077356457710266,0.027846913784742355,0.05686531215906143,0.8279772996902466,0.056547943502664566,0.11547479033470154,0.4706200659275055,0.2493116855621338,0.28006821870803833,True,True,True
test,ZtocGyL3Tfc$_$13,2,0.12597140669822693,0.12597140669822693,T,0.34068965911865234,0.048457395285367966,0.3349694311618805,0.47049015760421753,0.06691934168338776,0.4625905454158783,V,0.004167661070823669,-0.0035128826275467873,0.026368312537670135,0.1224023848772049,0.10317182540893555,0.7744258046150208,0.45118653774261475,0.3011572062969208,0.2476562261581421,True,True,True
test,ZtocGyL3Tfc$_$10,2,0.5906949043273926,0.5906949043273926,T,1.75235915184021,0.08083856105804443,0.4041333496570587,0.7832363843917847,0.03613169118762016,0.18063189089298248,T,0.1572372019290924,-0.010142880491912365,0.037417277693748474,0.7677696943283081,0.04952642321586609,0.1827039122581482,0.4462020695209503,0.31138646602630615,0.24241144955158234,True,True,True
test,ZtocGyL3Tfc$_$9,2,0.633659839630127,0.633659839630127,T,3.1804885864257812,0.15898993611335754,0.33990320563316345,0.8644084334373474,0.04321104660630226,0.09238052368164062,T,0.17378786206245422,0.008712665177881718,0.016955304890871048,0.8713099956512451,0.04368218034505844,0.08500781655311584,0.4327211081981659,0.2958041727542877,0.271474689245224,True,True,True
test,ZznoGQVwTtw$_$4,2,0.9101620316505432,0.9101620316505432,T,4.02764368057251,0.13137009739875793,0.0,0.9684131741523743,0.031586840748786926,0.0,T,0.3112894296646118,-0.01303536631166935,0.0,0.9598076939582825,0.04019232094287872,0.0,0.562558114528656,0.437441885471344,0.0,True,True,False
test,_1nvuNk7EFY$_$10,0,-0.8379536867141724,-0.8379536867141724,T,4.703388214111328,0.04458208382129669,0.011967052705585957,0.9881197810173035,0.009366107173264027,0.002514119725674391,T,-0.37357577681541443,0.049035895615816116,0.02260570414364338,0.8390861749649048,0.11013921350240707,0.050774529576301575,0.4436022639274597,0.2376168668270111,0.31878089904785156,True,True,True
test,_OmWVs0-6UM$_$0,1,0.0,0.053750716149806976,T,2.62587571144104,-0.0922015905380249,-0.31456220149993896,0.8658713698387146,0.030403083190321922,0.10372555255889893,T,-0.03474586829543114,0.019968625158071518,0.017703980207443237,0.47979289293289185,0.2757393717765808,0.24446773529052734,0.4836532771587372,0.27481234073638916,0.24153441190719604,True,True,True
test,_on_E-ZWy0I$_$21,2,1.312455177307129,1.312455177307129,T,5.112371444702148,0.12990126013755798,0.16904029250144958,0.9447561502456665,0.024005496874451637,0.031238313764333725,T,0.37931540608406067,0.04705813527107239,0.027750715613365173,0.8352678418159485,0.10362391918897629,0.06110819801688194,0.38743168115615845,0.30484819412231445,0.3077201247215271,True,True,True
test,_on_E-ZWy0I$_$3,0,-0.6309501528739929,-0.6309501528739929,T,4.4923529624938965,-0.014576032757759094,0.06401485204696655,0.9828064441680908,0.0031888452358543873,0.014004734344780445,T,-0.2818760871887207,0.04005126282572746,0.013330050744116306,0.840775191783905,0.11946422606706619,0.03976064920425415,0.4209041893482208,0.2734711468219757,0.30562466382980347,True,True,True
test,_on_E-ZWy0I$_$12,1,0.0,0.259177565574646,T,1.1822904348373413,-0.17727257311344147,0.05204936861991882,0.8375461101531982,0.12558162212371826,0.03687228262424469,A,0.01101502776145935,0.03431033343076706,0.026290971785783768,0.15380607545375824,0.4790852963924408,0.3671085834503174,0.4434361159801483,0.25669291615486145,0.29987096786499023,True,True,True
test,_q7DM8WkzAQ$_$3,2,0.8784143328666687,0.8784143328666687,T,4.476719856262207,0.21738724410533905,-0.19021177291870117,0.9165495038032532,0.04450717568397522,0.03894335776567459,T,0.3114922344684601,0.005875900387763977,-0.030728859826922417,0.8948432207107544,0.016880067065358162,0.08827671408653259,0.385672003030777,0.28533896803855896,0.32898905873298645,True,True,True
test,a4PHWxILDp0$_$15,1,0.0,-0.06953410804271698,T,2.2598533630371094,0.0548037551343441,0.0,0.976323127746582,0.023676835000514984,0.0,T,-0.03362852334976196,-0.004545749165117741,0.0,0.8809211254119873,0.1190788745880127,0.0,0.6687481999397278,0.33125177025794983,0.0,True,True,False
test,ahG9c_uaf8s$_$1,2,0.7918914556503296,0.7918914556503296,T,1.9143595695495605,0.3636561632156372,0.41986793279647827,0.709578275680542,0.13479313254356384,0.15562863647937775,T,0.17403185367584229,0.02821929194033146,0.05312110111117363,0.6814830303192139,0.11050257831811905,0.2080143839120865,0.4717763662338257,0.2712588310241699,0.256964772939682,True,True,True
test,ahG9c_uaf8s$_$3,2,0.7396386861801147,0.7396386861801147,T,3.748075008392334,0.24127991497516632,0.2613702416419983,0.8817495107650757,0.05676205828785896,0.06148838624358177,T,0.18033066391944885,0.030583180487155914,0.025826260447502136,0.7617242336273193,0.12918461859226227,0.10909119993448257,0.4200119078159332,0.2916126549243927,0.2883754372596741,True,True,True
test,b92iw0OAnI4$_$7,2,0.6569974422454834,0.6569974422454834,T,3.4346776008605957,0.08010196685791016,-0.014531432650983334,0.9731864333152771,0.022696206346154213,0.004117357078939676,T,0.23030903935432434,0.015502884984016418,-0.03819941356778145,0.810914933681488,0.054585445672273636,0.13449960947036743,0.39473778009414673,0.29080718755722046,0.3144550025463104,True,True,True
test,bNQOeiAotbk$_$8,2,0.23465630412101746,0.23465630412101746,T,-0.31884706020355225,-0.10939246416091919,0.20356661081314087,0.5046596527099609,0.1731424480676651,0.32219791412353516,T,0.05479782074689865,-0.006739830132573843,0.015328800305724144,0.712896466255188,0.087682344019413,0.1994212120771408,0.4473353624343872,0.29715755581855774,0.25550705194473267,True,True,True
test,bdFCD-3BCRg$_$2,2,1.1399922370910645,1.1399922370910645,T,6.201607704162598,0.37193354964256287,0.04881095886230469,0.9364660382270813,0.05616335943341255,0.007370637729763985,T,0.4204118847846985,0.019290484488010406,-0.054637786000967026,0.8504506349563599,0.039022695273160934,0.11052670329809189,0.38568517565727234,0.2763315439224243,0.3379833400249481,True,True,True
test,bdFCD-3BCRg$_$11,2,0.799524188041687,0.799524188041687,T,3.8453691005706787,0.19503575563430786,-0.03848559409379959,0.9427488446235657,0.04781588539481163,0.009435310028493404,T,0.25837820768356323,0.020067745819687843,-0.020336873829364777,0.8647692799568176,0.06716499477624893,0.06806574016809464,0.3956662714481354,0.28519779443740845,0.3191359043121338,True,True,True
test,bdFCD-3BCRg$_$12,2,0.7024293541908264,0.7024293541908264,T,4.097292900085449,0.3529605269432068,-0.0128653384745121,0.9180335402488708,0.07908382266759872,0.0028825891204178333,T,0.20193292200565338,0.03492538630962372,-0.013281959109008312,0.8072786927223206,0.13962319493293762,0.05309804156422615,0.403863787651062,0.26635512709617615,0.32978105545043945,True,True,True
test,c5VEvmutmVg$_$13,2,0.4209253191947937,0.4209253191947937,T,-0.35582399368286133,0.030592825263738632,0.26637983322143555,0.545076310634613,0.04686425253748894,0.4080594480037689,T,0.06130508333444595,0.0192822627723217,0.04566075652837753,0.48559215664863586,0.15273310244083405,0.36167481541633606,0.45292603969573975,0.29062607884407043,0.25644782185554504,True,True,True
test,c5VEvmutmVg$_$19,1,0.0,0.27673059701919556,T,1.8666560649871826,-0.0963054895401001,-0.08357948809862137,0.9121029376983643,0.04705768823623657,0.04083939269185066,T,0.03993040323257446,0.02326345443725586,0.014320552349090576,0.5151352286338806,0.3001177906990051,0.18474696576595306,0.4667312204837799,0.2616373300552368,0.2716314196586609,True,True,True
test,c5VEvmutmVg$_$0,2,1.3279788494110107,1.3279788494110107,T,4.71312141418457,0.12739549577236176,0.30202946066856384,0.9164956212043762,0.02477284148335457,0.05873149633407593,T,0.4017111659049988,0.016489392146468163,0.04234105721116066,0.8722581267356873,0.035804349929094315,0.09193752706050873,0.400846928358078,0.31152549386024475,0.28762757778167725,True,True,True
test,c5zxqITn3ZM$_$5,0,-0.2149561643600464,-0.2149561643600464,T,3.215341567993164,-0.016668155789375305,0.033106520771980286,0.9847556352615356,0.00510491942986846,0.010139461606740952,T,-0.21549764275550842,0.03223273158073425,0.09649775922298431,0.6260314583778381,0.09363769739866257,0.2803308069705963,0.49250465631484985,0.2659470736980438,0.24154825508594513,True,True,True
test,c5zxqITn3ZM$_$6,2,0.9194121360778809,0.9194121360778809,T,3.9317996501922607,0.25803640484809875,-0.09255991876125336,0.9181308150291443,0.060255151242017746,0.02161405049264431,T,0.29665282368659973,0.005818116012960672,-0.000817366992123425,0.9781215190887451,0.019183449447155,0.00269501656293869,0.3961144983768463,0.27947404980659485,0.32441142201423645,True,True,True
test,c9hE1ghElrM$_$2,1,0.0,0.019696397706866264,T,3.883279800415039,-0.16280166804790497,-0.16690799593925476,0.9217397570610046,0.03864279016852379,0.039617475122213364,T,-0.04482444003224373,0.03982431814074516,-0.003426407231017947,0.5089339017868042,0.45216283202171326,0.038903214037418365,0.49516093730926514,0.24954526126384735,0.2552938163280487,True,True,True
test,c9hE1ghElrM$_$4,1,0.0,-0.06876309961080551,T,2.7715563774108887,-0.020822446793317795,0.07223304361104965,0.9675155282020569,0.007268854416906834,0.025215648114681244,T,-0.07233590632677078,0.03309216722846031,0.0013266042806208134,0.6775900721549988,0.3099833130836487,0.012426662258803844,0.4687498211860657,0.26554369926452637,0.26570647954940796,True,True,True
test,cW-aX4dPVfk$_$4,2,0.774125337600708,0.774125337600708,T,3.5456900596618652,0.07842842489480972,0.04034523293375969,0.9675877094268799,0.021402429789304733,0.01100985985249281,T,0.25969603657722473,-0.0015394961228594184,-0.009139260277152061,0.9605038166046143,0.0056939334608614445,0.03380218893289566,0.3889917731285095,0.30159372091293335,0.30941450595855713,True,True,True
test,cW-aX4dPVfk$_$11,2,1.161620020866394,1.161620020866394,T,4.875609397888184,0.158652201294899,0.15750516951084137,0.9391040802001953,0.030558422207832336,0.030337490141391754,T,0.38319826126098633,0.025588233023881912,-0.015268716029822826,0.903651773929596,0.06034174934029579,0.03600643202662468,0.3861196041107178,0.3007963299751282,0.3130840063095093,True,True,True
test,cW-aX4dPVfk$_$32,2,1.2398788928985596,1.2398788928985596,T,3.044762134552002,0.10173557698726654,0.040040574967861176,0.9555078148841858,0.031926676630973816,0.01256554014980793,T,0.41605645418167114,0.0267878919839859,-0.01826038956642151,0.9023036360740662,0.05809503048658371,0.039601393043994904,0.39873960614204407,0.293395072221756,0.30786535143852234,True,True,True
test,cW-aX4dPVfk$_$30,2,1.7044275999069214,1.7044275999069214,T,5.982077121734619,0.34217727184295654,0.0,0.9458944201469421,0.054105550050735474,0.0,T,0.6229350566864014,0.006848541088402271,0.0,0.9891256093978882,0.010874436236917973,0.0,0.5668224692344666,0.43317750096321106,0.0,True,True,False
test,cml9rShionM$_$3,2,1.3835142850875854,1.3835142850875854,T,5.709312438964844,0.16851046681404114,0.01743822544813156,0.9684579372406006,0.028584053739905357,0.0029580071568489075,T,0.5285784602165222,0.020854946225881577,-0.06562738120555878,0.8593922257423401,0.03390713036060333,0.10670063644647598,0.37026840448379517,0.2998013198375702,0.3299303352832794,True,True,True
test,d-Uw_uZyUys$_$1,1,0.0,-0.07440236210823059,T,2.7024919986724854,-0.17003467679023743,-0.15348565578460693,0.8930869102478027,0.05619100481271744,0.05072208493947983,T,-0.06530109792947769,0.012469305656850338,0.013033834286034107,0.7191414833068848,0.13732074201107025,0.1435377299785614,0.47724488377571106,0.2537848651409149,0.268970251083374,True,True,True
test,d-Uw_uZyUys$_$6,0,-0.898474931716919,-0.898474931716919,T,4.734591484069824,-0.00462022889405489,-0.00016879849135875702,0.9989895820617676,0.000974859285634011,3.561615085345693e-05,T,-0.3532443642616272,0.008030015043914318,0.0212611872702837,0.9234287738800049,0.020991550758481026,0.05557963252067566,0.4116877019405365,0.28386756777763367,0.3044447600841522,True,True,True
test,dHk--ExZbHs$_$7,2,0.664005696773529,0.664005696773529,T,2.940852165222168,0.2600703537464142,-0.07819518446922302,0.8968425393104553,0.0793110802769661,0.02384641021490097,T,0.1972758173942566,0.00870557501912117,0.004086201544851065,0.9391064047813416,0.04144178330898285,0.019451841711997986,0.4106824994087219,0.2681349217891693,0.321182519197464,True,True,True
test,dR68gbeOWOc$_$1,2,0.5257235169410706,0.5257235169410706,T,2.0328221321105957,0.34530869126319885,0.19982588291168213,0.7885400652885437,0.13394665718078613,0.07751328498125076,T,0.1433781534433365,0.05518355965614319,-0.036484986543655396,0.6099985837936401,0.23477700352668762,0.15522441267967224,0.4468080997467041,0.2626999020576477,0.29049187898635864,True,True,True
test,dTcz1am1eUw$_$2,2,1.539309024810791,1.539309024810791,T,6.440103530883789,0.2549968361854553,0.2522624135017395,0.9269853234291077,0.03670411929488182,0.036310527473688126,T,0.5224525332450867,-0.014168407768011093,0.04365653544664383,0.9003495573997498,0.024416608735919,0.07523389905691147,0.385617733001709,0.3082703649997711,0.3061118721961975,True,True,True
test,ddWHTdJz2O8$_$1,2,0.9546939134597778,0.9546939134597778,T,2.8166258335113525,0.36093711853027344,0.8607006072998047,0.6974844336509705,0.08937929570674896,0.21313633024692535,T,0.18764886260032654,0.040507227182388306,0.08652976155281067,0.5963053703308105,0.12872274219989777,0.2749718725681305,0.5456382632255554,0.3402056097984314,0.11415617913007736,True,True,True
test,dlE05KC95uk$_$11,2,0.43515098094940186,0.43515098094940186,T,0.3231334686279297,0.19023463129997253,0.038810063153505325,0.5851978063583374,0.34451672434806824,0.07028539478778839,T,0.10290729999542236,0.02404775097966194,0.004133505746722221,0.7850212454795837,0.18344661593437195,0.0315321646630764,0.4414308965206146,0.26400336623191833,0.29456573724746704,True,True,True
test,eE8Qr9fOvVA$_$2,1,0.0,-0.3073553442955017,T,3.015388250350952,0.03695501387119293,-0.13630250096321106,0.9456642270088196,0.011589563451707363,0.042746201157569885,T,-0.10298541188240051,0.033244289457798004,-0.0480634830892086,0.5588129162788391,0.18038806319236755,0.26079902052879333,0.508606493473053,0.19008523225784302,0.301308274269104,True,True,True
test,eFV7iFPYZB4$_$12,2,1.498847246170044,1.498847246170044,T,6.21738862991333,0.2553912103176117,0.0,0.9605438113212585,0.039456188678741455,0.0,T,0.4935786724090576,0.040223170071840286,0.0,0.9246477484703064,0.0753522515296936,0.0,0.5697281956672668,0.43027180433273315,0.0,True,True,False
test,eFV7iFPYZB4$_$14,2,0.524027943611145,0.524027943611145,T,3.769765853881836,0.4166916608810425,0.3797106146812439,0.8255862593650818,0.09125630557537079,0.08315738290548325,T,0.15733522176742554,0.0022406133357435465,0.0019178593065589666,0.9742499589920044,0.01387430913746357,0.011875754222273827,0.43427351117134094,0.2695530951023102,0.2961733639240265,True,True,True
test,eJfT7-dDqzA$_$3,0,-0.240177720785141,-0.240177720785141,T,1.0843099355697632,0.039323341101408005,-0.03637881577014923,0.9347401857376099,0.03389907628297806,0.03136071935296059,T,-0.15087997913360596,0.04042977839708328,0.015227164141833782,0.7305230498313904,0.19575084745883942,0.0737261101603508,0.45330485701560974,0.25127920508384705,0.2954159677028656,True,True,True
test,eJfT7-dDqzA$_$2,2,0.39670175313949585,0.39670175313949585,A,0.5910979509353638,0.5988303422927856,0.5027828216552734,0.34920191764831543,0.3537699580192566,0.297028124332428,V,0.0345306321978569,0.029670238494873047,0.05381987616419792,0.29258105158805847,0.251398503780365,0.4560204744338989,0.5236252546310425,0.2290632426738739,0.24731150269508362,True,True,True
test,eJfT7-dDqzA$_$7,2,0.779063880443573,0.779063880443573,T,4.161404132843018,0.6389448642730713,0.2400209903717041,0.8256148099899292,0.12676547467708588,0.047619715332984924,T,0.2101624310016632,0.03189830482006073,0.00872096698731184,0.8380293250083923,0.12719549238681793,0.034775130450725555,0.4477958083152771,0.22845458984375,0.3237496018409729,True,True,True
test,eKQKEi2-0Ws$_$0,2,0.8329212665557861,0.8329212665557861,T,3.5396242141723633,0.30647924542427063,0.018168728798627853,0.9159873127937317,0.07931099086999893,0.004701721016317606,T,0.2587341070175171,0.0419849157333374,-0.030587466433644295,0.7809509038925171,0.12672530114650726,0.09232378005981445,0.40996628999710083,0.26881569623947144,0.32121798396110535,True,True,True
test,eQc5uI7FKCU$_$5,1,0.0,0.03537167236208916,T,2.318002700805664,-0.055195651948451996,0.11393663287162781,0.9319971799850464,0.022192463278770447,0.04581039398908615,T,-0.017323583364486694,0.013103793375194073,0.001018810085952282,0.5508961081504822,0.41670531034469604,0.032398521900177,0.4589881896972656,0.2609677016735077,0.2800441086292267,True,True,True
test,ey1lr8wFFDc$_$0,2,0.6420749425888062,0.6420749425888062,T,2.080960512161255,0.1563544124364853,0.36926645040512085,0.7983485460281372,0.0599844716489315,0.1416669487953186,T,0.1461399644613266,0.01301804929971695,0.04323563724756241,0.7220580577850342,0.06432044506072998,0.21362151205539703,0.44061732292175293,0.2948712408542633,0.26451146602630615,True,True,True
test,f-VdKweez2U$_$4,2,1.1094735860824585,1.1094735860824585,T,5.20773458480835,0.361876904964447,0.31684768199920654,0.8846972584724426,0.06147615611553192,0.053826529532670975,T,0.3363480865955353,0.022809959948062897,0.014069708064198494,0.9011872410774231,0.06111539155244827,0.03769737854599953,0.4189412295818329,0.29074013233184814,0.2903185784816742,True,True,True
test,f8Puta8k8fU$_$1,0,-0.21633422374725342,-0.21633422374725342,T,0.434420108795166,0.03578390181064606,0.02435290813446045,0.8784026503562927,0.0723554790019989,0.04924187436699867,T,-0.1767757385969162,0.05596098303794861,0.03358587250113487,0.6637654900550842,0.21012482047080994,0.1261097490787506,0.5093230605125427,0.23619119822978973,0.25448572635650635,True,True,True
test,fT6SrlsWV7M$_$12,2,0.6467708945274353,0.6467708945274353,T,3.134347438812256,0.12307850271463394,-0.13082566857337952,0.9250633120536804,0.03632507473230362,0.038611553609371185,T,0.20856650173664093,0.014109047129750252,-0.018640827387571335,0.8642865419387817,0.05846701189875603,0.07724642753601074,0.3943203091621399,0.2885051667690277,0.3171745538711548,True,True,True
test,fWAKek8jA5M$_$0,0,-1.6692256927490234,-1.6692256927490234,T,6.514948844909668,0.04914829507470131,0.21406318247318268,0.9611677527427673,0.007250978611409664,0.03158131241798401,T,-0.6413663029670715,0.04610662907361984,-0.04734847694635391,0.8728192448616028,0.0627453476190567,0.06443534791469574,0.4299331605434418,0.25458624958992004,0.3154805898666382,True,True,True
test,fWAKek8jA5M$_$3,2,0.30503132939338684,0.30503132939338684,T,-1.061596393585205,0.42314696311950684,0.3356102705001831,0.5831813812255859,0.23245316743850708,0.1843654215335846,V,0.027172081172466278,0.011932309716939926,0.04793320596218109,0.31218788027763367,0.13709375262260437,0.5507184267044067,0.5054828524589539,0.2334926426410675,0.261024534702301,True,True,True
test,fWAKek8jA5M$_$4,1,0.0,-0.04400003328919411,T,1.4420877695083618,0.006189502775669098,-0.031668052077293396,0.9744196534156799,0.0041822511702775955,0.02139812335371971,T,-0.1259351521730423,0.051168590784072876,0.04510674253106117,0.5667381286621094,0.23027081787586212,0.2029910683631897,0.5029352307319641,0.2360450178384781,0.2610197961330414,True,True,True
test,frCWtiam4tE$_$0,1,0.0,0.14655248820781708,T,1.3781923055648804,-0.07889867573976517,-0.2567913830280304,0.804134726524353,0.04603505879640579,0.14983023703098297,V,-0.0023735016584396362,0.013734285719692707,0.022536877542734146,0.06141861155629158,0.3553992807865143,0.583182156085968,0.4672023057937622,0.27905452251434326,0.25374317169189453,True,True,True
test,fsBzpr4k3rY$_$0,2,0.6252915859222412,0.6252915859222412,T,1.717644453048706,0.4869603216648102,0.16358104348182678,0.7252996563911438,0.20562587678432465,0.06907440721988678,T,0.14829477667808533,0.02349742501974106,0.024745730683207512,0.7545350790023804,0.11955668777227402,0.12590816617012024,0.45688021183013916,0.23549652099609375,0.3076232969760895,True,True,True
test,fz-MzQcOBwQ$_$1,2,0.9016596078872681,0.9016596078872681,T,4.559690475463867,0.05267227068543434,0.315360426902771,0.9253138303756714,0.010688966140151024,0.06399718672037125,T,0.2981356084346771,-0.002478331094607711,-0.0005216951249167323,0.9900376200675964,0.00822994951158762,0.0017324257642030716,0.40350276231765747,0.31969255208969116,0.276804655790329,True,True,True
test,gE7kUqMqQ9g$_$2,0,-0.689635157585144,-0.689635157585144,T,4.16517448425293,-0.11155763268470764,0.035062164068222046,0.9659956693649292,0.025872670114040375,0.00813168752938509,T,-0.24656948447227478,0.01859479397535324,-0.021078437566757202,0.8614000082015991,0.06496162712574005,0.07363833487033844,0.41464757919311523,0.2805134057998657,0.30483901500701904,True,True,True
test,gJjkCPO7iXg$_$1,2,1.2133142948150635,1.2133142948150635,T,4.600454807281494,0.23766039311885834,0.09783560037612915,0.9320301413536072,0.04814885929226875,0.01982102356851101,T,0.4134150445461273,-0.0010915766470134258,0.0016280385898426175,0.9934645891189575,0.0026231331285089254,0.003912287764251232,0.3962995707988739,0.28841841220855713,0.3152819871902466,True,True,True
test,gJjkCPO7iXg$_$0,2,0.7869089841842651,0.7869089841842651,T,2.604454517364502,0.3217225968837738,0.2135395109653473,0.8295189738273621,0.10246867686510086,0.06801234930753708,T,0.24120941758155823,0.0018794380594044924,0.010499019175767899,0.9511867165565491,0.007411387749016285,0.04140189662575722,0.4346018433570862,0.27158138155937195,0.2938167154788971,True,True,True
test,gLTxaEcx41E$_$2,2,0.20135867595672607,0.20135867595672607,T,-0.5630326271057129,0.0035122795961797237,0.3040640354156494,0.6467112898826599,0.004034279379993677,0.34925442934036255,T,0.08190063387155533,-0.024570846930146217,-0.005101237446069717,0.7340561151504517,0.22022272646427155,0.04572119191288948,0.4581601023674011,0.292569100856781,0.24927085638046265,True,True,True
test,gLTxaEcx41E$_$4,1,0.0,0.0016431601252406836,T,1.5783838033676147,-0.01199749018996954,-0.07779194414615631,0.9461750388145447,0.007191993296146393,0.04663301259279251,T,-0.06092134863138199,0.009590918198227882,0.0368860624730587,0.567246675491333,0.08930230140686035,0.34345099329948425,0.5016481876373291,0.3001731038093567,0.1981787383556366,True,True,True
test,gLTxaEcx41E$_$7,1,0.0,0.21279951930046082,T,1.2791097164154053,-0.16167330741882324,-0.6593519449234009,0.6090607643127441,0.07698234915733337,0.31395694613456726,V,-0.012587790377438068,0.01748347282409668,0.05116473138332367,0.15495337545871735,0.21521832048892975,0.6298283934593201,0.5278187990188599,0.30953818559646606,0.1626429706811905,True,True,True
test,gLTxaEcx41E$_$6,2,0.33848080039024353,0.33848080039024353,T,1.3357701301574707,0.14179374277591705,0.6674554944038391,0.6227310299873352,0.06610371172428131,0.3111652731895447,T,0.05386766418814659,0.011817727237939835,0.03263190761208534,0.5478960871696472,0.12019988149404526,0.3319040536880493,0.4920442998409271,0.32092586159706116,0.1870298683643341,True,True,True
test,gcFECfN4BCU$_$23,2,1.6633204221725464,1.6633204221725464,T,7.430286407470703,0.5001790523529053,0.40420806407928467,0.8914909362792969,0.060011833906173706,0.048497166484594345,T,0.5665214657783508,0.02565249428153038,0.017603404819965363,0.9290628433227539,0.04206862673163414,0.028868578374385834,0.4089469313621521,0.2890116274356842,0.3020414412021637,True,True,True
test,gcFECfN4BCU$_$10,2,1.1190769672393799,1.1190769672393799,T,5.289028644561768,0.44830986857414246,0.32634684443473816,0.8722465634346008,0.07393356412649155,0.05381988361477852,T,0.2920539975166321,0.06326007097959518,0.02162710204720497,0.7747999429702759,0.16782478988170624,0.05737527087330818,0.4291951060295105,0.27161186933517456,0.29919299483299255,True,True,True
test,gcFECfN4BCU$_$15,2,0.7809374332427979,0.7809374332427979,T,4.885702610015869,0.5484974384307861,0.32555538415908813,0.8482482433319092,0.09522929042577744,0.0565224289894104,T,0.18566103279590607,0.045990750193595886,0.019799690693616867,0.7383573651313782,0.18290109932422638,0.07874160259962082,0.44345352053642273,0.254236102104187,0.30231040716171265,True,True,True
test,gpn71-aKWwQ$_$2,2,0.774945080280304,0.774945080280304,T,1.7675247192382812,0.286742627620697,0.5627597570419312,0.6753940582275391,0.10956806689500809,0.21503779292106628,T,0.12653285264968872,0.026949472725391388,0.09582772850990295,0.5075321197509766,0.10809621959924698,0.38437169790267944,0.4785081148147583,0.2940370738506317,0.2274547815322876,True,True,True
test,h1ZZHUU4j0k$_$3,2,0.8686906099319458,0.8686906099319458,T,4.3455047607421875,0.031939711421728134,0.11037135124206543,0.9682894349098206,0.007116983644664288,0.02459355629980564,T,0.2814871072769165,-0.012505699880421162,0.014116352424025536,0.9135953783988953,0.040588535368442535,0.045816075056791306,0.3905080258846283,0.3154331147670746,0.2940588593482971,True,True,True
test,h1ZZHUU4j0k$_$4,0,-0.24743740260601044,-0.24743740260601044,T,1.3413197994232178,-0.05117092654109001,0.04991070181131363,0.9299213290214539,0.035476204007864,0.03460250422358513,T,-0.12539538741111755,-0.001378023298457265,0.02911439910531044,0.8043950796127319,0.008839840069413185,0.18676507472991943,0.4390169382095337,0.29399216175079346,0.26699087023735046,True,True,True
test,h1ZZHUU4j0k$_$10,2,0.323316365480423,0.323316365480423,T,2.901360034942627,0.04957261681556702,0.0744565948843956,0.9590038061141968,0.016385532915592194,0.02461058273911476,T,0.15738748013973236,-0.0303109772503376,-0.03387629985809326,0.7103132605552673,0.1367979794740677,0.15288880467414856,0.40962517261505127,0.2970498204231262,0.2933249771595001,True,True,True
test,h1ZZHUU4j0k$_$13,0,-0.25661003589630127,-0.25661003589630127,T,1.1594620943069458,-0.07618564367294312,0.021210357546806335,0.9225084185600281,0.06061595305800438,0.016875699162483215,T,-0.11103062331676483,-0.0013759274734184146,0.011668253690004349,0.8948684334754944,0.011089500039815903,0.0940420925617218,0.43800345063209534,0.28757497668266296,0.2744216024875641,True,True,True
test,iQDB_OkAQWs$_$4,0,-0.6449240446090698,-0.6449240446090698,T,3.713184356689453,0.006682971492409706,0.05852620303630829,0.9827415943145752,0.0017687336076050997,0.015489705838263035,T,-0.27417171001434326,0.011348066851496696,0.02945028617978096,0.8704690933227539,0.03602903336286545,0.09350185096263885,0.4385377764701843,0.30473870038986206,0.2567235231399536,True,True,True
test,iXiMifHNKPI$_$8,2,0.5972073078155518,0.5972073078155518,T,3.418450117111206,0.18107421696186066,0.1489473432302475,0.9119583964347839,0.04830614849925041,0.03973548859357834,T,0.14965251088142395,0.018794937059283257,0.01832353137433529,0.8012621402740479,0.10063093155622482,0.09810695052146912,0.4046052396297455,0.2921755313873291,0.3032192587852478,True,True,True
test,j1m6ctAgjsM$_$1,2,0.9271422624588013,0.9271422624588013,T,5.066038608551025,0.11155614256858826,0.8343771696090698,0.8426584005355835,0.018555665388703346,0.1387859433889389,T,0.2275446355342865,0.02053419128060341,0.056421030312776566,0.747273325920105,0.06743580102920532,0.18529082834720612,0.46943798661231995,0.3606994152069092,0.16986265778541565,True,True,True
test,j1m6ctAgjsM$_$2,2,0.6799286007881165,0.6799286007881165,T,1.7301957607269287,0.2704731822013855,0.8371917009353638,0.6096831560134888,0.0953088328242302,0.2950080335140228,T,0.13863509893417358,0.02617613784968853,0.05084436386823654,0.6428541541099548,0.12137936055660248,0.23576650023460388,0.5414174795150757,0.32738685607910156,0.13119570910930634,True,True,True
test,j1m6ctAgjsM$_$4,2,0.45818907022476196,0.45818907022476196,T,2.4251089096069336,-0.12322459369897842,0.3950957655906677,0.8239059448242188,0.041864294558763504,0.13422974944114685,T,0.13136765360832214,-0.02414579689502716,0.03172016888856888,0.7016242742538452,0.12896078824996948,0.16941490769386292,0.42869701981544495,0.3266138434410095,0.24468913674354553,True,True,True
test,j1m6ctAgjsM$_$14,2,0.5555282831192017,0.5555282831192017,T,-0.8427804708480835,0.2880414128303528,0.5381428599357605,0.504971981048584,0.1725868582725525,0.32244110107421875,V,0.05286157503724098,0.04783662408590317,0.07164701074361801,0.3067191243171692,0.27756279706954956,0.4157179892063141,0.5127215385437012,0.2770453095436096,0.21023310720920563,True,True,True
test,j1m6ctAgjsM$_$18,1,0.0,0.27183184027671814,T,1.7971413135528564,-0.2692447006702423,-0.09528453648090363,0.8313668966293335,0.12455400079488754,0.044079121202230453,V,-0.003236084710806608,0.026883963495492935,0.052219852805137634,0.039301540702581406,0.3264998495578766,0.6341986656188965,0.47326576709747314,0.24356715381145477,0.2831670641899109,True,True,True
test,j1m6ctAgjsM$_$30,2,0.347675621509552,0.347675621509552,T,0.2107921838760376,0.10765703022480011,0.20630303025245667,0.4016984701156616,0.2051578164100647,0.3931436836719513,T,0.06631698459386826,-0.009501171298325062,0.044607024639844894,0.5506903529167175,0.07889688014984131,0.37041276693344116,0.45032045245170593,0.284792423248291,0.2648872137069702,True,True,True
test,j1m6ctAgjsM$_$35,2,0.7284873723983765,0.7284873723983765,T,1.9091428518295288,0.3410544693470001,0.7136305570602417,0.6441476345062256,0.11507228761911392,0.24078001081943512,T,0.16079935431480408,0.02932213991880417,0.04266473650932312,0.6907597184181213,0.12596166133880615,0.18327860534191132,0.5092832446098328,0.3018051087856293,0.18891166150569916,True,True,True
test,j1m6ctAgjsM$_$33,2,0.43041718006134033,0.43041718006134033,T,1.0435025691986084,0.03540554270148277,0.6174532771110535,0.6151416897773743,0.020871464163064957,0.36398687958717346,T,0.09506396949291229,0.0038517876528203487,0.03056129813194275,0.7342147827148438,0.02974880486726761,0.23603640496730804,0.482768714427948,0.32234835624694824,0.19488292932510376,True,True,True
test,j1m6ctAgjsM$_$37,2,0.36449572443962097,0.36449572443962097,V,0.12391269207000732,0.006292084231972694,0.46180260181427,0.20930936932563782,0.01062838826328516,0.780062198638916,T,0.08467160165309906,-0.009752378799021244,0.032190460711717606,0.6687357425689697,0.07702422142028809,0.2542400360107422,0.47151097655296326,0.3127571642398834,0.21573184430599213,True,True,True
test,jXQmVFcOiUI$_$0,2,0.8657801151275635,0.8657801151275635,T,3.7188117504119873,-0.16672757267951965,0.026476295664906502,0.9506126642227173,0.04261935129761696,0.006767942104488611,T,0.31506475806236267,-0.01906558685004711,-0.013960061594843864,0.9051233530044556,0.054771941155195236,0.0401047021150589,0.37836217880249023,0.3118510842323303,0.30978676676750183,True,True,True
test,jj8aSNPHMw8$_$14,1,0.0,-0.11899563670158386,T,1.191027045249939,-0.001150215044617653,-0.048103030771017075,0.9602886438369751,0.000927383138332516,0.038784001022577286,T,-0.07192628085613251,0.04064783453941345,-0.023399673402309418,0.5289716720581055,0.2989387810230255,0.1720895916223526,0.4517560303211212,0.2578790783882141,0.2903648614883423,True,True,True
test,jj8aSNPHMw8$_$5,0,-0.19104431569576263,-0.19104431569576263,T,0.6498377919197083,-0.006862487178295851,0.037919044494628906,0.9355308413505554,0.009879494085907936,0.05458967760205269,T,-0.11236928403377533,0.032870564609766006,0.0007388916565105319,0.76976478099823,0.22517365217208862,0.005061639007180929,0.42758116126060486,0.27579477429389954,0.2966240644454956,True,True,True
test,jqutn5ou8_0$_$6,2,0.4496210217475891,0.4496210217475891,V,0.31525588035583496,0.36660677194595337,0.37300586700439453,0.29885801672935486,0.34753790497779846,0.35360413789749146,T,0.07548877596855164,0.02599315717816353,0.0345371812582016,0.5549865365028381,0.19109930098056793,0.2539141774177551,0.4882475733757019,0.2585180103778839,0.2532344460487366,True,True,True
test,jscKL5jS-SQ$_$17,2,0.7836228609085083,0.7836228609085083,T,3.951253890991211,0.1439746916294098,0.09714846312999725,0.9424853324890137,0.03434201702475548,0.023172644898295403,T,0.2685505151748657,-0.0052489349618554115,-0.010889610275626183,0.9433116316795349,0.018437430262565613,0.038250889629125595,0.39125561714172363,0.2957422137260437,0.31300219893455505,True,True,True
test,kaudsLIvYC8$_$0,2,1.4327683448791504,1.4327683448791504,T,5.567192554473877,0.3602871596813202,0.19380250573158264,0.9094814658164978,0.05885811895132065,0.03166044503450394,T,0.43991535902023315,0.051077112555503845,0.013872220180928707,0.8713529706001282,0.10116990655660629,0.02747710421681404,0.406949520111084,0.27771010994911194,0.3153403103351593,True,True,True
test,kg-W6-hP2Do$_$3,1,0.0,-0.061228204518556595,T,0.6518201231956482,-0.08675888180732727,0.0,0.8825326561927795,0.11746729910373688,0.0,T,-0.029071923345327377,-0.006332398392260075,0.0,0.8211405277252197,0.17885947227478027,0.0,0.6066762208938599,0.3933238089084625,0.0,True,True,False
test,kpS4BXif_Sw$_$12,0,-0.47600454092025757,-0.47600454092025757,T,0.22417700290679932,0.03359619900584221,0.19615797698497772,0.49385684728622437,0.0740116611123085,0.4321315586566925,T,-0.1320374310016632,0.023141443729400635,-0.06611628830432892,0.5966575741767883,0.10457275062799454,0.29876968264579773,0.4402807354927063,0.2721439599990845,0.28757527470588684,True,True,True
test,kpS4BXif_Sw$_$15,2,0.6536447405815125,0.6536447405815125,T,3.030879259109497,0.24790425598621368,0.04296496883034706,0.9124348759651184,0.07463065534830093,0.012934443540871143,T,0.2183922827243805,0.034489747136831284,-0.04644309729337692,0.7296155691146851,0.11522502452135086,0.1551593542098999,0.4092332124710083,0.2738257348537445,0.31694111227989197,True,True,True
test,kpS4BXif_Sw$_$4,2,0.5968547463417053,0.5968547463417053,T,3.6370134353637695,0.2124873399734497,0.05304115638136864,0.9319601058959961,0.0544484443962574,0.01359143853187561,T,0.23597310483455658,0.02011716738343239,-0.06944164633750916,0.7248846888542175,0.06179783120751381,0.21331746876239777,0.40232211351394653,0.2817947566509247,0.3158831298351288,True,True,True
test,kpS4BXif_Sw$_$8,2,0.2510905861854553,0.2510905861854553,T,1.8186748027801514,0.10635720193386078,0.09303513169288635,0.9011963605880737,0.05270250886678696,0.04610110819339752,T,0.11245422065258026,0.008646747097373009,-0.05219992995262146,0.648895800113678,0.04989441856741905,0.30120980739593506,0.4170318841934204,0.2835969626903534,0.2993711233139038,True,True,True
test,ktblaVOnFVE$_$4,1,0.0,0.3271884322166443,T,2.2818262577056885,-0.27689048647880554,-0.2167273759841919,0.8221482038497925,0.0997643917798996,0.0780874639749527,V,0.004558311775326729,0.044406600296497345,0.045541346073150635,0.04823290929198265,0.46988001465797424,0.4818871021270752,0.49496835470199585,0.24165081977844238,0.2633807957172394,True,True,True
test,l0vCKpk6Aes$_$24,2,1.0648078918457031,1.0648078918457031,T,3.094290018081665,0.2894805669784546,0.5739568471908569,0.7818350195884705,0.0731431320309639,0.14502182602882385,T,0.23473423719406128,0.05354781448841095,0.06780585646629333,0.6592031121253967,0.15037807822227478,0.19041886925697327,0.4732833504676819,0.3021928668022156,0.22452376782894135,True,True,True
test,l0vCKpk6Aes$_$12,2,1.778346061706543,1.778346061706543,T,6.305878162384033,0.1367790699005127,0.11545021831989288,0.9615392684936523,0.020856482908129692,0.017604196444153786,T,0.6847509741783142,0.023470357060432434,-0.04126882925629616,0.9136223793029785,0.03131509944796562,0.055062536150217056,0.371003121137619,0.31135302782058716,0.3176438510417938,True,True,True
test,l0vCKpk6Aes$_$19,2,0.8300448060035706,0.8300448060035706,T,3.734712600708008,0.049583885818719864,-0.15495237708091736,0.948077380657196,0.012587142176926136,0.03933551535010338,T,0.2828010618686676,0.01670161820948124,-0.03040977194905281,0.8572003245353699,0.05062439292669296,0.09217527508735657,0.3825840651988983,0.3023928999900818,0.3150230348110199,True,True,True
test,l4oMbKDuW3Y$_$3,0,-0.67784583568573,-0.67784583568573,T,4.561843395233154,-0.0125033650547266,0.08252735435962677,0.9795935153961182,0.0026849268469959497,0.017721621319651604,T,-0.2824103832244873,0.032521482557058334,0.004980834200978279,0.8827732801437378,0.10165736824274063,0.0155693544074893,0.4204505383968353,0.27359849214553833,0.30595096945762634,True,True,True
test,lD4xtQ6NpDY$_$2,1,0.0,0.004273354075849056,T,1.1892168521881104,-0.03878026455640793,-0.09055912494659424,0.9019083380699158,0.029411157593131065,0.06868051737546921,T,-0.12179489433765411,0.02009080909192562,0.0881364569067955,0.5294920206069946,0.08734292536973953,0.38316506147384644,0.5146769881248474,0.2759251296520233,0.20939786732196808,True,True,True
test,lYwgLa4R5XQ$_$1,1,0.0,-0.2200535535812378,T,0.7554440498352051,-0.060074396431446075,0.0,0.9263359308242798,0.07366405427455902,0.0,T,-0.13577130436897278,0.04729606956243515,0.0,0.7416466474533081,0.2583533525466919,0.0,0.6675180196762085,0.33248192071914673,0.0,True,True,False
test,lkIe41StoGI$_$10,2,9.999999974752427e-07,-0.2525532841682434,A,-0.33694708347320557,0.7921671271324158,0.0,0.29841721057891846,0.7015828490257263,0.0,A,0.014043109491467476,-0.11341933906078339,0.0,0.11017448455095291,0.8898255228996277,0.0,0.8911123275756836,0.1088876873254776,0.0,True,True,False
test,lkIe41StoGI$_$3,1,0.0,0.30315908789634705,T,2.7157139778137207,0.10561451315879822,0.0,0.9625657200813293,0.03743432089686394,0.0,A,-0.01904343254864216,0.10545046627521515,0.0,0.15296679735183716,0.8470332026481628,0.0,0.7284190058708191,0.27158093452453613,0.0,True,True,False
test,lkIe41StoGI$_$2,1,0.0,-0.14419500529766083,T,1.509040117263794,0.04725322872400284,0.0,0.9696373343467712,0.030362674966454506,0.0,T,-0.06117518991231918,-0.0019189538434147835,0.0,0.9695858359336853,0.03041413426399231,0.0,0.6435356736183167,0.35646432638168335,0.0,True,True,False
test,lkIe41StoGI$_$8,1,0.0,0.01125279814004898,T,1.179037094116211,0.03098197467625141,0.0036776093766093254,0.9714429378509521,0.025526950135827065,0.003030089195817709,T,-0.07665596902370453,0.02839294634759426,0.03702189400792122,0.5395616888999939,0.1998506635427475,0.260587602853775,0.49926576018333435,0.19544126093387604,0.3052929937839508,True,True,True
test,lwL4hjhkid4$_$1,2,0.20797866582870483,0.20797866582870483,T,-0.02528238296508789,-0.018776722252368927,0.0,0.5738288164138794,0.426171213388443,0.0,T,0.056366536766290665,-0.001921014511026442,0.0,0.9670425057411194,0.032957542687654495,0.0,0.601807177066803,0.3981928527355194,0.0,True,True,False
test,lwL4hjhkid4$_$3,2,0.6348155736923218,0.6348155736923218,T,2.812026023864746,0.14361023902893066,0.18970105051994324,0.8940300345420837,0.045658133924007416,0.060311831533908844,T,0.19814170897006989,0.004551295656710863,-0.002833921927958727,0.9640669226646423,0.02214452251791954,0.01378856785595417,0.4122229516506195,0.29561153054237366,0.29216548800468445,True,True,True
test,lwL4hjhkid4$_$6,2,0.670988142490387,0.670988142490387,T,2.919595241546631,0.32968246936798096,0.36388492584228516,0.8080442547798157,0.09124484658241272,0.1007109209895134,T,0.17916060984134674,0.0193596463650465,0.013996056281030178,0.8430440425872803,0.09109722822904587,0.06585873663425446,0.4427586495876312,0.2785246968269348,0.27871665358543396,True,True,True
test,m-7yRWZLwLY$_$0,2,0.42440158128738403,0.42440158128738403,T,0.32787251472473145,0.27152419090270996,-0.060896702110767365,0.49655580520629883,0.41121748089790344,0.09222672879695892,T,0.09959352016448975,0.037702176719903946,-0.009865371510386467,0.6767654418945312,0.25619667768478394,0.0670379176735878,0.44466108083724976,0.2469930648803711,0.3083459138870239,True,True,True
test,mVnqP-vLpuo$_$0,2,0.7348003387451172,0.7348003387451172,V,0.3484799861907959,0.4598006010055542,0.785489559173584,0.21865133941173553,0.2884986996650696,0.4928499758243561,V,0.07996268570423126,0.047620560973882675,0.10744041204452515,0.3402324914932251,0.20262028276920319,0.4571472108364105,0.5714445114135742,0.2855967581272125,0.14295873045921326,True,True,True
test,mZ_8em_-CGc$_$7,1,0.0,0.3381866216659546,T,0.9409188032150269,-0.26880186796188354,-0.10341810435056686,0.7165418267250061,0.20470181107521057,0.0787564218044281,T,0.07903216779232025,0.02871027961373329,-0.00952447485178709,0.6739510893821716,0.2448284775018692,0.08122047781944275,0.46822434663772583,0.24296145141124725,0.2888142168521881,True,True,True
test,mgsvwAVQAQo$_$4,2,0.3669818043708801,0.3669818043708801,T,1.6561344861984253,0.16382017731666565,0.20138058066368103,0.8193269968032837,0.08104553073644638,0.09962750971317291,T,0.07543966174125671,0.02479354664683342,0.007717663887888193,0.6988332867622375,0.2296743541955948,0.07149237394332886,0.436362087726593,0.27929478883743286,0.2843431532382965,True,True,True
test,mmg_eTDHjkk$_$5,1,0.0,0.26855313777923584,T,1.3966364860534668,-0.2779604196548462,-0.4402720630168915,0.6603891849517822,0.13143151998519897,0.20817936956882477,V,-0.023227747529745102,0.02219776064157486,0.07579585909843445,0.1916143000125885,0.1831175684928894,0.6252681612968445,0.5067358016967773,0.26946917176246643,0.22379501163959503,True,True,True
test,mmg_eTDHjkk$_$8,2,0.6092844009399414,0.6092844009399414,T,1.9176795482635498,0.382715106010437,0.43922245502471924,0.6999809145927429,0.13969658315181732,0.16032257676124573,T,0.14272302389144897,0.019453629851341248,0.02878965064883232,0.7473728060722351,0.10186943411827087,0.15075774490833282,0.4734296202659607,0.27719998359680176,0.24937036633491516,True,True,True
test,mmg_eTDHjkk$_$15,1,0.0,0.19368088245391846,T,2.085797071456909,-0.26199841499328613,-0.5585019588470459,0.717681884765625,0.09014852344989777,0.19216957688331604,V,-0.05272991955280304,0.04817783087491989,0.05421023070812225,0.33993425965309143,0.3105883002281189,0.3494774103164673,0.5263726711273193,0.2786914110183716,0.19493594765663147,True,True,True
test,mzAu5gxjE-w$_$2,2,2.05401611328125,2.05401611328125,T,7.829268455505371,0.28694576025009155,0.3808767795562744,0.9214057922363281,0.0337698832154274,0.044824376702308655,T,0.8404254913330078,0.005272050853818655,-0.022833172231912613,0.9676405191421509,0.00607008021324873,0.026289423927664757,0.3785262703895569,0.3185039460659027,0.3029698431491852,True,True,True
test,nFTo-Lz4Fr8$_$1,2,1.4633147716522217,1.4633147716522217,T,5.952571392059326,0.21245861053466797,-0.13702881336212158,0.9445439577102661,0.03371257334947586,0.021743500605225563,T,0.5004613995552063,0.027881059795618057,-0.010202526114881039,0.9292842745780945,0.05177108570933342,0.01894461177289486,0.36977747082710266,0.29273852705955505,0.3374840021133423,True,True,True
test,nZFPKP9kBkw$_$4,2,1.5254992246627808,1.5254992246627808,T,6.522280216217041,0.2721859812736511,0.009329838678240776,0.9586237668991089,0.040005020797252655,0.001371269696392119,T,0.5478790998458862,-0.002614350989460945,0.00044744607293978333,0.9944425225257874,0.004745247308164835,0.0008121489081531763,0.371548056602478,0.29460352659225464,0.33384841680526733,True,True,True
test,namehdJxRIM$_$1,2,0.6020784378051758,0.6020784378051758,T,3.2287847995758057,0.13835805654525757,0.29062360525131226,0.8827202916145325,0.03782583028078079,0.07945384085178375,T,0.20404911041259766,0.007815924473106861,-0.023402772843837738,0.8673056364059448,0.03322139382362366,0.09947290271520615,0.4115338921546936,0.2997833490371704,0.2886826694011688,True,True,True
test,o2XbNJDpOlc$_$6,2,9.999999974752427e-07,-0.009697124361991882,A,0.09677958488464355,0.09988214075565338,0.09782843291759491,0.3286343514919281,0.3391697108745575,0.3321959376335144,T,-0.024136921390891075,0.01821180060505867,-0.012299349531531334,0.44167929887771606,0.3332560658454895,0.22506466507911682,0.4357430040836334,0.2777218818664551,0.2865350842475891,True,True,True
test,oBS-IW-BO00$_$3,1,0.0,0.2645098567008972,T,1.1690953969955444,-0.05119702219963074,-0.28445062041282654,0.7769401669502258,0.03402376174926758,0.18903599679470062,V,0.009370516054332256,0.014515343122184277,0.0495215579867363,0.12765079736709595,0.1977367252111435,0.6746124625205994,0.4626670479774475,0.28656208515167236,0.2507708966732025,True,True,True
test,oHff2W51wZ8$_$1,2,1.8500415086746216,1.8500415086746216,T,8.514595031738281,0.4939943552017212,1.0431941747665405,0.8470730781555176,0.04914494603872299,0.10378199815750122,T,0.6245494484901428,0.006624259520322084,0.07346489280462265,0.8863400816917419,0.009400932118296623,0.10425896942615509,0.5002064108848572,0.36445528268814087,0.13533835113048553,True,True,True
test,oHff2W51wZ8$_$2,2,2.0937657356262207,2.0937657356262207,T,9.476263046264648,0.565605878829956,1.0539745092391968,0.8540372252464294,0.05097457394003868,0.09498822689056396,T,0.8090837597846985,-0.039333540946245193,0.07849512994289398,0.8728804588317871,0.04243501275777817,0.08468451350927353,0.4788910746574402,0.35733678936958313,0.16377216577529907,True,True,True
test,oHff2W51wZ8$_$5,2,0.990875780582428,0.990875780582428,T,3.956303119659424,0.652392566204071,0.9528020024299622,0.7113736867904663,0.1173051968216896,0.17132112383842468,T,0.21600857377052307,0.03396386280655861,0.07819142192602158,0.6582338809967041,0.10349665582180023,0.23826944828033447,0.5786762833595276,0.3150688707828522,0.10625483840703964,True,True,True
test,oPlnhc0DkcU$_$1,2,0.323862761259079,0.323862761259079,V,0.4978978633880615,0.09280942380428314,0.6572998762130737,0.3989543318748474,0.07436610013246536,0.5266795754432678,V,0.02496141567826271,0.0052801938727498055,0.06314289569854736,0.2672971785068512,0.05654250457882881,0.6761603355407715,0.5001778602600098,0.32191598415374756,0.17790624499320984,True,True,True
test,oZxMx8e0x2U$_$2,0,-0.5523828268051147,-0.5523828268051147,T,1.7815057039260864,0.010706192813813686,0.004496432840824127,0.9915386438369751,0.005958781577646732,0.002502594841644168,T,-0.19274063408374786,-0.0017767499666661024,-0.006726482417434454,0.9577465653419495,0.008828840218484402,0.03342453017830849,0.44124987721443176,0.2974294424057007,0.2613206207752228,True,True,True
test,obGF3RfWQKE$_$24,2,0.27917855978012085,0.27917855978012085,T,-0.4994601011276245,0.372652530670166,0.3219412565231323,0.4182894229888916,0.3120902180671692,0.2696203887462616,V,-0.009404503740370274,0.0420132651925087,0.04572870954871178,0.09680745750665665,0.432473361492157,0.4707191586494446,0.4884670376777649,0.2471139281988144,0.2644190788269043,True,True,True
test,obGF3RfWQKE$_$3,2,2.1146602630615234,2.1146602630615234,T,8.2013578414917,0.5561391115188599,0.9860406517982483,0.8417227864265442,0.057077739387750626,0.1011994481086731,T,0.7860840559005737,-0.023177620023489,0.09904903918504715,0.8654351830482483,0.025517281144857407,0.109047532081604,0.48292145133018494,0.34796053171157837,0.1691179722547531,True,True,True
test,ossKC1VrusE$_$3,2,0.5936281681060791,0.5936281681060791,T,1.311882734298706,0.12576325237751007,0.47407716512680054,0.686230480670929,0.06578528881072998,0.24798421561717987,T,0.1566639244556427,0.0034912312403321266,0.025373848155140877,0.84441739320755,0.018817711621522903,0.13676485419273376,0.457239031791687,0.3076614737510681,0.23509955406188965,True,True,True
test,ossKC1VrusE$_$2,2,1.1318427324295044,1.1318427324295044,T,4.500058174133301,0.2818644344806671,0.4236598014831543,0.8644677400588989,0.05414656922221184,0.08138566464185715,T,0.3278818130493164,0.01703399047255516,0.036977656185626984,0.8585688471794128,0.04460403695702553,0.09682715684175491,0.4258420467376709,0.3044305741786957,0.26972734928131104,True,True,True
test,ozA7pRW4gFM$_$7,1,0.0,0.09377903491258621,T,2.235490560531616,-0.03465328365564346,-0.050844207406044006,0.9631633758544922,0.014930401928722858,0.021906279027462006,T,-0.06020717695355415,0.04940596967935562,0.027078993618488312,0.4404582381248474,0.3614397346973419,0.19810205698013306,0.5260986685752869,0.2269413024187088,0.24696004390716553,True,True,True
test,p4WmcxrXkc4$_$0,2,1.0762933492660522,1.0762933492660522,T,4.873973846435547,0.4834415912628174,0.4305688738822937,0.8420848846435547,0.08352503925561905,0.07439012825489044,T,0.33237457275390625,0.0106437299400568,0.017456740140914917,0.9220460057258606,0.029526954516768456,0.048427045345306396,0.4444343149662018,0.2790321409702301,0.2765335738658905,True,True,True
test,p7zuPEZgtY4$_$0,2,0.28010353446006775,0.28010353446006775,A,0.032601237297058105,0.10560894012451172,-0.0349397286772728,0.1882832944393158,0.609927773475647,0.20178888738155365,T,0.09737537056207657,0.023557335138320923,-0.04228421300649643,0.5966009497642517,0.1443314552307129,0.2590675950050354,0.4342517852783203,0.26999419927597046,0.29575401544570923,True,True,True
test,pIaEcqnzI-s$_$3,2,0.4153272807598114,0.4153272807598114,T,0.7858966588973999,0.017334362491965294,0.3044247031211853,0.7095134258270264,0.015649594366550446,0.274836927652359,T,0.0981425940990448,0.0090602096170187,0.017142321914434433,0.7892757654190063,0.07286340743303299,0.13786083459854126,0.4420115053653717,0.2987946569919586,0.2591938376426697,True,True,True
test,pIaEcqnzI-s$_$5,1,0.0,0.12219229340553284,T,3.333510160446167,-0.2267201542854309,-0.30226069688796997,0.8630467653274536,0.058697912842035294,0.07825537770986557,A,-0.07556772232055664,0.07771600782871246,0.023612933233380318,0.42718568444252014,0.43932998180389404,0.13348433375358582,0.5041518807411194,0.24531914293766022,0.2505289912223816,True,True,True
test,pIaEcqnzI-s$_$7,1,0.0,0.220539852976799,T,3.7495546340942383,-0.28454941511154175,-0.40088239312171936,0.8454490303993225,0.06416016072034836,0.0903908982872963,A,-0.044557783752679825,0.0688370019197464,0.03437483683228493,0.3015354871749878,0.46584004163742065,0.23262453079223633,0.5297388434410095,0.24807794392108917,0.22218327224254608,True,True,True
test,pIaEcqnzI-s$_$6,1,0.0,0.377668559551239,T,2.9252028465270996,-0.2093513160943985,-0.37546777725219727,0.8333859443664551,0.05964387580752373,0.10697020590305328,A,0.011261951178312302,0.06534607708454132,0.03496083989739418,0.10094170272350311,0.5857017040252686,0.31335657835006714,0.5125835537910461,0.2551428973674774,0.23227356374263763,True,True,True
test,pQpy7RSfWzM$_$19,2,0.18453779816627502,0.18453779816627502,V,0.13285839557647705,0.19459472596645355,0.3947954475879669,0.18395106494426727,0.2694290280342102,0.5466198921203613,T,0.04839974269270897,-0.014912856742739677,0.013111398555338383,0.6333056092262268,0.19513317942619324,0.17156128585338593,0.47509533166885376,0.2811547815799713,0.24374990165233612,True,True,True
test,pQpy7RSfWzM$_$8,2,0.6420308351516724,0.6420308351516724,T,2.92130708694458,0.3428475260734558,0.4064682126045227,0.7958614230155945,0.09340309351682663,0.11073549091815948,T,0.22177602350711823,-0.02168174274265766,0.0022839740850031376,0.9024760127067566,0.08822979032993317,0.009294205345213413,0.44895806908607483,0.2813970148563385,0.26964497566223145,True,True,True
test,pSxte-ms0t8$_$33,2,0.3931015729904175,0.3931015729904175,T,1.1735143661499023,0.03736358880996704,0.0001341518945991993,0.9690361022949219,0.03085319511592388,0.00011077668750658631,T,0.11423046886920929,0.008393125608563423,-0.005824074614793062,0.8893152475357056,0.06534276157617569,0.04534200578927994,0.41946500539779663,0.29046618938446045,0.2900688052177429,True,True,True
test,pSxte-ms0t8$_$2,2,0.6703686714172363,0.6703686714172363,T,3.369687557220459,0.017887692898511887,-0.09971502423286438,0.9662768244743347,0.005129396449774504,0.028593841940164566,T,0.2807506322860718,-0.02338952198624611,-0.04506212845444679,0.8039770722389221,0.06697987020015717,0.12904305756092072,0.3856310546398163,0.29979053139686584,0.31457844376564026,True,True,True
test,pSxte-ms0t8$_$7,0,-1.42807936668396,-1.42807936668396,T,5.7139201164245605,-0.03756079822778702,0.04121341556310654,0.9864010810852051,0.006484166719019413,0.0071147228591144085,T,-0.5107720494270325,-0.001203934196382761,-0.020849913358688354,0.9586095809936523,0.0022595261689275503,0.039130814373493195,0.39560800790786743,0.2999359667301178,0.30445605516433716,True,True,True
test,pSxte-ms0t8$_$6,2,0.23159396648406982,0.23159396648406982,T,2.681652545928955,-0.09218369424343109,-0.1110433042049408,0.9295544624328613,0.0319540910422802,0.038491491228342056,T,0.11589054763317108,-0.018642859533429146,-0.0348878875374794,0.6840376853942871,0.11003847420215607,0.2059238702058792,0.39071592688560486,0.3013003170490265,0.30798375606536865,True,True,True
test,pZye4zFzk3o$_$2,2,0.47862833738327026,0.47862833738327026,T,1.7959141731262207,0.20018599927425385,0.24243897199630737,0.8022705912590027,0.08942706882953644,0.10830231010913849,T,0.09849473834037781,0.03302498161792755,0.014405681751668453,0.6749663352966309,0.22631414234638214,0.09871949255466461,0.43463772535324097,0.2719438970088959,0.29341834783554077,True,True,True
test,pZye4zFzk3o$_$5,0,-0.7159920334815979,-0.7159920334815979,T,3.5515644550323486,-0.05391819030046463,0.14282119274139404,0.9475123882293701,0.014384690672159195,0.0381028838455677,T,-0.28192371129989624,-0.005104716867208481,0.028679363429546356,0.8929893970489502,0.016169117763638496,0.09084147959947586,0.4212041199207306,0.3039238154888153,0.2748720645904541,True,True,True
test,pnpFPX34Agk$_$2,0,-0.036692552268505096,-0.036692552268505096,T,-0.4479484558105469,0.036807551980018616,0.18712636828422546,0.6667066216468811,0.05478272959589958,0.27851060032844543,T,-0.12464418262243271,0.05910649523139,0.03831414133310318,0.5612964034080505,0.2661677598953247,0.17253583669662476,0.4896126687526703,0.2459222674369812,0.2644650340080261,True,True,True
test,q5M1God4M6Y$_$9,2,0.4464290142059326,0.4464290142059326,T,1.5532690286636353,0.08307494223117828,0.07939392328262329,0.9053067564964294,0.048419367522001266,0.04627392441034317,T,0.12495580315589905,0.012535922229290009,-0.002560898894444108,0.8922060132026672,0.08950865268707275,0.01828526146709919,0.4217332899570465,0.2914508581161499,0.2868158519268036,True,True,True
test,qDfSYz0PX9g$_$0,0,-1.4468618631362915,-1.4468618631362915,T,7.697437286376953,0.05703220143914223,0.03971219062805176,0.987587571144104,0.007317278999835253,0.005095107015222311,T,-0.7158074378967285,0.058576881885528564,0.11627793312072754,0.8036800026893616,0.06576777994632721,0.13055221736431122,0.5045724511146545,0.32136270403862,0.17406485974788666,True,True,True
test,qDfSYz0PX9g$_$8,0,-0.949683666229248,-0.949683666229248,T,6.301427364349365,0.04184705391526222,-0.020192325115203857,0.9902507066726685,0.0065761408768594265,0.003173164324834943,T,-0.4637952148914337,0.07332921773195267,0.047653209418058395,0.7931137681007385,0.1253967583179474,0.0814894512295723,0.4599282145500183,0.2727217972278595,0.2673499584197998,True,True,True
test,qEuJj4uW93E$_$1,1,0.0,0.3718765079975128,T,2.61696457862854,-0.054395586252212524,-0.5988140106201172,0.8002523183822632,0.01663384959101677,0.18311379849910736,V,0.0007722263690084219,0.03567271679639816,0.07316263020038605,0.007045373786240816,0.32545849680900574,0.6674960851669312,0.5372951030731201,0.2958786189556122,0.16682623326778412,True,True,True
test,qgC8_emxSIU$_$6,2,0.3242371380329132,0.3242371380329132,T,0.4428246021270752,0.27071473002433777,0.12468228489160538,0.5282905697822571,0.3229631781578064,0.14874619245529175,T,0.0774383395910263,0.0033545843325555325,0.0127178393304348,0.8281221985816956,0.03587377816438675,0.1360040158033371,0.45715567469596863,0.25073549151420593,0.29210883378982544,True,True,True
test,r46amqjpWgg$_$26,2,1.1027615070343018,1.1027615070343018,T,4.124900817871094,0.344989538192749,0.26324284076690674,0.8714947700500488,0.07288819551467896,0.05561703443527222,T,0.3186759054660797,0.012770263478159904,0.03919215127825737,0.8598029017448425,0.03445478528738022,0.10574231296777725,0.4279196560382843,0.2794492542743683,0.2926310896873474,True,True,True
test,r46amqjpWgg$_$22,2,0.6119953989982605,0.6119953989982605,T,2.7444136142730713,0.021317025646567345,0.33857208490371704,0.8840676546096802,0.006866929121315479,0.10906542092561722,T,0.13833561539649963,0.0036643724888563156,0.049909017980098724,0.7208395600318909,0.019094321876764297,0.26006603240966797,0.4220338761806488,0.3163164258003235,0.2616497278213501,True,True,True
test,r46amqjpWgg$_$6,2,1.2599817514419556,1.2599817514419556,T,4.99530029296875,0.27241837978363037,0.11908882856369019,0.9273211359977722,0.05057139694690704,0.022107496857643127,T,0.3745686113834381,0.014037512242794037,0.044086407870054245,0.8656692504882812,0.032442234456539154,0.10188853740692139,0.39905157685279846,0.2882753610610962,0.3126731216907501,True,True,True
test,r46amqjpWgg$_$15,1,0.0,0.10389034450054169,T,1.1864583492279053,0.0789591372013092,-0.23629599809646606,0.7900696992874146,0.0525793619453907,0.15735091269016266,V,-0.02223449945449829,-0.016190076246857643,0.058076463639736176,0.23040685057640076,0.16777101159095764,0.6018221974372864,0.4550270438194275,0.2967517673969269,0.24822118878364563,True,True,True
test,r46amqjpWgg$_$32,2,1.508866310119629,1.508866310119629,T,5.413145065307617,0.13286244869232178,0.2815670669078827,0.9288846850395203,0.022798927500844002,0.048316337168216705,T,0.491411030292511,0.00557103892788291,0.04128047823905945,0.9129578471183777,0.010350040160119534,0.07669208943843842,0.39424577355384827,0.3142010569572449,0.29155316948890686,True,True,True
test,rcfnqiD0y8o$_$0,2,1.3658297061920166,1.3658297061920166,T,6.57595682144165,0.050728753209114075,0.7460379600524902,0.8919304609298706,0.006880598608404398,0.10118892043828964,T,0.4262841045856476,0.011771796271204948,0.03828854486346245,0.8949072957038879,0.024712782353162766,0.08037995547056198,0.431896835565567,0.36501258611679077,0.20309054851531982,True,True,True
test,rhQB8e999-Q$_$10,2,1.1802341938018799,1.1802341938018799,T,5.194472312927246,0.260123074054718,0.3474462330341339,0.8952834606170654,0.044833023101091385,0.05988343805074692,T,0.3241029977798462,0.024637822061777115,0.052096832543611526,0.8085642457008362,0.06146583706140518,0.12996990978717804,0.41084009408950806,0.30030331015586853,0.2888566255569458,True,True,True
test,rhQB8e999-Q$_$0,2,1.3461142778396606,1.3461142778396606,T,6.483704090118408,0.17707973718643188,0.27841508388519287,0.9343591332435608,0.025518758222460747,0.040122076869010925,T,0.43189460039138794,0.009696049615740776,0.026494603604078293,0.9226836562156677,0.020714282989501953,0.05660209432244301,0.38365837931632996,0.3130243420600891,0.30331721901893616,True,True,True
test,rhQB8e999-Q$_$5,2,0.7795848846435547,0.7795848846435547,T,3.393953561782837,0.2354847937822342,0.30456292629241943,0.8627229928970337,0.05985884740948677,0.07741810381412506,T,0.20070798695087433,0.011197727173566818,0.03906220942735672,0.7997356057167053,0.044618163257837296,0.1556462198495865,0.4242950677871704,0.29027923941612244,0.28542566299438477,True,True,True
test,rhQB8e999-Q$_$7,2,0.7900319695472717,0.7900319695472717,T,4.174529552459717,0.22130714356899261,0.25245699286460876,0.8980777859687805,0.04761040210723877,0.05431175231933594,T,0.1971907913684845,0.019049400463700294,0.0384659618139267,0.7741893529891968,0.07478971779346466,0.15102094411849976,0.41050752997398376,0.2931414246559143,0.29635101556777954,True,True,True
test,rhQB8e999-Q$_$8,2,0.540793240070343,0.540793240070343,T,2.0000202655792236,0.1826353371143341,0.2565728425979614,0.8199396729469299,0.07487422227859497,0.10518606007099152,T,0.14715738594532013,-0.010157151147723198,0.030263660475611687,0.7845122218132019,0.05414889007806778,0.1613388955593109,0.4377090334892273,0.2812485992908478,0.2810423970222473,True,True,True
test,svsbGQn389o$_$8,0,-0.961077094078064,-0.961077094078064,T,5.5568952560424805,-0.0722603052854538,0.10851560533046722,0.9684931039810181,0.012594012543559074,0.01891282945871353,T,-0.43229377269744873,0.04778056591749191,0.037473928183317184,0.8352723717689514,0.0923209860920906,0.07240663468837738,0.4320867359638214,0.2972610294818878,0.2706521451473236,True,True,True
test,tC2KicUHB9Q$_$7,1,0.0,-0.11394825577735901,T,1.9005820751190186,0.08359845727682114,-0.14200171828269958,0.8938941955566406,0.039318572729825974,0.06678717583417892,T,-0.05437421426177025,-0.01911802962422371,0.020499126985669136,0.5785021781921387,0.20340196788311005,0.2180958390235901,0.4552460312843323,0.28487080335617065,0.25988322496414185,True,True,True
test,tNd3--lvSXE$_$6,1,0.0,-0.039274152368307114,T,2.5114798545837402,0.005531109869480133,0.019349277019500732,0.9901905059814453,0.0021807271987199783,0.007628757506608963,T,-0.0929759293794632,0.03625243529677391,0.02863927185535431,0.5889486074447632,0.22963815927505493,0.1814131885766983,0.5197373628616333,0.23326225578784943,0.24700036644935608,True,True,True
test,teQqaAmqqx0$_$0,2,0.6647459268569946,0.6647459268569946,T,2.661282777786255,0.19017453491687775,0.18403011560440063,0.8767233490943909,0.0626504123210907,0.06062621623277664,T,0.16323424875736237,0.03128409758210182,0.015808718279004097,0.7760972380638123,0.1487402468919754,0.07516255229711533,0.42122119665145874,0.28413450717926025,0.2946443259716034,True,True,True
test,teQqaAmqqx0$_$3,2,0.8130896687507629,0.8130896687507629,T,3.0313093662261963,0.05774902179837227,0.21847021579742432,0.9164877533912659,0.017459871247410774,0.0660524070262909,T,0.22326967120170593,0.027531180530786514,0.012182099744677544,0.8489891886711121,0.10468808561563492,0.0463227778673172,0.41602131724357605,0.2972145676612854,0.28676411509513855,True,True,True
test,tnWmVXZ87h0$_$0,2,1.410575032234192,1.410575032234192,T,5.724178314208984,0.11232355982065201,0.2801474928855896,0.935835599899292,0.018363576382398605,0.04580080881714821,T,0.48187732696533203,0.00964808277785778,0.0037988657131791115,0.9728522300720215,0.019478315487504005,0.007669451646506786,0.38823744654655457,0.3202560544013977,0.29150646924972534,True,True,True
test,tnWmVXZ87h0$_$3,2,1.4334588050842285,1.4334588050842285,T,5.662775993347168,0.07587160170078278,0.3042672276496887,0.9370934367179871,0.012555464170873165,0.05035106837749481,T,0.4819648265838623,0.024312695488333702,-0.0011146070901304483,0.9498863220214844,0.04791697487235069,0.0021967370994389057,0.3900293707847595,0.32499778270721436,0.2849728465080261,True,True,True
test,ttfaZ8IIWCo$_$2,2,1.2438695430755615,1.2438695430755615,T,5.214706897735596,0.30609554052352905,0.09651526063680649,0.9283268451690674,0.05449140816926956,0.01718173362314701,T,0.42185264825820923,0.011541908606886864,-0.007205314468592405,0.9574506878852844,0.026195896789431572,0.016353419050574303,0.3907507061958313,0.28824272751808167,0.32100656628608704,True,True,True
test,ttfaZ8IIWCo$_$5,2,1.0195200443267822,1.0195200443267822,T,5.364932537078857,0.41503584384918213,0.17822936177253723,0.9004287719726562,0.06965795159339905,0.02991330251097679,T,0.3343210220336914,0.008710470050573349,-0.00411191675812006,0.96306312084198,0.025091849267482758,0.011845008470118046,0.40466561913490295,0.2748807370662689,0.3204536437988281,True,True,True
test,ttfaZ8IIWCo$_$4,2,1.546175241470337,1.546175241470337,T,5.8179850578308105,0.2966744303703308,0.4428051710128784,0.8872308731079102,0.045242246240377426,0.06752688437700272,T,0.5128692984580994,0.01022167969495058,0.03196127712726593,0.9240018725395203,0.01841570809483528,0.057582467794418335,0.41311562061309814,0.31273749470710754,0.2741468846797943,True,True,True
test,tymso_pAxhk$_$12,1,0.0,0.1626499891281128,T,1.4620158672332764,0.005617937073111534,-0.4872664511203766,0.7478723526000977,0.0028737718239426613,0.24925386905670166,V,0.0015306058339774609,0.013620294630527496,0.024126902222633362,0.03896872326731682,0.34676823019981384,0.6142629981040955,0.4935019314289093,0.29993313550949097,0.20656493306159973,True,True,True
test,u9ZV8jb_-U0$_$0,0,-0.41720759868621826,-0.41720759868621826,T,1.2456612586975098,-0.008414844051003456,0.07163970172405243,0.9396141171455383,0.00634739687666297,0.054038506001234055,T,-0.15391863882541656,0.02201250195503235,-0.023062245920300484,0.7734861969947815,0.11061926186084747,0.11589453369379044,0.43596550822257996,0.2679179012775421,0.2961166203022003,True,True,True
test,um8WVjZMLUc$_$1,0,-1.1531637907028198,-1.1531637907028198,T,5.455599308013916,-0.14937524497509003,0.06246238201856613,0.9626219272613525,0.026356754824519157,0.011021275073289871,T,-0.41125327348709106,0.03387715667486191,-0.04281418025493622,0.8428277969360352,0.06942828744649887,0.08774393796920776,0.4092147648334503,0.2825435698032379,0.30824172496795654,True,True,True
test,unOeTDc2rlY$_$27,2,0.3866378366947174,0.3866378366947174,T,1.3804960250854492,0.3443138003349304,0.2688799202442169,0.692432701587677,0.17270179092884064,0.13486547768115997,A,0.03398413956165314,0.05179474130272865,0.028829041868448257,0.296525239944458,0.45192986726760864,0.2515449523925781,0.4603733420372009,0.25965189933776855,0.2799748182296753,True,True,True
test,unOeTDc2rlY$_$31,1,0.0,-0.08218961954116821,T,0.5549155473709106,-0.012622537091374397,-0.03305231034755707,0.9239500761032104,0.021016880869865417,0.05503303185105324,T,-0.13008753955364227,0.03831549733877182,0.04937657341361046,0.5973357558250427,0.17593702673912048,0.22672726213932037,0.5184807181358337,0.28405046463012695,0.19746878743171692,True,True,True
test,unOeTDc2rlY$_$29,0,-0.15450134873390198,-0.15450134873390198,T,0.22751349210739136,0.02878735214471817,0.07017858326435089,0.6968693137168884,0.08817508816719055,0.21495559811592102,T,-0.15887367725372314,0.04961228370666504,0.042723268270492554,0.63243567943573,0.19749386608600616,0.17007045447826385,0.5043945908546448,0.2624014914035797,0.2332039624452591,True,True,True
test,uogwnZGb-iE$_$26,2,0.822826087474823,0.822826087474823,T,3.551352024078369,0.32098180055618286,0.46895700693130493,0.8180405497550964,0.07393694669008255,0.10802248120307922,T,0.21297788619995117,0.006644534878432751,0.04686664789915085,0.7991993427276611,0.02493361197412014,0.17586706578731537,0.4494589567184448,0.2911706566810608,0.2593704164028168,True,True,True
test,uogwnZGb-iE$_$21,1,0.0,0.15174326300621033,T,1.4913082122802734,-0.3413516879081726,-0.3949124217033386,0.6694768667221069,0.15323932468891144,0.17728376388549805,A,-0.03740444779396057,0.03803543746471405,0.03500121831893921,0.33868229389190674,0.3443956673145294,0.31692203879356384,0.5061787962913513,0.2516022026538849,0.2422189712524414,True,True,True
test,uogwnZGb-iE$_$22,2,2.2506277561187744,2.2506277561187744,T,8.986673355102539,0.5695651173591614,0.6350359916687012,0.8818007111549377,0.05588752403855324,0.06231173500418663,T,0.8972249031066895,0.006831648759543896,0.05438493192195892,0.9361290335655212,0.007127872668206692,0.056743089109659195,0.41615092754364014,0.3084830343723297,0.27536603808403015,True,True,True
test,uogwnZGb-iE$_$28,2,2.037083148956299,2.037083148956299,T,8.77535343170166,0.5809454917907715,0.5953457951545715,0.8817993998527527,0.05837683752179146,0.059823863208293915,T,0.7656924724578857,0.008072609081864357,0.03855038434267044,0.9426048398017883,0.009937776252627373,0.04745740443468094,0.42083626985549927,0.2995918393135071,0.27957186102867126,True,True,True
test,uogwnZGb-iE$_$13,2,1.8538637161254883,1.8538637161254883,T,7.711816787719727,0.6051069498062134,0.3838171362876892,0.8863402605056763,0.06954660266637802,0.0441131554543972,T,0.6738625168800354,0.007344774901866913,0.025489896535873413,0.9535378217697144,0.01039309985935688,0.03606904670596123,0.41515621542930603,0.2803976535797119,0.30444616079330444,True,True,True
test,uogwnZGb-iE$_$6,2,1.375746726989746,1.375746726989746,T,6.162405490875244,0.5453915596008301,0.6435033082962036,0.8382742404937744,0.07418981194496155,0.08753598481416702,T,0.4139878749847412,0.015483289957046509,0.051051199436187744,0.8615371584892273,0.03222178667783737,0.10624104738235474,0.46046361327171326,0.2883034944534302,0.25123289227485657,True,True,True
test,vB_kZocHtYo$_$8,1,0.0,0.07931458950042725,T,2.3941333293914795,-0.04904185235500336,-0.16520395874977112,0.9178624749183655,0.018801657482981682,0.06333586573600769,V,0.0010396179277449846,-0.003682172391563654,0.014094826765358448,0.05524999275803566,0.19568727910518646,0.7490627765655518,0.47114819288253784,0.26783818006515503,0.26101359724998474,True,True,True
test,vGkIaClHKDg$_$6,2,1.607692837715149,1.607692837715149,T,7.376873970031738,0.35888949036598206,0.6439548134803772,0.8803247809410095,0.04282834380865097,0.07684683054685593,T,0.5290307402610779,0.0015731749590486288,0.05278652161359787,0.9068211317062378,0.002696607494726777,0.09048232436180115,0.4252626895904541,0.3225940465927124,0.2521432638168335,True,True,True
test,vR90Pdx9wxs$_$3,2,0.4942026734352112,0.4942026734352112,T,1.8512194156646729,0.09327708929777145,0.4190945029258728,0.7832232713699341,0.03946414217352867,0.17731261253356934,T,0.14060106873512268,-0.00485770171508193,0.01551367249339819,0.8734480738639832,0.030177224427461624,0.09637470543384552,0.44844192266464233,0.30753016471862793,0.24402788281440735,True,True,True
test,v_8QeoNc4QY$_$5,1,0.0,-0.24731096625328064,T,2.8101983070373535,0.03377613052725792,-0.13925202190876007,0.9419997334480286,0.011322014033794403,0.0466783307492733,T,-0.07180626690387726,0.023192372173070908,-0.04900269955396652,0.4986500144004822,0.16105665266513824,0.34029337763786316,0.4703242778778076,0.2650001347064972,0.2646755874156952,True,True,True
test,veA6ECsGFxI$_$0,2,0.9901723265647888,0.9901723265647888,T,2.5492241382598877,0.22124086320400238,0.7105435729026794,0.7323234677314758,0.06355654448270798,0.20412002503871918,T,0.2117195427417755,0.028927965089678764,0.0872531458735466,0.6456819772720337,0.08822173625230789,0.266096293926239,0.4902951717376709,0.3261222243309021,0.1835826188325882,True,True,True
test,wC_1M7KIv9s$_$24,2,0.3249354362487793,0.3249354362487793,T,-0.6348177194595337,0.23532596230506897,0.3669799268245697,0.513140082359314,0.19022025167942047,0.29663965106010437,A,0.022969583049416542,0.03772140294313431,0.033055294305086136,0.2450186163187027,0.4023776352405548,0.35260382294654846,0.47891345620155334,0.2674954831600189,0.2535910904407501,True,True,True
test,wC_1M7KIv9s$_$12,2,1.2253684997558594,1.2253684997558594,T,4.594970226287842,0.4564695954322815,0.3470113277435303,0.8511645793914795,0.08455566316843033,0.06427979469299316,T,0.36004438996315,0.030001595616340637,0.028718791902065277,0.8597770929336548,0.07164306938648224,0.068579763174057,0.4268413782119751,0.2681278884410858,0.3050306737422943,True,True,True
test,wC_1M7KIv9s$_$23,1,0.0,-0.016299815848469734,T,2.0110669136047363,0.010694433003664017,-0.11091039329767227,0.9429799914360046,0.00501457042992115,0.05200537294149399,T,-0.07489751279354095,0.02737995609641075,0.027092140167951584,0.578942060470581,0.2116413116455078,0.20941656827926636,0.4903389513492584,0.260068416595459,0.24959255754947662,True,True,True
test,wC_1M7KIv9s$_$1,2,0.33863377571105957,0.33863377571105957,V,-0.17935311794281006,0.3252256512641907,0.3485584259033203,0.21022775769233704,0.38121142983436584,0.4085608124732971,T,0.038631923496723175,0.03203434869647026,0.027702659368515015,0.392724871635437,0.32565516233444214,0.2816200256347656,0.4848713278770447,0.25214654207229614,0.2629821002483368,True,True,True
test,wC_1M7KIv9s$_$5,1,0.0,0.06108689308166504,T,2.7506203651428223,-0.03733713552355766,-0.10986395925283432,0.949202835559845,0.012884553521871567,0.037912603467702866,A,-0.026940561830997467,0.03539465367794037,-0.0030810674652457237,0.41183266043663025,0.5410679578781128,0.04709939658641815,0.4949153959751129,0.22110575437545776,0.2839789390563965,True,True,True
test,wC_1M7KIv9s$_$25,2,0.5649902820587158,0.5649902820587158,T,2.121312379837036,0.242741197347641,0.27789974212646484,0.8029333353042603,0.09187944233417511,0.10518722981214523,T,0.13281451165676117,0.025348355993628502,0.017450323328375816,0.7562901377677917,0.14434199035167694,0.09936796128749847,0.4361358880996704,0.2804083824157715,0.2834557890892029,True,True,True
test,wC_1M7KIv9s$_$21,1,0.0,-0.027309520170092583,T,2.206162691116333,0.001115642488002777,-0.11732985079288483,0.9490471482276917,0.0004799271409865469,0.050472959876060486,T,-0.07296957820653915,0.032414600253105164,0.016459468752145767,0.598878800868988,0.26603439450263977,0.1350868046283722,0.4875328838825226,0.26046222448349,0.25200486183166504,True,True,True
test,wHeZHLv9wGI$_$12,0,-0.17687207460403442,-0.17687207460403442,T,1.4583427906036377,0.021428268402814865,0.14156192541122437,0.8994715213775635,0.013216451741755009,0.08731206506490707,T,-0.1391984522342682,0.03188697248697281,0.033293597400188446,0.6810799241065979,0.15601880848407745,0.16290125250816345,0.44934946298599243,0.2438233494758606,0.30682724714279175,True,True,True
test,wnL3ld9bM2o$_$25,2,0.183376744389534,0.183376744389534,T,-1.1172363758087158,0.20248013734817505,0.48216232657432556,0.620039701461792,0.11237167567014694,0.26758864521980286,V,-0.043123334646224976,0.019859924912452698,0.06947319954633713,0.3255661427974701,0.1499354988336563,0.5244984030723572,0.4910074770450592,0.28803035616874695,0.22096212208271027,True,True,True
test,wnL3ld9bM2o$_$21,2,0.5490453839302063,0.5490453839302063,T,2.9555697441101074,0.3994789123535156,0.31196966767311096,0.8059871792793274,0.10893834382295609,0.08507447689771652,T,0.130437970161438,0.016954783350229263,0.022715680301189423,0.7667930722236633,0.09967043995857239,0.1335364729166031,0.44491100311279297,0.26447805762290955,0.2906109094619751,True,True,True
test,wnL3ld9bM2o$_$4,2,1.5914368629455566,1.5914368629455566,T,6.618048667907715,0.4469520151615143,0.3275758624076843,0.8952289819717407,0.060459576547145844,0.044311463832855225,T,0.5539472103118896,0.004278447479009628,0.01759376935660839,0.9620155692100525,0.007430190220475197,0.03055432066321373,0.40639302134513855,0.28657305240631104,0.3070339262485504,True,True,True
test,wnL3ld9bM2o$_$9,2,0.8124023079872131,0.8124023079872131,T,3.984503984451294,0.5628451108932495,0.10296538472175598,0.8568246364593506,0.12103378027677536,0.0221415963023901,T,0.26145458221435547,0.021647697314620018,-0.020366597920656204,0.8615531921386719,0.07133416086435318,0.06711263954639435,0.42773404717445374,0.23814214766025543,0.334123820066452,True,True,True
test,wnL3ld9bM2o$_$15,0,-0.30520132184028625,-0.30520132184028625,T,0.9147257804870605,0.026755239814519882,0.11243951320648193,0.8679267168045044,0.025386393070220947,0.10668690502643585,T,-0.12803860008716583,0.017666896805167198,-0.006707342341542244,0.8400775790214539,0.11591476202011108,0.04400772601366043,0.44567346572875977,0.2686733603477478,0.2856532037258148,True,True,True
test,wnL3ld9bM2o$_$14,1,0.0,-0.11356014758348465,T,3.45308518409729,-0.006420377641916275,-0.03211101144552231,0.9889646172523499,0.0018387980526313186,0.009196603670716286,T,-0.0849354937672615,0.017820291221141815,0.014251643791794777,0.7258983254432678,0.15230050683021545,0.12180119007825851,0.4853249192237854,0.24844561517238617,0.26622945070266724,True,True,True
test,wznRBN1fWj4$_$0,1,0.0,-0.08070587366819382,T,3.2001216411590576,-0.06864013522863388,0.014839623123407364,0.9745767116546631,0.020903917029500008,0.004519313108175993,V,-0.023140212520956993,0.009976385161280632,-0.02873670682311058,0.37411442399024963,0.16129106283187866,0.4645945429801941,0.4668334424495697,0.2554765045642853,0.2776900827884674,True,True,True
test,wznRBN1fWj4$_$6,2,0.6959373950958252,0.6959373950958252,T,1.774552822113037,0.25037652254104614,0.0,0.8763529658317566,0.123647041618824,0.0,T,0.1644231230020523,0.05686495453119278,0.0,0.7430274486541748,0.2569725215435028,0.0,0.6281153559684753,0.37188467383384705,0.0,True,True,False
test,x0rLwBIocuI$_$7,0,-1.0597984790802002,-1.0597984790802002,T,5.227362632751465,-0.058334723114967346,0.017410758882761,0.9857167601585388,0.011000100523233414,0.0032831234857439995,T,-0.3788421154022217,0.019773103296756744,-0.025093862786889076,0.8941090703010559,0.0466667003929615,0.05922427773475647,0.40756893157958984,0.286928653717041,0.30550244450569153,True,True,True
test,xBE9YWYGjtk$_$7,2,1.8226919174194336,1.8226919174194336,T,7.281599044799805,0.32352858781814575,0.5251429080963135,0.895615816116333,0.03979308903217316,0.06459107249975204,T,0.6478648781776428,0.03872748836874962,0.0034664380364120007,0.9388546347618103,0.05612201616168022,0.005023395176976919,0.40608662366867065,0.31491339206695557,0.2789999544620514,True,True,True
test,xSCvspXYU9k$_$19,0,-0.8091857433319092,-0.8091857433319092,T,4.392234802246094,0.011303171515464783,0.07626810669898987,0.9804520010948181,0.002523138653486967,0.017024869099259377,T,-0.380876749753952,0.04466802254319191,0.04464554041624069,0.8100480437278748,0.09499987959861755,0.0949520617723465,0.4545874297618866,0.2898186445236206,0.2555938959121704,True,True,True
test,xSCvspXYU9k$_$7,2,0.9404280781745911,0.9404280781745911,T,4.679818630218506,0.018066802993416786,0.34228670597076416,0.9285037517547607,0.0035845607053488493,0.06791170686483383,T,0.3277253210544586,-0.036261171102523804,0.017939431592822075,0.858086109161377,0.09494294226169586,0.046970974653959274,0.39296260476112366,0.32955676317214966,0.2774805724620819,True,True,True
test,xXXcgb9eZ9Y$_$7,0,-0.4527982771396637,-0.4527982771396637,T,1.5886000394821167,0.014396724291145802,0.052499059587717056,0.9595917463302612,0.008696322329342365,0.031711988151073456,T,-0.22198519110679626,0.04258568584918976,0.012312614358961582,0.8017277121543884,0.15380361676216125,0.04446857050061226,0.453737735748291,0.2553427517414093,0.2909194231033325,True,True,True
test,xmLJHru6Z1M$_$12,2,0.1050487831234932,0.1050487831234932,A,0.062087833881378174,-0.06639107316732407,0.06603391468524933,0.3191966116428375,0.3413197696208954,0.3394835889339447,T,0.021358266472816467,0.002933517098426819,-0.004253283143043518,0.7482296824455261,0.10276792198419571,0.14900238811969757,0.42401909828186035,0.29300954937934875,0.28297126293182373,True,True,True
test,xmLJHru6Z1M$_$14,2,0.18862272799015045,0.18862272799015045,T,0.09514307975769043,0.050820764154195786,0.02114202082157135,0.5693581104278564,0.3041231632232666,0.12651872634887695,T,0.042585551738739014,-0.0008970703929662704,0.006276728585362434,0.8558301329612732,0.018028177320957184,0.12614169716835022,0.42859241366386414,0.28343069553375244,0.28797686100006104,True,True,True
test,xmLJHru6Z1M$_$8,2,0.2783840298652649,0.2783840298652649,T,0.8233410716056824,0.0032026299741119146,0.1901085525751114,0.8098551630973816,0.003150172531604767,0.18699467182159424,T,0.07685553282499313,0.006709203124046326,-0.0054944222792983055,0.8629716634750366,0.07533422857522964,0.06169407442212105,0.429118812084198,0.29947271943092346,0.2714084982872009,True,True,True
test,xobMRm5Vs44$_$1,2,1.4983930587768555,1.4983930587768555,T,5.578798294067383,0.48282182216644287,0.9617983102798462,0.7943137884140015,0.06874456256628036,0.13694162666797638,T,0.4214341342449188,0.041166774928569794,0.07099924981594086,0.7897939085960388,0.07714910805225372,0.13305702805519104,0.5201327800750732,0.33645325899124146,0.1434139758348465,True,True,True
test,yCpHmPSshKY$_$1,1,0.0,-0.19770345091819763,T,1.4764670133590698,-0.03272315859794617,-0.06524931639432907,0.9377731084823608,0.020784005522727966,0.041442885994911194,T,-0.08727629482746124,0.046990230679512024,-0.04070281237363815,0.4988090693950653,0.2685626447200775,0.2326282560825348,0.4857306182384491,0.22913065552711487,0.28513869643211365,True,True,True
test,yCpHmPSshKY$_$0,1,0.0,0.060567326843738556,T,1.9891676902770996,-0.35278037190437317,-0.23908622562885284,0.7706863284111023,0.13668179512023926,0.09263195097446442,A,-0.002582080429419875,0.04468022659420967,-0.036898382008075714,0.03068036399781704,0.5308918952941895,0.43842777609825134,0.49517664313316345,0.2332579642534256,0.27156537771224976,True,True,True
test,yLo-Jl8nBXU$_$11,2,1.5860581398010254,1.5860581398010254,T,5.450376510620117,0.27344611287117004,0.16871383786201477,0.9249626994132996,0.046405501663684845,0.0286317840218544,T,0.5061590671539307,0.04101694002747536,0.02615170180797577,0.8828442096710205,0.07154187560081482,0.04561388120055199,0.39553335309028625,0.28768786787986755,0.3167787194252014,True,True,True
test,yLo-Jl8nBXU$_$0,2,9.999999974752427e-07,-0.002918449230492115,T,-0.6826109886169434,0.1863362342119217,0.23261800408363342,0.6196736693382263,0.16915588080883026,0.21117043495178223,T,-0.06544585525989532,0.038425199687480927,0.011055752635002136,0.5694568157196045,0.3343449532985687,0.09619820863008499,0.4502719044685364,0.2718350887298584,0.2778930366039276,True,True,True
test,yLo-Jl8nBXU$_$6,2,2.054699182510376,2.054699182510376,T,7.050108432769775,0.4837295413017273,0.2130011022090912,0.9100626111030579,0.06244218349456787,0.02749522775411606,T,0.75493323802948,0.04429576173424721,0.024064183235168457,0.9169676303863525,0.05380314216017723,0.0292291771620512,0.3945135474205017,0.27254414558410645,0.33294230699539185,True,True,True
test,ySblgk7T7eQ$_$12,1,0.0,0.1059914082288742,T,0.5260547995567322,0.009996154345571995,-0.06322655081748962,0.8778150677680969,0.016680343076586723,0.10550463199615479,V,-0.11234098672866821,0.0017341329948976636,0.13095995783805847,0.4584690034389496,0.0070770806632936,0.5344539284706116,0.5349127650260925,0.3326505422592163,0.13243670761585236,True,True,True
test,ySblgk7T7eQ$_$0,2,1.0375844240188599,1.0375844240188599,T,4.387258052825928,-0.03035956621170044,0.7102617621421814,0.85556960105896,0.0059204911813139915,0.1385098397731781,T,0.3141233026981354,-0.022077802568674088,0.05369768291711807,0.80565345287323,0.05662444606423378,0.13772210478782654,0.44489023089408875,0.3647504448890686,0.19035926461219788,True,True,True
test,ySblgk7T7eQ$_$4,2,0.4794703423976898,0.4794703423976898,V,0.10547685623168945,0.0037272796034812927,0.7226355671882629,0.12679949402809143,0.004480766598135233,0.868719756603241,T,0.11839887499809265,-0.01567954197525978,0.043494075536727905,0.6667636036872864,0.08829938620328903,0.2449370175600052,0.5167017579078674,0.34031742811203003,0.14298087358474731,True,True,True
test,ySblgk7T7eQ$_$9,0,-0.1424330174922943,-0.1424330174922943,T,2.407517433166504,-0.0045351749286055565,0.1005823016166687,0.958164393901825,0.001804947736673057,0.04003060609102249,T,-0.18704497814178467,0.01610526256263256,0.10843424499034882,0.6003026366233826,0.05168827250599861,0.3480091392993927,0.49356263875961304,0.32294127345085144,0.18349610269069672,True,True,True
test,yUqNp-poh9M$_$2,2,0.9270492196083069,0.9270492196083069,T,4.270114421844482,0.37434452772140503,0.2143353372812271,0.8788424134254456,0.07704474031925201,0.04411286488175392,T,0.2777588963508606,0.018642917275428772,0.00806373916566372,0.9122835397720337,0.061231616884469986,0.0264848992228508,0.4145590364933014,0.2744359076023102,0.31100502610206604,True,True,True
test,yUqNp-poh9M$_$9,0,-0.8649253249168396,-0.8649253249168396,T,5.5830841064453125,0.03159274160861969,-0.019143257290124893,0.990994393825531,0.005607694387435913,0.003397917840629816,T,-0.40915462374687195,0.0452955961227417,0.05214659869670868,0.8076533675193787,0.08941153436899185,0.10293511301279068,0.42127060890197754,0.2832464873790741,0.29548293352127075,True,True,True
test,ydzNAuqUAnc$_$6,0,-0.4287793040275574,-0.4287793040275574,T,3.450481653213501,0.03160904347896576,0.04091563820838928,0.9794139266014099,0.008972179144620895,0.01161384116858244,T,-0.31830519437789917,0.07534521818161011,0.08405612409114838,0.6663194894790649,0.15772280097007751,0.17595764994621277,0.5157999396324158,0.27778956294059753,0.2064104527235031,True,True,True
test,yoDMh8FlHR8$_$0,2,0.38248616456985474,0.38248616456985474,T,-0.9957174062728882,0.3544735312461853,0.38835301995277405,0.5727306604385376,0.20389105379581451,0.22337833046913147,A,0.03469423949718475,0.05108179897069931,0.02742491103708744,0.306483656167984,0.4512488543987274,0.24226750433444977,0.50095534324646,0.2429431527853012,0.25610145926475525,True,True,True
test,yzCHa2qchpg$_$1,1,0.0,0.18535998463630676,T,1.4637115001678467,-0.26110219955444336,-0.1473851501941681,0.7818141579627991,0.13946285843849182,0.07872302085161209,A,-0.034314848482608795,0.047446466982364655,0.03374176099896431,0.2970903515815735,0.41078099608421326,0.29212868213653564,0.47199583053588867,0.24780382215976715,0.2802003026008606,True,True,True
test,yzCHa2qchpg$_$2,2,1.4767704010009766,1.4767704010009766,T,5.957059860229492,0.1600213199853897,0.7065527439117432,0.8730040192604065,0.02345103956758976,0.1035449355840683,T,0.40584832429885864,0.035550933331251144,0.08264323323965073,0.7744569182395935,0.06783979386091232,0.15770331025123596,0.4392359256744385,0.35122883319854736,0.20953525602817535,True,True,True
test,z441aDJvAcU$_$20,2,0.6953213214874268,0.6953213214874268,T,2.620572566986084,0.10523958504199982,0.3161727786064148,0.8614679574966431,0.03459569439291954,0.1039363369345665,T,0.19253486394882202,-0.0035746204666793346,0.0321107916533947,0.8436360955238342,0.0156630277633667,0.14070086181163788,0.4291587471961975,0.30939948558807373,0.261441707611084,True,True,True
test,z441aDJvAcU$_$21,2,0.7872524261474609,0.7872524261474609,T,3.5714645385742188,0.12940160930156708,0.031792763620615005,0.9568150639533997,0.03466740623116493,0.00851745717227459,T,0.2404651641845703,0.007497110404074192,0.005748583935201168,0.947792112827301,0.029549820348620415,0.022658012807369232,0.3947639465332031,0.2980295419692993,0.30720654129981995,True,True,True
test,z441aDJvAcU$_$22,1,0.0,-0.06311225146055222,T,1.5280381441116333,0.0061322106048464775,0.1350383758544922,0.9154266119003296,0.003673722967505455,0.08089963346719742,T,-0.05597022548317909,0.0057201324962079525,0.014217495918273926,0.7373443245887756,0.07535626739263535,0.18729940056800842,0.44478923082351685,0.2742106318473816,0.28100016713142395,True,True,True
test,zfZUOvZZTuk$_$1,1,0.0,-0.26646503806114197,T,2.459409236907959,-0.013818450272083282,-0.029239118099212646,0.982793927192688,0.00552193121984601,0.011684117838740349,T,-0.07472928613424301,-0.015518931671977043,-0.013800235465168953,0.7182162404060364,0.149151012301445,0.132632777094841,0.45971423387527466,0.26528769731521606,0.2749980688095093,True,True,True
test,zfZUOvZZTuk$_$8,1,0.0,-0.0764845460653305,T,1.4192143678665161,-0.026142630726099014,-0.11129429191350937,0.9117099046707153,0.016794146969914436,0.07149597257375717,T,-0.032335925847291946,-0.0024667256511747837,-0.005689803045243025,0.7985666394233704,0.06091815233230591,0.14051513373851776,0.44148027896881104,0.28219348192214966,0.2763262391090393,True,True,True
test,zhNksSReaQk$_$27,2,0.18164466321468353,0.18164466321468353,T,0.6477110981941223,0.2869971692562103,0.1117909848690033,0.618931233882904,0.2742449939250946,0.10682375729084015,A,0.02590317837893963,0.0349002331495285,-0.015173123218119144,0.340936541557312,0.4593554139137268,0.1997080147266388,0.44984593987464905,0.2559569478034973,0.2941971719264984,True,True,True
test,zhNksSReaQk$_$44,2,0.6614629030227661,0.6614629030227661,T,4.114655494689941,0.2819623053073883,0.08889663964509964,0.917320728302002,0.0628606379032135,0.019818603992462158,T,0.16848528385162354,0.04767929017543793,-0.0069880736991763115,0.7550225257873535,0.21366222202777863,0.03131521865725517,0.402689129114151,0.2786756455898285,0.3186351954936981,True,True,True
test,zhNksSReaQk$_$28,0,-0.27114149928092957,-0.27114149928092957,T,1.4792017936706543,0.0032644569873809814,0.10107766091823578,0.9341084957122803,0.0020614881068468094,0.06383003294467926,T,-0.2302975356578827,0.048586517572402954,0.07609113305807114,0.648770809173584,0.13687299191951752,0.2143561989068985,0.5071740746498108,0.2426997423171997,0.2501262426376343,True,True,True
test,zhNksSReaQk$_$1,1,0.0,0.13979050517082214,T,1.1042485237121582,-0.29303908348083496,-0.29068002104759216,0.6541882157325745,0.17360468208789825,0.17220710217952728,A,-0.03040122240781784,0.0349847748875618,0.027054959908127785,0.32887178659439087,0.37845537066459656,0.29267287254333496,0.4815923869609833,0.25501778721809387,0.26338985562324524,True,True,True
test,zhNksSReaQk$_$4,0,-0.9767534136772156,-0.9767534136772156,T,5.511867046356201,0.05447116121649742,0.11767227202653885,0.9697144627571106,0.009583226405084133,0.020702332258224487,T,-0.449407696723938,0.07377726584672928,0.022757112979888916,0.8231783509254456,0.13513754308223724,0.041684117168188095,0.44129520654678345,0.2607201039791107,0.29798468947410583,True,True,True
test,zhNksSReaQk$_$15,1,0.0,-0.0007635410875082016,T,1.6012362241744995,-0.09846428036689758,-0.2701132297515869,0.8128871321678162,0.049986593425273895,0.13712628185749054,T,-0.07455576956272125,0.055107735097408295,0.0042014289647340775,0.5569477677345276,0.41166672110557556,0.03138558566570282,0.46964192390441895,0.28032153844833374,0.2500365078449249,True,True,True
test,zhNksSReaQk$_$36,0,-0.6476738452911377,-0.6476738452911377,T,4.367775917053223,0.01712535135447979,0.08464318513870239,0.9772306680679321,0.0038315653800964355,0.018937766551971436,T,-0.29110199213027954,0.03896017745137215,0.01780727505683899,0.8368138670921326,0.11199654638767242,0.05118953436613083,0.4335920810699463,0.28737330436706543,0.27903464436531067,True,True,True
special,01,1,0.0,0.15103042125701904,T,1.7857853174209595,-0.06486020982265472,-0.0011786026880145073,0.964338481426239,0.035025037825107574,0.0006364549626596272,T,0.03073631227016449,0.018796633929014206,-0.014138961210846901,0.48272955417633057,0.2952107787132263,0.22205963730812073,0.45382046699523926,0.2688509225845337,0.27732861042022705,True,True,True
special,02,2,9.999999974752427e-07,-0.03470904380083084,T,0.40642672777175903,-0.12457632273435593,-0.015092898160219193,0.7442404627799988,0.22812166810035706,0.027637813240289688,V,0.01999061554670334,-0.014532548375427723,-0.03202034905552864,0.30041420459747314,0.21839167177677155,0.4811941683292389,0.40836453437805176,0.2942790985107422,0.29735639691352844,True,True,True
special,03,0,-0.6587620377540588,-0.6587620377540588,T,3.9605047702789307,-0.016382604837417603,-0.04549333080649376,0.9846170544624329,0.0040728626772761345,0.011310050264000893,T,-0.2799893021583557,0.03181320056319237,0.009961496107280254,0.8701697587966919,0.09887122362852097,0.03095901384949684,0.4376564025878906,0.27611738443374634,0.28622621297836304,True,True,True
special,04,0,-0.4144037365913391,-0.4144037365913391,T,3.7018401622772217,0.011639997363090515,0.038079023361206055,0.9867470860481262,0.003102709073573351,0.010150185786187649,T,-0.3236232399940491,0.06974872201681137,0.0998590886592865,0.6561290621757507,0.14141185581684113,0.20245903730392456,0.5481701493263245,0.2572636306285858,0.1945662647485733,True,True,True
special,05,2,0.798313558101654,0.798313558101654,T,3.340175151824951,0.14844241738319397,0.5860532522201538,0.8197411298751831,0.03643053025007248,0.1438283622264862,T,0.19927555322647095,0.010277152061462402,0.048121996223926544,0.7733609676361084,0.039884213358163834,0.18675483763217926,0.4527862071990967,0.33134332299232483,0.21587052941322327,True,True,True
special,06,2,0.9138823747634888,0.9138823747634888,T,4.79665994644165,0.18742260336875916,-0.14046382904052734,0.9360164403915405,0.03657349944114685,0.027410002425312996,T,0.3268788456916809,0.05680980160832405,-0.08406813442707062,0.6988222002983093,0.12145157903432846,0.17972615361213684,0.3899836540222168,0.2802126705646515,0.3298037052154541,True,True,True
special,07,2,0.8534539937973022,0.8534539937973022,T,2.6153359413146973,0.06320204585790634,0.21129396557807922,0.9050131440162659,0.02187049202620983,0.07311634719371796,T,0.23403146862983704,0.015775665640830994,0.0277557373046875,0.8431656360626221,0.05683637037873268,0.09999802708625793,0.41416817903518677,0.3018926680088043,0.2839391827583313,True,True,True
special,08,2,0.5174393653869629,0.5174393653869629,T,4.1136698722839355,0.019198156893253326,-0.044872865080833435,0.9846637845039368,0.004595344420522451,0.010740941390395164,T,0.23347947001457214,-0.007529822178184986,-0.0667203962802887,0.7587161064147949,0.02446894906461239,0.21681495010852814,0.3777984082698822,0.3037630617618561,0.31843847036361694,True,True,True
special,09,0,-2.293168544769287,-2.293168544769287,T,9.986863136291504,0.01947326585650444,-0.03067823499441147,0.9950034022331238,0.001940145273692906,0.003056510118767619,T,-1.0778108835220337,0.06351742148399353,-0.007388720754534006,0.9382736086845398,0.0552942268550396,0.006432150490581989,0.4122147262096405,0.25376954674720764,0.33401569724082947,True,True,True
special,10,0,-2.159799098968506,-2.159799098968506,T,9.580050468444824,0.06026264652609825,-0.0006238967180252075,0.9936845898628235,0.006250704638659954,6.471329106716439e-05,T,-1.0216026306152344,0.059971775859594345,0.039132747799158096,0.9115696549415588,0.053512442857027054,0.03491790592670441,0.44338464736938477,0.26732492446899414,0.2892904579639435,True,True,True
special,11,0,-1.7402122020721436,-1.7402122020721436,T,6.779362678527832,-0.03570052608847618,0.0051605794578790665,0.9940088391304016,0.005234509240835905,0.0007566583808511496,T,-0.6485898494720459,-0.011097840033471584,-0.0178737323731184,0.957241415977478,0.016379091888666153,0.026379501447081566,0.40053069591522217,0.3093266487121582,0.290142685174942,True,True,True
special,12,0,-0.6896350979804993,-0.6896350979804993,T,4.16517448425293,-0.11155763268470764,0.03506217151880264,0.9659956693649292,0.025872670114040375,0.008131689392030239,T,-0.24656949937343597,0.01859479397535324,-0.021078435704112053,0.8614000678062439,0.06496162712574005,0.07363832741975784,0.41464757919311523,0.2805134057998657,0.30483901500701904,True,True,True
special,13,1,0.0,0.11312393099069595,T,1.8411974906921387,-0.13282214105129242,0.0,0.9327148795127869,0.06728511303663254,0.0,T,0.014337653294205666,0.008396131917834282,0.0,0.6306760311126709,0.3693239688873291,0.0,0.640612781047821,0.35938721895217896,0.0,True,True,False
special,14,1,0.0,0.2018175721168518,T,3.669964075088501,-0.19792377948760986,-0.6822236776351929,0.8065657019615173,0.04349866136908531,0.14993558824062347,V,-0.07230930030345917,0.04374215006828308,0.08094935119152069,0.36705079674720764,0.22204047441482544,0.4109087288379669,0.57797771692276,0.2929649353027344,0.1290573626756668,True,True,True
special,15,2,0.6386650800704956,0.6386650800704956,T,2.562700033187866,0.5240339636802673,0.3946933150291443,0.7361060976982117,0.15052272379398346,0.1133711189031601,T,0.13749203085899353,0.01026013121008873,0.05345065891742706,0.6833503842353821,0.05099397152662277,0.26565560698509216,0.4763917922973633,0.2497420459985733,0.273866206407547,True,True,True
special,16,0,-2.6363441944122314,-2.6363441944122314,T,10.65891170501709,0.0013642488047480583,-0.10196440666913986,0.9903989434242249,0.0001267625339096412,0.009474272839725018,T,-1.3986546993255615,0.013303080573678017,-3.1931325793266296e-05,0.9905558824539185,0.009421514347195625,2.2614418412558734e-05,0.3951055407524109,0.2917526662349701,0.3131418228149414,True,True,True
special,17,2,1.7645349502563477,1.7645349502563477,T,7.287353038787842,0.1284841001033783,0.32746046781539917,0.941117525100708,0.01659294404089451,0.04228953644633293,T,0.6162136793136597,0.009227560833096504,0.03444288298487663,0.9338210225105286,0.013983607292175293,0.05219534784555435,0.37702202796936035,0.3259231746196747,0.29705479741096497,True,True,True
special,18,0,-0.5240976214408875,-0.5240976214408875,T,1.397430658340454,-0.0013135634362697601,-0.09934823215007782,0.9328067302703857,0.0008768240222707391,0.06631649285554886,T,-0.23843112587928772,0.03926517069339752,0.00766416359692812,0.8355435729026794,0.13759848475456238,0.026857830584049225,0.45224010944366455,0.2503354251384735,0.29742446541786194,True,True,True
special,19,2,0.630868673324585,0.630868673324585,T,1.7238577604293823,0.19514819979667664,0.4972655177116394,0.7134371399879456,0.08076418936252594,0.2057987004518509,T,0.1189216896891594,0.0041162241250276566,0.0754442811012268,0.5991554856300354,0.0207385066896677,0.3801060616970062,0.4597186744213104,0.30271902680397034,0.23756229877471924,True,True,True
special,20,2,0.5035297870635986,0.5035297870635986,T,1.4070277214050293,0.38757580518722534,0.44217365980148315,0.629042387008667,0.1732742041349411,0.19768336415290833,T,0.10192251950502396,0.014685099013149738,0.037846848368644714,0.6598871350288391,0.09507720172405243,0.24503563344478607,0.4823797047138214,0.2626113295555115,0.2550089657306671,True,True,True
